id,module,name,path,route,evidence_level,evidence_ref,status,notes
EDGE-0001,agent,page_controller,PAGE-0001,CTRL-0003,S,static name/path token overlap from AOT catalogs,linked,PAGE-0001 -[page_controller]-> CTRL-0003; token_overlap:agent
EDGE-0002,accounting,page_controller,PAGE-0009,CTRL-0002,S,static name/path token overlap from AOT catalogs,linked,PAGE-0009 -[page_controller]-> CTRL-0002; token_overlap:accounting
EDGE-0003,accounting,page_controller,PAGE-0010,CTRL-0002,S,static name/path token overlap from AOT catalogs,linked,PAGE-0010 -[page_controller]-> CTRL-0002; token_overlap:accounting
EDGE-0004,accounting,page_controller,PAGE-0011,CTRL-0002,S,static name/path token overlap from AOT catalogs,linked,PAGE-0011 -[page_controller]-> CTRL-0002; token_overlap:accounting
EDGE-0005,list,page_controller,PAGE-0015,CTRL-0013,S,static name/path token overlap from AOT catalogs,linked,PAGE-0015 -[page_controller]-> CTRL-0013; token_overlap:list
EDGE-0006,list,page_controller,PAGE-0015,CTRL-0017,S,static name/path token overlap from AOT catalogs,linked,PAGE-0015 -[page_controller]-> CTRL-0017; token_overlap:list
EDGE-0007,list,page_controller,PAGE-0015,CTRL-0018,S,static name/path token overlap from AOT catalogs,linked,PAGE-0015 -[page_controller]-> CTRL-0018; token_overlap:list
EDGE-0008,list,page_controller,PAGE-0015,CTRL-0026,S,static name/path token overlap from AOT catalogs,linked,PAGE-0015 -[page_controller]-> CTRL-0026; token_overlap:list
EDGE-0009,list,page_controller,PAGE-0015,CTRL-0029,S,static name/path token overlap from AOT catalogs,linked,PAGE-0015 -[page_controller]-> CTRL-0029; token_overlap:list
EDGE-0010,list,page_controller,PAGE-0015,CTRL-0031,S,static name/path token overlap from AOT catalogs,linked,PAGE-0015 -[page_controller]-> CTRL-0031; token_overlap:list
EDGE-0011,list,page_controller,PAGE-0015,CTRL-0032,S,static name/path token overlap from AOT catalogs,linked,PAGE-0015 -[page_controller]-> CTRL-0032; token_overlap:list
EDGE-0012,list,page_controller,PAGE-0016,CTRL-0013,S,static name/path token overlap from AOT catalogs,linked,PAGE-0016 -[page_controller]-> CTRL-0013; token_overlap:list
EDGE-0013,list,page_controller,PAGE-0016,CTRL-0017,S,static name/path token overlap from AOT catalogs,linked,PAGE-0016 -[page_controller]-> CTRL-0017; token_overlap:list
EDGE-0014,list,page_controller,PAGE-0016,CTRL-0018,S,static name/path token overlap from AOT catalogs,linked,PAGE-0016 -[page_controller]-> CTRL-0018; token_overlap:list
EDGE-0015,list,page_controller,PAGE-0016,CTRL-0026,S,static name/path token overlap from AOT catalogs,linked,PAGE-0016 -[page_controller]-> CTRL-0026; token_overlap:list
EDGE-0016,list,page_controller,PAGE-0016,CTRL-0029,S,static name/path token overlap from AOT catalogs,linked,PAGE-0016 -[page_controller]-> CTRL-0029; token_overlap:list
EDGE-0017,list,page_controller,PAGE-0016,CTRL-0031,S,static name/path token overlap from AOT catalogs,linked,PAGE-0016 -[page_controller]-> CTRL-0031; token_overlap:list
EDGE-0018,list,page_controller,PAGE-0016,CTRL-0032,S,static name/path token overlap from AOT catalogs,linked,PAGE-0016 -[page_controller]-> CTRL-0032; token_overlap:list
EDGE-0019,list,page_controller,PAGE-0017,CTRL-0013,S,static name/path token overlap from AOT catalogs,linked,PAGE-0017 -[page_controller]-> CTRL-0013; token_overlap:list
EDGE-0020,list,page_controller,PAGE-0017,CTRL-0017,S,static name/path token overlap from AOT catalogs,linked,PAGE-0017 -[page_controller]-> CTRL-0017; token_overlap:list
EDGE-0021,list,page_controller,PAGE-0017,CTRL-0018,S,static name/path token overlap from AOT catalogs,linked,PAGE-0017 -[page_controller]-> CTRL-0018; token_overlap:list
EDGE-0022,list,page_controller,PAGE-0017,CTRL-0026,S,static name/path token overlap from AOT catalogs,linked,PAGE-0017 -[page_controller]-> CTRL-0026; token_overlap:list
EDGE-0023,list,page_controller,PAGE-0017,CTRL-0029,S,static name/path token overlap from AOT catalogs,linked,PAGE-0017 -[page_controller]-> CTRL-0029; token_overlap:list
EDGE-0024,list,page_controller,PAGE-0017,CTRL-0031,S,static name/path token overlap from AOT catalogs,linked,PAGE-0017 -[page_controller]-> CTRL-0031; token_overlap:list
EDGE-0025,list,page_controller,PAGE-0017,CTRL-0032,S,static name/path token overlap from AOT catalogs,linked,PAGE-0017 -[page_controller]-> CTRL-0032; token_overlap:list
EDGE-0026,breeding,page_controller,PAGE-0023,CTRL-0009,S,static name/path token overlap from AOT catalogs,linked,PAGE-0023 -[page_controller]-> CTRL-0009; token_overlap:breeding
EDGE-0027,"breeding,plan",page_controller,PAGE-0024,CTRL-0009,S,static name/path token overlap from AOT catalogs,linked,"PAGE-0024 -[page_controller]-> CTRL-0009; token_overlap:breeding,plan"
EDGE-0028,calendar,page_controller,PAGE-0025,CTRL-0010,S,static name/path token overlap from AOT catalogs,linked,PAGE-0025 -[page_controller]-> CTRL-0010; token_overlap:calendar
EDGE-0029,calendar,page_controller,PAGE-0026,CTRL-0010,S,static name/path token overlap from AOT catalogs,linked,PAGE-0026 -[page_controller]-> CTRL-0010; token_overlap:calendar
EDGE-0030,calendar,page_controller,PAGE-0027,CTRL-0010,S,static name/path token overlap from AOT catalogs,linked,PAGE-0027 -[page_controller]-> CTRL-0010; token_overlap:calendar
EDGE-0031,calendar,page_controller,PAGE-0028,CTRL-0010,S,static name/path token overlap from AOT catalogs,linked,PAGE-0028 -[page_controller]-> CTRL-0010; token_overlap:calendar
EDGE-0032,cat,page_controller,PAGE-0029,CTRL-0007,S,static name/path token overlap from AOT catalogs,linked,PAGE-0029 -[page_controller]-> CTRL-0007; token_overlap:cat
EDGE-0033,cat,page_controller,PAGE-0029,CTRL-0012,S,static name/path token overlap from AOT catalogs,linked,PAGE-0029 -[page_controller]-> CTRL-0012; token_overlap:cat
EDGE-0034,cat,page_controller,PAGE-0030,CTRL-0007,S,static name/path token overlap from AOT catalogs,linked,PAGE-0030 -[page_controller]-> CTRL-0007; token_overlap:cat
EDGE-0035,cat,page_controller,PAGE-0030,CTRL-0012,S,static name/path token overlap from AOT catalogs,linked,PAGE-0030 -[page_controller]-> CTRL-0012; token_overlap:cat
EDGE-0036,cat,page_controller,PAGE-0031,CTRL-0007,S,static name/path token overlap from AOT catalogs,linked,PAGE-0031 -[page_controller]-> CTRL-0007; token_overlap:cat
EDGE-0037,cat,page_controller,PAGE-0031,CTRL-0012,S,static name/path token overlap from AOT catalogs,linked,PAGE-0031 -[page_controller]-> CTRL-0012; token_overlap:cat
EDGE-0038,cat,page_controller,PAGE-0032,CTRL-0007,S,static name/path token overlap from AOT catalogs,linked,PAGE-0032 -[page_controller]-> CTRL-0007; token_overlap:cat
EDGE-0039,cat,page_controller,PAGE-0032,CTRL-0012,S,static name/path token overlap from AOT catalogs,linked,PAGE-0032 -[page_controller]-> CTRL-0012; token_overlap:cat
EDGE-0040,cat,page_controller,PAGE-0033,CTRL-0007,S,static name/path token overlap from AOT catalogs,linked,PAGE-0033 -[page_controller]-> CTRL-0007; token_overlap:cat
EDGE-0041,cat,page_controller,PAGE-0033,CTRL-0012,S,static name/path token overlap from AOT catalogs,linked,PAGE-0033 -[page_controller]-> CTRL-0012; token_overlap:cat
EDGE-0042,cat,page_controller,PAGE-0034,CTRL-0007,S,static name/path token overlap from AOT catalogs,linked,PAGE-0034 -[page_controller]-> CTRL-0007; token_overlap:cat
EDGE-0043,cat,page_controller,PAGE-0034,CTRL-0012,S,static name/path token overlap from AOT catalogs,linked,PAGE-0034 -[page_controller]-> CTRL-0012; token_overlap:cat
EDGE-0044,cat,page_controller,PAGE-0035,CTRL-0007,S,static name/path token overlap from AOT catalogs,linked,PAGE-0035 -[page_controller]-> CTRL-0007; token_overlap:cat
EDGE-0045,cat,page_controller,PAGE-0035,CTRL-0012,S,static name/path token overlap from AOT catalogs,linked,PAGE-0035 -[page_controller]-> CTRL-0012; token_overlap:cat
EDGE-0046,"door,door_list,list",page_controller,PAGE-0049,CTRL-0013,S,static name/path token overlap from AOT catalogs,linked,"PAGE-0049 -[page_controller]-> CTRL-0013; token_overlap:door,door_list,list"
EDGE-0047,list,page_controller,PAGE-0049,CTRL-0017,S,static name/path token overlap from AOT catalogs,linked,PAGE-0049 -[page_controller]-> CTRL-0017; token_overlap:list
EDGE-0048,list,page_controller,PAGE-0049,CTRL-0018,S,static name/path token overlap from AOT catalogs,linked,PAGE-0049 -[page_controller]-> CTRL-0018; token_overlap:list
EDGE-0049,list,page_controller,PAGE-0049,CTRL-0026,S,static name/path token overlap from AOT catalogs,linked,PAGE-0049 -[page_controller]-> CTRL-0026; token_overlap:list
EDGE-0050,list,page_controller,PAGE-0049,CTRL-0029,S,static name/path token overlap from AOT catalogs,linked,PAGE-0049 -[page_controller]-> CTRL-0029; token_overlap:list
EDGE-0051,list,page_controller,PAGE-0049,CTRL-0031,S,static name/path token overlap from AOT catalogs,linked,PAGE-0049 -[page_controller]-> CTRL-0031; token_overlap:list
EDGE-0052,list,page_controller,PAGE-0049,CTRL-0032,S,static name/path token overlap from AOT catalogs,linked,PAGE-0049 -[page_controller]-> CTRL-0032; token_overlap:list
EDGE-0053,"door,door_list,list",page_controller,PAGE-0050,CTRL-0013,S,static name/path token overlap from AOT catalogs,linked,"PAGE-0050 -[page_controller]-> CTRL-0013; token_overlap:door,door_list,list"
EDGE-0054,list,page_controller,PAGE-0050,CTRL-0017,S,static name/path token overlap from AOT catalogs,linked,PAGE-0050 -[page_controller]-> CTRL-0017; token_overlap:list
EDGE-0055,list,page_controller,PAGE-0050,CTRL-0018,S,static name/path token overlap from AOT catalogs,linked,PAGE-0050 -[page_controller]-> CTRL-0018; token_overlap:list
EDGE-0056,list,page_controller,PAGE-0050,CTRL-0026,S,static name/path token overlap from AOT catalogs,linked,PAGE-0050 -[page_controller]-> CTRL-0026; token_overlap:list
EDGE-0057,list,page_controller,PAGE-0050,CTRL-0029,S,static name/path token overlap from AOT catalogs,linked,PAGE-0050 -[page_controller]-> CTRL-0029; token_overlap:list
EDGE-0058,list,page_controller,PAGE-0050,CTRL-0031,S,static name/path token overlap from AOT catalogs,linked,PAGE-0050 -[page_controller]-> CTRL-0031; token_overlap:list
EDGE-0059,list,page_controller,PAGE-0050,CTRL-0032,S,static name/path token overlap from AOT catalogs,linked,PAGE-0050 -[page_controller]-> CTRL-0032; token_overlap:list
EDGE-0060,event,page_controller,PAGE-0051,CTRL-0014,S,static name/path token overlap from AOT catalogs,linked,PAGE-0051 -[page_controller]-> CTRL-0014; token_overlap:event
EDGE-0061,record,page_controller,PAGE-0051,CTRL-0027,S,static name/path token overlap from AOT catalogs,linked,PAGE-0051 -[page_controller]-> CTRL-0027; token_overlap:record
EDGE-0062,record,page_controller,PAGE-0051,CTRL-0029,S,static name/path token overlap from AOT catalogs,linked,PAGE-0051 -[page_controller]-> CTRL-0029; token_overlap:record
EDGE-0063,event,page_controller,PAGE-0052,CTRL-0014,S,static name/path token overlap from AOT catalogs,linked,PAGE-0052 -[page_controller]-> CTRL-0014; token_overlap:event
EDGE-0064,record,page_controller,PAGE-0052,CTRL-0027,S,static name/path token overlap from AOT catalogs,linked,PAGE-0052 -[page_controller]-> CTRL-0027; token_overlap:record
EDGE-0065,record,page_controller,PAGE-0052,CTRL-0029,S,static name/path token overlap from AOT catalogs,linked,PAGE-0052 -[page_controller]-> CTRL-0029; token_overlap:record
EDGE-0066,"event,event_reminder,reminder",page_controller,PAGE-0053,CTRL-0014,S,static name/path token overlap from AOT catalogs,linked,"PAGE-0053 -[page_controller]-> CTRL-0014; token_overlap:event,event_reminder,reminder"
EDGE-0067,"event,event_reminder,reminder",page_controller,PAGE-0054,CTRL-0014,S,static name/path token overlap from AOT catalogs,linked,"PAGE-0054 -[page_controller]-> CTRL-0014; token_overlap:event,event_reminder,reminder"
EDGE-0068,category,page_controller,PAGE-0058,CTRL-0002,S,static name/path token overlap from AOT catalogs,linked,PAGE-0058 -[page_controller]-> CTRL-0002; token_overlap:category
EDGE-0069,management,page_controller,PAGE-0058,CTRL-0008,S,static name/path token overlap from AOT catalogs,linked,PAGE-0058 -[page_controller]-> CTRL-0008; token_overlap:management
EDGE-0070,"category,category_management,management",page_controller,PAGE-0058,CTRL-0011,S,static name/path token overlap from AOT catalogs,linked,"PAGE-0058 -[page_controller]-> CTRL-0011; token_overlap:category,category_management,management"
EDGE-0071,financial,page_controller,PAGE-0058,CTRL-0015,S,static name/path token overlap from AOT catalogs,linked,PAGE-0058 -[page_controller]-> CTRL-0015; token_overlap:financial
EDGE-0072,financial,page_controller,PAGE-0058,CTRL-0016,S,static name/path token overlap from AOT catalogs,linked,PAGE-0058 -[page_controller]-> CTRL-0016; token_overlap:financial
EDGE-0073,management,page_controller,PAGE-0058,CTRL-0019,S,static name/path token overlap from AOT catalogs,linked,PAGE-0058 -[page_controller]-> CTRL-0019; token_overlap:management
EDGE-0074,management,page_controller,PAGE-0058,CTRL-0020,S,static name/path token overlap from AOT catalogs,linked,PAGE-0058 -[page_controller]-> CTRL-0020; token_overlap:management
EDGE-0075,management,page_controller,PAGE-0058,CTRL-0028,S,static name/path token overlap from AOT catalogs,linked,PAGE-0058 -[page_controller]-> CTRL-0028; token_overlap:management
EDGE-0076,management,page_controller,PAGE-0058,CTRL-0030,S,static name/path token overlap from AOT catalogs,linked,PAGE-0058 -[page_controller]-> CTRL-0030; token_overlap:management
EDGE-0077,financial,page_controller,PAGE-0059,CTRL-0015,S,static name/path token overlap from AOT catalogs,linked,PAGE-0059 -[page_controller]-> CTRL-0015; token_overlap:financial
EDGE-0078,financial,page_controller,PAGE-0059,CTRL-0016,S,static name/path token overlap from AOT catalogs,linked,PAGE-0059 -[page_controller]-> CTRL-0016; token_overlap:financial
EDGE-0079,"financial,financial_main,main",page_controller,PAGE-0060,CTRL-0015,S,static name/path token overlap from AOT catalogs,linked,"PAGE-0060 -[page_controller]-> CTRL-0015; token_overlap:financial,financial_main,main"
EDGE-0080,financial,page_controller,PAGE-0060,CTRL-0016,S,static name/path token overlap from AOT catalogs,linked,PAGE-0060 -[page_controller]-> CTRL-0016; token_overlap:financial
EDGE-0081,main,page_controller,PAGE-0060,CTRL-0021,S,static name/path token overlap from AOT catalogs,linked,PAGE-0060 -[page_controller]-> CTRL-0021; token_overlap:main
EDGE-0082,list,page_controller,PAGE-0061,CTRL-0013,S,static name/path token overlap from AOT catalogs,linked,PAGE-0061 -[page_controller]-> CTRL-0013; token_overlap:list
EDGE-0083,financial,page_controller,PAGE-0061,CTRL-0015,S,static name/path token overlap from AOT catalogs,linked,PAGE-0061 -[page_controller]-> CTRL-0015; token_overlap:financial
EDGE-0084,financial,page_controller,PAGE-0061,CTRL-0016,S,static name/path token overlap from AOT catalogs,linked,PAGE-0061 -[page_controller]-> CTRL-0016; token_overlap:financial
EDGE-0085,list,page_controller,PAGE-0061,CTRL-0017,S,static name/path token overlap from AOT catalogs,linked,PAGE-0061 -[page_controller]-> CTRL-0017; token_overlap:list
EDGE-0086,list,page_controller,PAGE-0061,CTRL-0018,S,static name/path token overlap from AOT catalogs,linked,PAGE-0061 -[page_controller]-> CTRL-0018; token_overlap:list
EDGE-0087,list,page_controller,PAGE-0061,CTRL-0026,S,static name/path token overlap from AOT catalogs,linked,PAGE-0061 -[page_controller]-> CTRL-0026; token_overlap:list
EDGE-0088,record,page_controller,PAGE-0061,CTRL-0027,S,static name/path token overlap from AOT catalogs,linked,PAGE-0061 -[page_controller]-> CTRL-0027; token_overlap:record
EDGE-0089,"list,record,record_list",page_controller,PAGE-0061,CTRL-0029,S,static name/path token overlap from AOT catalogs,linked,"PAGE-0061 -[page_controller]-> CTRL-0029; token_overlap:list,record,record_list"
EDGE-0090,list,page_controller,PAGE-0061,CTRL-0031,S,static name/path token overlap from AOT catalogs,linked,PAGE-0061 -[page_controller]-> CTRL-0031; token_overlap:list
EDGE-0091,list,page_controller,PAGE-0061,CTRL-0032,S,static name/path token overlap from AOT catalogs,linked,PAGE-0061 -[page_controller]-> CTRL-0032; token_overlap:list
EDGE-0092,financial,page_controller,PAGE-0062,CTRL-0015,S,static name/path token overlap from AOT catalogs,linked,PAGE-0062 -[page_controller]-> CTRL-0015; token_overlap:financial
EDGE-0093,financial,page_controller,PAGE-0062,CTRL-0016,S,static name/path token overlap from AOT catalogs,linked,PAGE-0062 -[page_controller]-> CTRL-0016; token_overlap:financial
EDGE-0094,category,page_controller,PAGE-0063,CTRL-0002,S,static name/path token overlap from AOT catalogs,linked,PAGE-0063 -[page_controller]-> CTRL-0002; token_overlap:category
EDGE-0095,category,page_controller,PAGE-0063,CTRL-0011,S,static name/path token overlap from AOT catalogs,linked,PAGE-0063 -[page_controller]-> CTRL-0011; token_overlap:category
EDGE-0096,financial,page_controller,PAGE-0063,CTRL-0015,S,static name/path token overlap from AOT catalogs,linked,PAGE-0063 -[page_controller]-> CTRL-0015; token_overlap:financial
EDGE-0097,financial,page_controller,PAGE-0063,CTRL-0016,S,static name/path token overlap from AOT catalogs,linked,PAGE-0063 -[page_controller]-> CTRL-0016; token_overlap:financial
EDGE-0098,financial,page_controller,PAGE-0064,CTRL-0015,S,static name/path token overlap from AOT catalogs,linked,PAGE-0064 -[page_controller]-> CTRL-0015; token_overlap:financial
EDGE-0099,financial,page_controller,PAGE-0064,CTRL-0016,S,static name/path token overlap from AOT catalogs,linked,PAGE-0064 -[page_controller]-> CTRL-0016; token_overlap:financial
EDGE-0100,financial,page_controller,PAGE-0065,CTRL-0015,S,static name/path token overlap from AOT catalogs,linked,PAGE-0065 -[page_controller]-> CTRL-0015; token_overlap:financial
EDGE-0101,financial,page_controller,PAGE-0065,CTRL-0016,S,static name/path token overlap from AOT catalogs,linked,PAGE-0065 -[page_controller]-> CTRL-0016; token_overlap:financial
EDGE-0102,financial,page_controller,PAGE-0066,CTRL-0015,S,static name/path token overlap from AOT catalogs,linked,PAGE-0066 -[page_controller]-> CTRL-0015; token_overlap:financial
EDGE-0103,financial,page_controller,PAGE-0066,CTRL-0016,S,static name/path token overlap from AOT catalogs,linked,PAGE-0066 -[page_controller]-> CTRL-0016; token_overlap:financial
EDGE-0104,record,page_controller,PAGE-0066,CTRL-0027,S,static name/path token overlap from AOT catalogs,linked,PAGE-0066 -[page_controller]-> CTRL-0027; token_overlap:record
EDGE-0105,record,page_controller,PAGE-0066,CTRL-0029,S,static name/path token overlap from AOT catalogs,linked,PAGE-0066 -[page_controller]-> CTRL-0029; token_overlap:record
EDGE-0106,list,page_controller,PAGE-0067,CTRL-0013,S,static name/path token overlap from AOT catalogs,linked,PAGE-0067 -[page_controller]-> CTRL-0013; token_overlap:list
EDGE-0107,financial,page_controller,PAGE-0067,CTRL-0015,S,static name/path token overlap from AOT catalogs,linked,PAGE-0067 -[page_controller]-> CTRL-0015; token_overlap:financial
EDGE-0108,financial,page_controller,PAGE-0067,CTRL-0016,S,static name/path token overlap from AOT catalogs,linked,PAGE-0067 -[page_controller]-> CTRL-0016; token_overlap:financial
EDGE-0109,list,page_controller,PAGE-0067,CTRL-0017,S,static name/path token overlap from AOT catalogs,linked,PAGE-0067 -[page_controller]-> CTRL-0017; token_overlap:list
EDGE-0110,list,page_controller,PAGE-0067,CTRL-0018,S,static name/path token overlap from AOT catalogs,linked,PAGE-0067 -[page_controller]-> CTRL-0018; token_overlap:list
EDGE-0111,list,page_controller,PAGE-0067,CTRL-0026,S,static name/path token overlap from AOT catalogs,linked,PAGE-0067 -[page_controller]-> CTRL-0026; token_overlap:list
EDGE-0112,record,page_controller,PAGE-0067,CTRL-0027,S,static name/path token overlap from AOT catalogs,linked,PAGE-0067 -[page_controller]-> CTRL-0027; token_overlap:record
EDGE-0113,"list,record",page_controller,PAGE-0067,CTRL-0029,S,static name/path token overlap from AOT catalogs,linked,"PAGE-0067 -[page_controller]-> CTRL-0029; token_overlap:list,record"
EDGE-0114,list,page_controller,PAGE-0067,CTRL-0031,S,static name/path token overlap from AOT catalogs,linked,PAGE-0067 -[page_controller]-> CTRL-0031; token_overlap:list
EDGE-0115,list,page_controller,PAGE-0067,CTRL-0032,S,static name/path token overlap from AOT catalogs,linked,PAGE-0067 -[page_controller]-> CTRL-0032; token_overlap:list
EDGE-0116,list,page_controller,PAGE-0068,CTRL-0013,S,static name/path token overlap from AOT catalogs,linked,PAGE-0068 -[page_controller]-> CTRL-0013; token_overlap:list
EDGE-0117,financial,page_controller,PAGE-0068,CTRL-0015,S,static name/path token overlap from AOT catalogs,linked,PAGE-0068 -[page_controller]-> CTRL-0015; token_overlap:financial
EDGE-0118,financial,page_controller,PAGE-0068,CTRL-0016,S,static name/path token overlap from AOT catalogs,linked,PAGE-0068 -[page_controller]-> CTRL-0016; token_overlap:financial
EDGE-0119,list,page_controller,PAGE-0068,CTRL-0017,S,static name/path token overlap from AOT catalogs,linked,PAGE-0068 -[page_controller]-> CTRL-0017; token_overlap:list
EDGE-0120,list,page_controller,PAGE-0068,CTRL-0018,S,static name/path token overlap from AOT catalogs,linked,PAGE-0068 -[page_controller]-> CTRL-0018; token_overlap:list
EDGE-0121,list,page_controller,PAGE-0068,CTRL-0026,S,static name/path token overlap from AOT catalogs,linked,PAGE-0068 -[page_controller]-> CTRL-0026; token_overlap:list
EDGE-0122,record,page_controller,PAGE-0068,CTRL-0027,S,static name/path token overlap from AOT catalogs,linked,PAGE-0068 -[page_controller]-> CTRL-0027; token_overlap:record
EDGE-0123,"list,record",page_controller,PAGE-0068,CTRL-0029,S,static name/path token overlap from AOT catalogs,linked,"PAGE-0068 -[page_controller]-> CTRL-0029; token_overlap:list,record"
EDGE-0124,list,page_controller,PAGE-0068,CTRL-0031,S,static name/path token overlap from AOT catalogs,linked,PAGE-0068 -[page_controller]-> CTRL-0031; token_overlap:list
EDGE-0125,list,page_controller,PAGE-0068,CTRL-0032,S,static name/path token overlap from AOT catalogs,linked,PAGE-0068 -[page_controller]-> CTRL-0032; token_overlap:list
EDGE-0126,financial,page_controller,PAGE-0069,CTRL-0015,S,static name/path token overlap from AOT catalogs,linked,PAGE-0069 -[page_controller]-> CTRL-0015; token_overlap:financial
EDGE-0127,financial,page_controller,PAGE-0069,CTRL-0016,S,static name/path token overlap from AOT catalogs,linked,PAGE-0069 -[page_controller]-> CTRL-0016; token_overlap:financial
EDGE-0128,record,page_controller,PAGE-0069,CTRL-0027,S,static name/path token overlap from AOT catalogs,linked,PAGE-0069 -[page_controller]-> CTRL-0027; token_overlap:record
EDGE-0129,record,page_controller,PAGE-0069,CTRL-0029,S,static name/path token overlap from AOT catalogs,linked,PAGE-0069 -[page_controller]-> CTRL-0029; token_overlap:record
EDGE-0130,financial,page_controller,PAGE-0070,CTRL-0015,S,static name/path token overlap from AOT catalogs,linked,PAGE-0070 -[page_controller]-> CTRL-0015; token_overlap:financial
EDGE-0131,financial,page_controller,PAGE-0070,CTRL-0016,S,static name/path token overlap from AOT catalogs,linked,PAGE-0070 -[page_controller]-> CTRL-0016; token_overlap:financial
EDGE-0132,financial,page_controller,PAGE-0071,CTRL-0015,S,static name/path token overlap from AOT catalogs,linked,PAGE-0071 -[page_controller]-> CTRL-0015; token_overlap:financial
EDGE-0133,financial,page_controller,PAGE-0071,CTRL-0016,S,static name/path token overlap from AOT catalogs,linked,PAGE-0071 -[page_controller]-> CTRL-0016; token_overlap:financial
EDGE-0134,grooming,page_controller,PAGE-0075,CTRL-0017,S,static name/path token overlap from AOT catalogs,linked,PAGE-0075 -[page_controller]-> CTRL-0017; token_overlap:grooming
EDGE-0135,grooming,page_controller,PAGE-0076,CTRL-0017,S,static name/path token overlap from AOT catalogs,linked,PAGE-0076 -[page_controller]-> CTRL-0017; token_overlap:grooming
EDGE-0136,grooming,page_controller,PAGE-0077,CTRL-0017,S,static name/path token overlap from AOT catalogs,linked,PAGE-0077 -[page_controller]-> CTRL-0017; token_overlap:grooming
EDGE-0137,list,page_controller,PAGE-0078,CTRL-0013,S,static name/path token overlap from AOT catalogs,linked,PAGE-0078 -[page_controller]-> CTRL-0013; token_overlap:list
EDGE-0138,"grooming,grooming_list,list",page_controller,PAGE-0078,CTRL-0017,S,static name/path token overlap from AOT catalogs,linked,"PAGE-0078 -[page_controller]-> CTRL-0017; token_overlap:grooming,grooming_list,list"
EDGE-0139,list,page_controller,PAGE-0078,CTRL-0018,S,static name/path token overlap from AOT catalogs,linked,PAGE-0078 -[page_controller]-> CTRL-0018; token_overlap:list
EDGE-0140,list,page_controller,PAGE-0078,CTRL-0026,S,static name/path token overlap from AOT catalogs,linked,PAGE-0078 -[page_controller]-> CTRL-0026; token_overlap:list
EDGE-0141,list,page_controller,PAGE-0078,CTRL-0029,S,static name/path token overlap from AOT catalogs,linked,PAGE-0078 -[page_controller]-> CTRL-0029; token_overlap:list
EDGE-0142,list,page_controller,PAGE-0078,CTRL-0031,S,static name/path token overlap from AOT catalogs,linked,PAGE-0078 -[page_controller]-> CTRL-0031; token_overlap:list
EDGE-0143,list,page_controller,PAGE-0078,CTRL-0032,S,static name/path token overlap from AOT catalogs,linked,PAGE-0078 -[page_controller]-> CTRL-0032; token_overlap:list
EDGE-0144,record,page_controller,PAGE-0079,CTRL-0027,S,static name/path token overlap from AOT catalogs,linked,PAGE-0079 -[page_controller]-> CTRL-0027; token_overlap:record
EDGE-0145,record,page_controller,PAGE-0079,CTRL-0029,S,static name/path token overlap from AOT catalogs,linked,PAGE-0079 -[page_controller]-> CTRL-0029; token_overlap:record
EDGE-0146,record,page_controller,PAGE-0080,CTRL-0027,S,static name/path token overlap from AOT catalogs,linked,PAGE-0080 -[page_controller]-> CTRL-0027; token_overlap:record
EDGE-0147,record,page_controller,PAGE-0080,CTRL-0029,S,static name/path token overlap from AOT catalogs,linked,PAGE-0080 -[page_controller]-> CTRL-0029; token_overlap:record
EDGE-0148,invite,page_controller,PAGE-0081,CTRL-0022,S,static name/path token overlap from AOT catalogs,linked,PAGE-0081 -[page_controller]-> CTRL-0022; token_overlap:invite
EDGE-0149,invite,page_controller,PAGE-0082,CTRL-0022,S,static name/path token overlap from AOT catalogs,linked,PAGE-0082 -[page_controller]-> CTRL-0022; token_overlap:invite
EDGE-0150,invite,page_controller,PAGE-0083,CTRL-0022,S,static name/path token overlap from AOT catalogs,linked,PAGE-0083 -[page_controller]-> CTRL-0022; token_overlap:invite
EDGE-0151,list,page_controller,PAGE-0084,CTRL-0013,S,static name/path token overlap from AOT catalogs,linked,PAGE-0084 -[page_controller]-> CTRL-0013; token_overlap:list
EDGE-0152,list,page_controller,PAGE-0084,CTRL-0017,S,static name/path token overlap from AOT catalogs,linked,PAGE-0084 -[page_controller]-> CTRL-0017; token_overlap:list
EDGE-0153,"knife,knife_list,list",page_controller,PAGE-0084,CTRL-0018,S,static name/path token overlap from AOT catalogs,linked,"PAGE-0084 -[page_controller]-> CTRL-0018; token_overlap:knife,knife_list,list"
EDGE-0154,list,page_controller,PAGE-0084,CTRL-0026,S,static name/path token overlap from AOT catalogs,linked,PAGE-0084 -[page_controller]-> CTRL-0026; token_overlap:list
EDGE-0155,list,page_controller,PAGE-0084,CTRL-0029,S,static name/path token overlap from AOT catalogs,linked,PAGE-0084 -[page_controller]-> CTRL-0029; token_overlap:list
EDGE-0156,list,page_controller,PAGE-0084,CTRL-0031,S,static name/path token overlap from AOT catalogs,linked,PAGE-0084 -[page_controller]-> CTRL-0031; token_overlap:list
EDGE-0157,list,page_controller,PAGE-0084,CTRL-0032,S,static name/path token overlap from AOT catalogs,linked,PAGE-0084 -[page_controller]-> CTRL-0032; token_overlap:list
EDGE-0158,list,page_controller,PAGE-0085,CTRL-0013,S,static name/path token overlap from AOT catalogs,linked,PAGE-0085 -[page_controller]-> CTRL-0013; token_overlap:list
EDGE-0159,list,page_controller,PAGE-0085,CTRL-0017,S,static name/path token overlap from AOT catalogs,linked,PAGE-0085 -[page_controller]-> CTRL-0017; token_overlap:list
EDGE-0160,"knife,knife_list,list",page_controller,PAGE-0085,CTRL-0018,S,static name/path token overlap from AOT catalogs,linked,"PAGE-0085 -[page_controller]-> CTRL-0018; token_overlap:knife,knife_list,list"
EDGE-0161,list,page_controller,PAGE-0085,CTRL-0026,S,static name/path token overlap from AOT catalogs,linked,PAGE-0085 -[page_controller]-> CTRL-0026; token_overlap:list
EDGE-0162,list,page_controller,PAGE-0085,CTRL-0029,S,static name/path token overlap from AOT catalogs,linked,PAGE-0085 -[page_controller]-> CTRL-0029; token_overlap:list
EDGE-0163,list,page_controller,PAGE-0085,CTRL-0031,S,static name/path token overlap from AOT catalogs,linked,PAGE-0085 -[page_controller]-> CTRL-0031; token_overlap:list
EDGE-0164,list,page_controller,PAGE-0085,CTRL-0032,S,static name/path token overlap from AOT catalogs,linked,PAGE-0085 -[page_controller]-> CTRL-0032; token_overlap:list
EDGE-0165,main,page_controller,PAGE-0086,CTRL-0015,S,static name/path token overlap from AOT catalogs,linked,PAGE-0086 -[page_controller]-> CTRL-0015; token_overlap:main
EDGE-0166,main,page_controller,PAGE-0086,CTRL-0021,S,static name/path token overlap from AOT catalogs,linked,PAGE-0086 -[page_controller]-> CTRL-0021; token_overlap:main
EDGE-0167,main,page_controller,PAGE-0087,CTRL-0015,S,static name/path token overlap from AOT catalogs,linked,PAGE-0087 -[page_controller]-> CTRL-0015; token_overlap:main
EDGE-0168,main,page_controller,PAGE-0087,CTRL-0021,S,static name/path token overlap from AOT catalogs,linked,PAGE-0087 -[page_controller]-> CTRL-0021; token_overlap:main
EDGE-0169,"breed,breed_management,management",page_controller,PAGE-0088,CTRL-0008,S,static name/path token overlap from AOT catalogs,linked,"PAGE-0088 -[page_controller]-> CTRL-0008; token_overlap:breed,breed_management,management"
EDGE-0170,management,page_controller,PAGE-0088,CTRL-0011,S,static name/path token overlap from AOT catalogs,linked,PAGE-0088 -[page_controller]-> CTRL-0011; token_overlap:management
EDGE-0171,management,page_controller,PAGE-0088,CTRL-0019,S,static name/path token overlap from AOT catalogs,linked,PAGE-0088 -[page_controller]-> CTRL-0019; token_overlap:management
EDGE-0172,management,page_controller,PAGE-0088,CTRL-0020,S,static name/path token overlap from AOT catalogs,linked,PAGE-0088 -[page_controller]-> CTRL-0020; token_overlap:management
EDGE-0173,management,page_controller,PAGE-0088,CTRL-0028,S,static name/path token overlap from AOT catalogs,linked,PAGE-0088 -[page_controller]-> CTRL-0028; token_overlap:management
EDGE-0174,management,page_controller,PAGE-0088,CTRL-0030,S,static name/path token overlap from AOT catalogs,linked,PAGE-0088 -[page_controller]-> CTRL-0030; token_overlap:management
EDGE-0175,management,page_controller,PAGE-0089,CTRL-0008,S,static name/path token overlap from AOT catalogs,linked,PAGE-0089 -[page_controller]-> CTRL-0008; token_overlap:management
EDGE-0176,"breeding,plan",page_controller,PAGE-0089,CTRL-0009,S,static name/path token overlap from AOT catalogs,linked,"PAGE-0089 -[page_controller]-> CTRL-0009; token_overlap:breeding,plan"
EDGE-0177,management,page_controller,PAGE-0089,CTRL-0011,S,static name/path token overlap from AOT catalogs,linked,PAGE-0089 -[page_controller]-> CTRL-0011; token_overlap:management
EDGE-0178,management,page_controller,PAGE-0089,CTRL-0019,S,static name/path token overlap from AOT catalogs,linked,PAGE-0089 -[page_controller]-> CTRL-0019; token_overlap:management
EDGE-0179,management,page_controller,PAGE-0089,CTRL-0020,S,static name/path token overlap from AOT catalogs,linked,PAGE-0089 -[page_controller]-> CTRL-0020; token_overlap:management
EDGE-0180,management,page_controller,PAGE-0089,CTRL-0028,S,static name/path token overlap from AOT catalogs,linked,PAGE-0089 -[page_controller]-> CTRL-0028; token_overlap:management
EDGE-0181,management,page_controller,PAGE-0089,CTRL-0030,S,static name/path token overlap from AOT catalogs,linked,PAGE-0089 -[page_controller]-> CTRL-0030; token_overlap:management
EDGE-0182,management,page_controller,PAGE-0090,CTRL-0008,S,static name/path token overlap from AOT catalogs,linked,PAGE-0090 -[page_controller]-> CTRL-0008; token_overlap:management
EDGE-0183,management,page_controller,PAGE-0090,CTRL-0011,S,static name/path token overlap from AOT catalogs,linked,PAGE-0090 -[page_controller]-> CTRL-0011; token_overlap:management
EDGE-0184,management,page_controller,PAGE-0090,CTRL-0019,S,static name/path token overlap from AOT catalogs,linked,PAGE-0090 -[page_controller]-> CTRL-0019; token_overlap:management
EDGE-0185,management,page_controller,PAGE-0090,CTRL-0020,S,static name/path token overlap from AOT catalogs,linked,PAGE-0090 -[page_controller]-> CTRL-0020; token_overlap:management
EDGE-0186,management,page_controller,PAGE-0090,CTRL-0028,S,static name/path token overlap from AOT catalogs,linked,PAGE-0090 -[page_controller]-> CTRL-0028; token_overlap:management
EDGE-0187,management,page_controller,PAGE-0090,CTRL-0030,S,static name/path token overlap from AOT catalogs,linked,PAGE-0090 -[page_controller]-> CTRL-0030; token_overlap:management
EDGE-0188,management,page_controller,PAGE-0091,CTRL-0008,S,static name/path token overlap from AOT catalogs,linked,PAGE-0091 -[page_controller]-> CTRL-0008; token_overlap:management
EDGE-0189,management,page_controller,PAGE-0091,CTRL-0011,S,static name/path token overlap from AOT catalogs,linked,PAGE-0091 -[page_controller]-> CTRL-0011; token_overlap:management
EDGE-0190,"level,level_management,management",page_controller,PAGE-0091,CTRL-0019,S,static name/path token overlap from AOT catalogs,linked,"PAGE-0091 -[page_controller]-> CTRL-0019; token_overlap:level,level_management,management"
EDGE-0191,management,page_controller,PAGE-0091,CTRL-0020,S,static name/path token overlap from AOT catalogs,linked,PAGE-0091 -[page_controller]-> CTRL-0020; token_overlap:management
EDGE-0192,level,page_controller,PAGE-0091,CTRL-0023,S,static name/path token overlap from AOT catalogs,linked,PAGE-0091 -[page_controller]-> CTRL-0023; token_overlap:level
EDGE-0193,management,page_controller,PAGE-0091,CTRL-0028,S,static name/path token overlap from AOT catalogs,linked,PAGE-0091 -[page_controller]-> CTRL-0028; token_overlap:management
EDGE-0194,management,page_controller,PAGE-0091,CTRL-0030,S,static name/path token overlap from AOT catalogs,linked,PAGE-0091 -[page_controller]-> CTRL-0030; token_overlap:management
EDGE-0195,management,page_controller,PAGE-0092,CTRL-0008,S,static name/path token overlap from AOT catalogs,linked,PAGE-0092 -[page_controller]-> CTRL-0008; token_overlap:management
EDGE-0196,management,page_controller,PAGE-0092,CTRL-0011,S,static name/path token overlap from AOT catalogs,linked,PAGE-0092 -[page_controller]-> CTRL-0011; token_overlap:management
EDGE-0197,management,page_controller,PAGE-0092,CTRL-0019,S,static name/path token overlap from AOT catalogs,linked,PAGE-0092 -[page_controller]-> CTRL-0019; token_overlap:management
EDGE-0198,management,page_controller,PAGE-0092,CTRL-0020,S,static name/path token overlap from AOT catalogs,linked,PAGE-0092 -[page_controller]-> CTRL-0020; token_overlap:management
EDGE-0199,"management,tag",page_controller,PAGE-0092,CTRL-0028,S,static name/path token overlap from AOT catalogs,linked,"PAGE-0092 -[page_controller]-> CTRL-0028; token_overlap:management,tag"
EDGE-0200,"management,tag,tag_management",page_controller,PAGE-0092,CTRL-0030,S,static name/path token overlap from AOT catalogs,linked,"PAGE-0092 -[page_controller]-> CTRL-0030; token_overlap:management,tag,tag_management"
EDGE-0201,"invite,member,member_invite",page_controller,PAGE-0097,CTRL-0022,S,static name/path token overlap from AOT catalogs,linked,"PAGE-0097 -[page_controller]-> CTRL-0022; token_overlap:invite,member,member_invite"
EDGE-0202,member,page_controller,PAGE-0097,CTRL-0023,S,static name/path token overlap from AOT catalogs,linked,PAGE-0097 -[page_controller]-> CTRL-0023; token_overlap:member
EDGE-0203,level,page_controller,PAGE-0098,CTRL-0019,S,static name/path token overlap from AOT catalogs,linked,PAGE-0098 -[page_controller]-> CTRL-0019; token_overlap:level
EDGE-0204,member,page_controller,PAGE-0098,CTRL-0022,S,static name/path token overlap from AOT catalogs,linked,PAGE-0098 -[page_controller]-> CTRL-0022; token_overlap:member
EDGE-0205,"level,member,member_level",page_controller,PAGE-0098,CTRL-0023,S,static name/path token overlap from AOT catalogs,linked,"PAGE-0098 -[page_controller]-> CTRL-0023; token_overlap:level,member,member_level"
EDGE-0206,list,page_controller,PAGE-0099,CTRL-0013,S,static name/path token overlap from AOT catalogs,linked,PAGE-0099 -[page_controller]-> CTRL-0013; token_overlap:list
EDGE-0207,list,page_controller,PAGE-0099,CTRL-0017,S,static name/path token overlap from AOT catalogs,linked,PAGE-0099 -[page_controller]-> CTRL-0017; token_overlap:list
EDGE-0208,list,page_controller,PAGE-0099,CTRL-0018,S,static name/path token overlap from AOT catalogs,linked,PAGE-0099 -[page_controller]-> CTRL-0018; token_overlap:list
EDGE-0209,level,page_controller,PAGE-0099,CTRL-0019,S,static name/path token overlap from AOT catalogs,linked,PAGE-0099 -[page_controller]-> CTRL-0019; token_overlap:level
EDGE-0210,member,page_controller,PAGE-0099,CTRL-0022,S,static name/path token overlap from AOT catalogs,linked,PAGE-0099 -[page_controller]-> CTRL-0022; token_overlap:member
EDGE-0211,"level,member,member_level",page_controller,PAGE-0099,CTRL-0023,S,static name/path token overlap from AOT catalogs,linked,"PAGE-0099 -[page_controller]-> CTRL-0023; token_overlap:level,member,member_level"
EDGE-0212,list,page_controller,PAGE-0099,CTRL-0026,S,static name/path token overlap from AOT catalogs,linked,PAGE-0099 -[page_controller]-> CTRL-0026; token_overlap:list
EDGE-0213,list,page_controller,PAGE-0099,CTRL-0029,S,static name/path token overlap from AOT catalogs,linked,PAGE-0099 -[page_controller]-> CTRL-0029; token_overlap:list
EDGE-0214,list,page_controller,PAGE-0099,CTRL-0031,S,static name/path token overlap from AOT catalogs,linked,PAGE-0099 -[page_controller]-> CTRL-0031; token_overlap:list
EDGE-0215,list,page_controller,PAGE-0099,CTRL-0032,S,static name/path token overlap from AOT catalogs,linked,PAGE-0099 -[page_controller]-> CTRL-0032; token_overlap:list
EDGE-0216,management,page_controller,PAGE-0100,CTRL-0008,S,static name/path token overlap from AOT catalogs,linked,PAGE-0100 -[page_controller]-> CTRL-0008; token_overlap:management
EDGE-0217,management,page_controller,PAGE-0100,CTRL-0011,S,static name/path token overlap from AOT catalogs,linked,PAGE-0100 -[page_controller]-> CTRL-0011; token_overlap:management
EDGE-0218,management,page_controller,PAGE-0100,CTRL-0019,S,static name/path token overlap from AOT catalogs,linked,PAGE-0100 -[page_controller]-> CTRL-0019; token_overlap:management
EDGE-0219,management,page_controller,PAGE-0100,CTRL-0020,S,static name/path token overlap from AOT catalogs,linked,PAGE-0100 -[page_controller]-> CTRL-0020; token_overlap:management
EDGE-0220,member,page_controller,PAGE-0100,CTRL-0022,S,static name/path token overlap from AOT catalogs,linked,PAGE-0100 -[page_controller]-> CTRL-0022; token_overlap:member
EDGE-0221,member,page_controller,PAGE-0100,CTRL-0023,S,static name/path token overlap from AOT catalogs,linked,PAGE-0100 -[page_controller]-> CTRL-0023; token_overlap:member
EDGE-0222,management,page_controller,PAGE-0100,CTRL-0028,S,static name/path token overlap from AOT catalogs,linked,PAGE-0100 -[page_controller]-> CTRL-0028; token_overlap:management
EDGE-0223,management,page_controller,PAGE-0100,CTRL-0030,S,static name/path token overlap from AOT catalogs,linked,PAGE-0100 -[page_controller]-> CTRL-0030; token_overlap:management
EDGE-0224,management,page_controller,PAGE-0101,CTRL-0008,S,static name/path token overlap from AOT catalogs,linked,PAGE-0101 -[page_controller]-> CTRL-0008; token_overlap:management
EDGE-0225,management,page_controller,PAGE-0101,CTRL-0011,S,static name/path token overlap from AOT catalogs,linked,PAGE-0101 -[page_controller]-> CTRL-0011; token_overlap:management
EDGE-0226,management,page_controller,PAGE-0101,CTRL-0019,S,static name/path token overlap from AOT catalogs,linked,PAGE-0101 -[page_controller]-> CTRL-0019; token_overlap:management
EDGE-0227,management,page_controller,PAGE-0101,CTRL-0020,S,static name/path token overlap from AOT catalogs,linked,PAGE-0101 -[page_controller]-> CTRL-0020; token_overlap:management
EDGE-0228,member,page_controller,PAGE-0101,CTRL-0022,S,static name/path token overlap from AOT catalogs,linked,PAGE-0101 -[page_controller]-> CTRL-0022; token_overlap:member
EDGE-0229,member,page_controller,PAGE-0101,CTRL-0023,S,static name/path token overlap from AOT catalogs,linked,PAGE-0101 -[page_controller]-> CTRL-0023; token_overlap:member
EDGE-0230,management,page_controller,PAGE-0101,CTRL-0028,S,static name/path token overlap from AOT catalogs,linked,PAGE-0101 -[page_controller]-> CTRL-0028; token_overlap:management
EDGE-0231,management,page_controller,PAGE-0101,CTRL-0030,S,static name/path token overlap from AOT catalogs,linked,PAGE-0101 -[page_controller]-> CTRL-0030; token_overlap:management
EDGE-0232,management,page_controller,PAGE-0102,CTRL-0008,S,static name/path token overlap from AOT catalogs,linked,PAGE-0102 -[page_controller]-> CTRL-0008; token_overlap:management
EDGE-0233,management,page_controller,PAGE-0102,CTRL-0011,S,static name/path token overlap from AOT catalogs,linked,PAGE-0102 -[page_controller]-> CTRL-0011; token_overlap:management
EDGE-0234,management,page_controller,PAGE-0102,CTRL-0019,S,static name/path token overlap from AOT catalogs,linked,PAGE-0102 -[page_controller]-> CTRL-0019; token_overlap:management
EDGE-0235,management,page_controller,PAGE-0102,CTRL-0020,S,static name/path token overlap from AOT catalogs,linked,PAGE-0102 -[page_controller]-> CTRL-0020; token_overlap:management
EDGE-0236,member,page_controller,PAGE-0102,CTRL-0022,S,static name/path token overlap from AOT catalogs,linked,PAGE-0102 -[page_controller]-> CTRL-0022; token_overlap:member
EDGE-0237,member,page_controller,PAGE-0102,CTRL-0023,S,static name/path token overlap from AOT catalogs,linked,PAGE-0102 -[page_controller]-> CTRL-0023; token_overlap:member
EDGE-0238,management,page_controller,PAGE-0102,CTRL-0028,S,static name/path token overlap from AOT catalogs,linked,PAGE-0102 -[page_controller]-> CTRL-0028; token_overlap:management
EDGE-0239,management,page_controller,PAGE-0102,CTRL-0030,S,static name/path token overlap from AOT catalogs,linked,PAGE-0102 -[page_controller]-> CTRL-0030; token_overlap:management
EDGE-0240,member,page_controller,PAGE-0103,CTRL-0022,S,static name/path token overlap from AOT catalogs,linked,PAGE-0103 -[page_controller]-> CTRL-0022; token_overlap:member
EDGE-0241,member,page_controller,PAGE-0103,CTRL-0023,S,static name/path token overlap from AOT catalogs,linked,PAGE-0103 -[page_controller]-> CTRL-0023; token_overlap:member
EDGE-0242,member,page_controller,PAGE-0104,CTRL-0022,S,static name/path token overlap from AOT catalogs,linked,PAGE-0104 -[page_controller]-> CTRL-0022; token_overlap:member
EDGE-0243,member,page_controller,PAGE-0104,CTRL-0023,S,static name/path token overlap from AOT catalogs,linked,PAGE-0104 -[page_controller]-> CTRL-0023; token_overlap:member
EDGE-0244,merchant,page_controller,PAGE-0105,CTRL-0024,S,static name/path token overlap from AOT catalogs,linked,PAGE-0105 -[page_controller]-> CTRL-0024; token_overlap:merchant
EDGE-0245,merchant,page_controller,PAGE-0106,CTRL-0024,S,static name/path token overlap from AOT catalogs,linked,PAGE-0106 -[page_controller]-> CTRL-0024; token_overlap:merchant
EDGE-0246,merchant,page_controller,PAGE-0107,CTRL-0024,S,static name/path token overlap from AOT catalogs,linked,PAGE-0107 -[page_controller]-> CTRL-0024; token_overlap:merchant
EDGE-0247,overview,page_controller,PAGE-0120,CTRL-0016,S,static name/path token overlap from AOT catalogs,linked,PAGE-0120 -[page_controller]-> CTRL-0016; token_overlap:overview
EDGE-0248,overview,page_controller,PAGE-0120,CTRL-0025,S,static name/path token overlap from AOT catalogs,linked,PAGE-0120 -[page_controller]-> CTRL-0025; token_overlap:overview
EDGE-0249,management,page_controller,PAGE-0127,CTRL-0008,S,static name/path token overlap from AOT catalogs,linked,PAGE-0127 -[page_controller]-> CTRL-0008; token_overlap:management
EDGE-0250,management,page_controller,PAGE-0127,CTRL-0011,S,static name/path token overlap from AOT catalogs,linked,PAGE-0127 -[page_controller]-> CTRL-0011; token_overlap:management
EDGE-0251,management,page_controller,PAGE-0127,CTRL-0019,S,static name/path token overlap from AOT catalogs,linked,PAGE-0127 -[page_controller]-> CTRL-0019; token_overlap:management
EDGE-0252,management,page_controller,PAGE-0127,CTRL-0020,S,static name/path token overlap from AOT catalogs,linked,PAGE-0127 -[page_controller]-> CTRL-0020; token_overlap:management
EDGE-0253,management,page_controller,PAGE-0127,CTRL-0028,S,static name/path token overlap from AOT catalogs,linked,PAGE-0127 -[page_controller]-> CTRL-0028; token_overlap:management
EDGE-0254,management,page_controller,PAGE-0127,CTRL-0030,S,static name/path token overlap from AOT catalogs,linked,PAGE-0127 -[page_controller]-> CTRL-0030; token_overlap:management
EDGE-0255,list,page_controller,PAGE-0128,CTRL-0013,S,static name/path token overlap from AOT catalogs,linked,PAGE-0128 -[page_controller]-> CTRL-0013; token_overlap:list
EDGE-0256,list,page_controller,PAGE-0128,CTRL-0017,S,static name/path token overlap from AOT catalogs,linked,PAGE-0128 -[page_controller]-> CTRL-0017; token_overlap:list
EDGE-0257,list,page_controller,PAGE-0128,CTRL-0018,S,static name/path token overlap from AOT catalogs,linked,PAGE-0128 -[page_controller]-> CTRL-0018; token_overlap:list
EDGE-0258,"list,queue,queue_list",page_controller,PAGE-0128,CTRL-0026,S,static name/path token overlap from AOT catalogs,linked,"PAGE-0128 -[page_controller]-> CTRL-0026; token_overlap:list,queue,queue_list"
EDGE-0259,list,page_controller,PAGE-0128,CTRL-0029,S,static name/path token overlap from AOT catalogs,linked,PAGE-0128 -[page_controller]-> CTRL-0029; token_overlap:list
EDGE-0260,list,page_controller,PAGE-0128,CTRL-0031,S,static name/path token overlap from AOT catalogs,linked,PAGE-0128 -[page_controller]-> CTRL-0031; token_overlap:list
EDGE-0261,list,page_controller,PAGE-0128,CTRL-0032,S,static name/path token overlap from AOT catalogs,linked,PAGE-0128 -[page_controller]-> CTRL-0032; token_overlap:list
EDGE-0262,list,page_controller,PAGE-0129,CTRL-0013,S,static name/path token overlap from AOT catalogs,linked,PAGE-0129 -[page_controller]-> CTRL-0013; token_overlap:list
EDGE-0263,list,page_controller,PAGE-0129,CTRL-0017,S,static name/path token overlap from AOT catalogs,linked,PAGE-0129 -[page_controller]-> CTRL-0017; token_overlap:list
EDGE-0264,list,page_controller,PAGE-0129,CTRL-0018,S,static name/path token overlap from AOT catalogs,linked,PAGE-0129 -[page_controller]-> CTRL-0018; token_overlap:list
EDGE-0265,"list,queue,queue_list",page_controller,PAGE-0129,CTRL-0026,S,static name/path token overlap from AOT catalogs,linked,"PAGE-0129 -[page_controller]-> CTRL-0026; token_overlap:list,queue,queue_list"
EDGE-0266,list,page_controller,PAGE-0129,CTRL-0029,S,static name/path token overlap from AOT catalogs,linked,PAGE-0129 -[page_controller]-> CTRL-0029; token_overlap:list
EDGE-0267,list,page_controller,PAGE-0129,CTRL-0031,S,static name/path token overlap from AOT catalogs,linked,PAGE-0129 -[page_controller]-> CTRL-0031; token_overlap:list
EDGE-0268,list,page_controller,PAGE-0129,CTRL-0032,S,static name/path token overlap from AOT catalogs,linked,PAGE-0129 -[page_controller]-> CTRL-0032; token_overlap:list
EDGE-0269,queue,page_controller,PAGE-0130,CTRL-0026,S,static name/path token overlap from AOT catalogs,linked,PAGE-0130 -[page_controller]-> CTRL-0026; token_overlap:queue
EDGE-0270,management,page_controller,PAGE-0131,CTRL-0008,S,static name/path token overlap from AOT catalogs,linked,PAGE-0131 -[page_controller]-> CTRL-0008; token_overlap:management
EDGE-0271,management,page_controller,PAGE-0131,CTRL-0011,S,static name/path token overlap from AOT catalogs,linked,PAGE-0131 -[page_controller]-> CTRL-0011; token_overlap:management
EDGE-0272,management,page_controller,PAGE-0131,CTRL-0019,S,static name/path token overlap from AOT catalogs,linked,PAGE-0131 -[page_controller]-> CTRL-0019; token_overlap:management
EDGE-0273,management,page_controller,PAGE-0131,CTRL-0020,S,static name/path token overlap from AOT catalogs,linked,PAGE-0131 -[page_controller]-> CTRL-0020; token_overlap:management
EDGE-0274,"management,rating,rating_tag_management",page_controller,PAGE-0131,CTRL-0028,S,static name/path token overlap from AOT catalogs,linked,"PAGE-0131 -[page_controller]-> CTRL-0028; token_overlap:management,rating,rating_tag_management,tag"
EDGE-0275,"management,tag",page_controller,PAGE-0131,CTRL-0030,S,static name/path token overlap from AOT catalogs,linked,"PAGE-0131 -[page_controller]-> CTRL-0030; token_overlap:management,tag"
EDGE-0276,list,page_controller,PAGE-0136,CTRL-0013,S,static name/path token overlap from AOT catalogs,linked,PAGE-0136 -[page_controller]-> CTRL-0013; token_overlap:list
EDGE-0277,list,page_controller,PAGE-0136,CTRL-0017,S,static name/path token overlap from AOT catalogs,linked,PAGE-0136 -[page_controller]-> CTRL-0017; token_overlap:list
EDGE-0278,list,page_controller,PAGE-0136,CTRL-0018,S,static name/path token overlap from AOT catalogs,linked,PAGE-0136 -[page_controller]-> CTRL-0018; token_overlap:list
EDGE-0279,list,page_controller,PAGE-0136,CTRL-0026,S,static name/path token overlap from AOT catalogs,linked,PAGE-0136 -[page_controller]-> CTRL-0026; token_overlap:list
EDGE-0280,list,page_controller,PAGE-0136,CTRL-0029,S,static name/path token overlap from AOT catalogs,linked,PAGE-0136 -[page_controller]-> CTRL-0029; token_overlap:list
EDGE-0281,list,page_controller,PAGE-0136,CTRL-0031,S,static name/path token overlap from AOT catalogs,linked,PAGE-0136 -[page_controller]-> CTRL-0031; token_overlap:list
EDGE-0282,list,page_controller,PAGE-0136,CTRL-0032,S,static name/path token overlap from AOT catalogs,linked,PAGE-0136 -[page_controller]-> CTRL-0032; token_overlap:list
EDGE-0283,user,page_controller,PAGE-0149,CTRL-0031,S,static name/path token overlap from AOT catalogs,linked,PAGE-0149 -[page_controller]-> CTRL-0031; token_overlap:user
EDGE-0284,invite,page_controller,PAGE-0152,CTRL-0022,S,static name/path token overlap from AOT catalogs,linked,PAGE-0152 -[page_controller]-> CTRL-0022; token_overlap:invite
EDGE-0285,invite,page_controller,PAGE-0153,CTRL-0022,S,static name/path token overlap from AOT catalogs,linked,PAGE-0153 -[page_controller]-> CTRL-0022; token_overlap:invite
EDGE-0286,invite,page_controller,PAGE-0154,CTRL-0022,S,static name/path token overlap from AOT catalogs,linked,PAGE-0154 -[page_controller]-> CTRL-0022; token_overlap:invite
EDGE-0287,invite,page_controller,PAGE-0161,CTRL-0022,S,static name/path token overlap from AOT catalogs,linked,PAGE-0161 -[page_controller]-> CTRL-0022; token_overlap:invite
EDGE-0288,invite,page_controller,PAGE-0162,CTRL-0022,S,static name/path token overlap from AOT catalogs,linked,PAGE-0162 -[page_controller]-> CTRL-0022; token_overlap:invite
EDGE-0289,invite,page_controller,PAGE-0163,CTRL-0022,S,static name/path token overlap from AOT catalogs,linked,PAGE-0163 -[page_controller]-> CTRL-0022; token_overlap:invite
EDGE-0290,door,page_controller,PAGE-0176,CTRL-0013,S,static name/path token overlap from AOT catalogs,linked,PAGE-0176 -[page_controller]-> CTRL-0013; token_overlap:door
EDGE-0291,door,page_controller,PAGE-0177,CTRL-0013,S,static name/path token overlap from AOT catalogs,linked,PAGE-0177 -[page_controller]-> CTRL-0013; token_overlap:door
EDGE-0292,door,page_controller,PAGE-0178,CTRL-0013,S,static name/path token overlap from AOT catalogs,linked,PAGE-0178 -[page_controller]-> CTRL-0013; token_overlap:door
EDGE-0293,grooming,page_controller,PAGE-0182,CTRL-0017,S,static name/path token overlap from AOT catalogs,linked,PAGE-0182 -[page_controller]-> CTRL-0017; token_overlap:grooming
EDGE-0294,grooming,page_controller,PAGE-0183,CTRL-0017,S,static name/path token overlap from AOT catalogs,linked,PAGE-0183 -[page_controller]-> CTRL-0017; token_overlap:grooming
EDGE-0295,grooming,page_controller,PAGE-0184,CTRL-0017,S,static name/path token overlap from AOT catalogs,linked,PAGE-0184 -[page_controller]-> CTRL-0017; token_overlap:grooming
EDGE-0296,queue,page_controller,PAGE-0185,CTRL-0026,S,static name/path token overlap from AOT catalogs,linked,PAGE-0185 -[page_controller]-> CTRL-0026; token_overlap:queue
EDGE-0297,queue,page_controller,PAGE-0186,CTRL-0026,S,static name/path token overlap from AOT catalogs,linked,PAGE-0186 -[page_controller]-> CTRL-0026; token_overlap:queue
EDGE-0298,queue,page_controller,PAGE-0187,CTRL-0026,S,static name/path token overlap from AOT catalogs,linked,PAGE-0187 -[page_controller]-> CTRL-0026; token_overlap:queue
EDGE-0299,"after,before",page_controller,PAGE-0191,CTRL-0006,S,static name/path token overlap from AOT catalogs,linked,"PAGE-0191 -[page_controller]-> CTRL-0006; token_overlap:after,before"
EDGE-0300,user,page_controller,PAGE-0198,CTRL-0031,S,static name/path token overlap from AOT catalogs,linked,PAGE-0198 -[page_controller]-> CTRL-0031; token_overlap:user
EDGE-0301,user,page_controller,PAGE-0199,CTRL-0031,S,static name/path token overlap from AOT catalogs,linked,PAGE-0199 -[page_controller]-> CTRL-0031; token_overlap:user
EDGE-0302,user,page_controller,PAGE-0200,CTRL-0031,S,static name/path token overlap from AOT catalogs,linked,PAGE-0200 -[page_controller]-> CTRL-0031; token_overlap:user
EDGE-0303,list,page_controller,PAGE-0201,CTRL-0013,S,static name/path token overlap from AOT catalogs,linked,PAGE-0201 -[page_controller]-> CTRL-0013; token_overlap:list
EDGE-0304,list,page_controller,PAGE-0201,CTRL-0017,S,static name/path token overlap from AOT catalogs,linked,PAGE-0201 -[page_controller]-> CTRL-0017; token_overlap:list
EDGE-0305,list,page_controller,PAGE-0201,CTRL-0018,S,static name/path token overlap from AOT catalogs,linked,PAGE-0201 -[page_controller]-> CTRL-0018; token_overlap:list
EDGE-0306,list,page_controller,PAGE-0201,CTRL-0026,S,static name/path token overlap from AOT catalogs,linked,PAGE-0201 -[page_controller]-> CTRL-0026; token_overlap:list
EDGE-0307,list,page_controller,PAGE-0201,CTRL-0029,S,static name/path token overlap from AOT catalogs,linked,PAGE-0201 -[page_controller]-> CTRL-0029; token_overlap:list
EDGE-0308,"list,user,user_list",page_controller,PAGE-0201,CTRL-0031,S,static name/path token overlap from AOT catalogs,linked,"PAGE-0201 -[page_controller]-> CTRL-0031; token_overlap:list,user,user_list"
EDGE-0309,list,page_controller,PAGE-0201,CTRL-0032,S,static name/path token overlap from AOT catalogs,linked,PAGE-0201 -[page_controller]-> CTRL-0032; token_overlap:list
EDGE-0310,list,page_controller,PAGE-0202,CTRL-0013,S,static name/path token overlap from AOT catalogs,linked,PAGE-0202 -[page_controller]-> CTRL-0013; token_overlap:list
EDGE-0311,list,page_controller,PAGE-0202,CTRL-0017,S,static name/path token overlap from AOT catalogs,linked,PAGE-0202 -[page_controller]-> CTRL-0017; token_overlap:list
EDGE-0312,list,page_controller,PAGE-0202,CTRL-0018,S,static name/path token overlap from AOT catalogs,linked,PAGE-0202 -[page_controller]-> CTRL-0018; token_overlap:list
EDGE-0313,list,page_controller,PAGE-0202,CTRL-0026,S,static name/path token overlap from AOT catalogs,linked,PAGE-0202 -[page_controller]-> CTRL-0026; token_overlap:list
EDGE-0314,list,page_controller,PAGE-0202,CTRL-0029,S,static name/path token overlap from AOT catalogs,linked,PAGE-0202 -[page_controller]-> CTRL-0029; token_overlap:list
EDGE-0315,"list,user,user_list",page_controller,PAGE-0202,CTRL-0031,S,static name/path token overlap from AOT catalogs,linked,"PAGE-0202 -[page_controller]-> CTRL-0031; token_overlap:list,user,user_list"
EDGE-0316,list,page_controller,PAGE-0202,CTRL-0032,S,static name/path token overlap from AOT catalogs,linked,PAGE-0202 -[page_controller]-> CTRL-0032; token_overlap:list
EDGE-0317,wish,page_controller,PAGE-0203,CTRL-0032,S,static name/path token overlap from AOT catalogs,linked,PAGE-0203 -[page_controller]-> CTRL-0032; token_overlap:wish
EDGE-0318,list,page_controller,PAGE-0204,CTRL-0013,S,static name/path token overlap from AOT catalogs,linked,PAGE-0204 -[page_controller]-> CTRL-0013; token_overlap:list
EDGE-0319,list,page_controller,PAGE-0204,CTRL-0017,S,static name/path token overlap from AOT catalogs,linked,PAGE-0204 -[page_controller]-> CTRL-0017; token_overlap:list
EDGE-0320,list,page_controller,PAGE-0204,CTRL-0018,S,static name/path token overlap from AOT catalogs,linked,PAGE-0204 -[page_controller]-> CTRL-0018; token_overlap:list
EDGE-0321,list,page_controller,PAGE-0204,CTRL-0026,S,static name/path token overlap from AOT catalogs,linked,PAGE-0204 -[page_controller]-> CTRL-0026; token_overlap:list
EDGE-0322,list,page_controller,PAGE-0204,CTRL-0029,S,static name/path token overlap from AOT catalogs,linked,PAGE-0204 -[page_controller]-> CTRL-0029; token_overlap:list
EDGE-0323,list,page_controller,PAGE-0204,CTRL-0031,S,static name/path token overlap from AOT catalogs,linked,PAGE-0204 -[page_controller]-> CTRL-0031; token_overlap:list
EDGE-0324,"list,wish,wish_list",page_controller,PAGE-0204,CTRL-0032,S,static name/path token overlap from AOT catalogs,linked,"PAGE-0204 -[page_controller]-> CTRL-0032; token_overlap:list,wish,wish_list"
EDGE-0325,list,page_controller,PAGE-0205,CTRL-0013,S,static name/path token overlap from AOT catalogs,linked,PAGE-0205 -[page_controller]-> CTRL-0013; token_overlap:list
EDGE-0326,list,page_controller,PAGE-0205,CTRL-0017,S,static name/path token overlap from AOT catalogs,linked,PAGE-0205 -[page_controller]-> CTRL-0017; token_overlap:list
EDGE-0327,list,page_controller,PAGE-0205,CTRL-0018,S,static name/path token overlap from AOT catalogs,linked,PAGE-0205 -[page_controller]-> CTRL-0018; token_overlap:list
EDGE-0328,list,page_controller,PAGE-0205,CTRL-0026,S,static name/path token overlap from AOT catalogs,linked,PAGE-0205 -[page_controller]-> CTRL-0026; token_overlap:list
EDGE-0329,list,page_controller,PAGE-0205,CTRL-0029,S,static name/path token overlap from AOT catalogs,linked,PAGE-0205 -[page_controller]-> CTRL-0029; token_overlap:list
EDGE-0330,list,page_controller,PAGE-0205,CTRL-0031,S,static name/path token overlap from AOT catalogs,linked,PAGE-0205 -[page_controller]-> CTRL-0031; token_overlap:list
EDGE-0331,"list,wish,wish_list",page_controller,PAGE-0205,CTRL-0032,S,static name/path token overlap from AOT catalogs,linked,"PAGE-0205 -[page_controller]-> CTRL-0032; token_overlap:list,wish,wish_list"
EDGE-0332,accounting,controller_service,CTRL-0002,SVC-0001,S,static name/path token overlap from AOT catalogs,linked,CTRL-0002 -[controller_service]-> SVC-0001; token_overlap:accounting
EDGE-0333,agent,controller_service,CTRL-0003,SVC-0002,S,static name/path token overlap from AOT catalogs,linked,CTRL-0003 -[controller_service]-> SVC-0002; token_overlap:agent
EDGE-0334,app,controller_service,CTRL-0004,SVC-0006,S,static name/path token overlap from AOT catalogs,linked,CTRL-0004 -[controller_service]-> SVC-0006; token_overlap:app
EDGE-0335,app,controller_service,CTRL-0005,SVC-0006,S,static name/path token overlap from AOT catalogs,linked,CTRL-0005 -[controller_service]-> SVC-0006; token_overlap:app
EDGE-0336,"after,before",controller_service,CTRL-0006,SVC-0010,S,static name/path token overlap from AOT catalogs,linked,"CTRL-0006 -[controller_service]-> SVC-0010; token_overlap:after,before"
EDGE-0337,cat,controller_service,CTRL-0007,SVC-0016,S,static name/path token overlap from AOT catalogs,linked,CTRL-0007 -[controller_service]-> SVC-0016; token_overlap:cat
EDGE-0338,cat,controller_service,CTRL-0007,SVC-0017,S,static name/path token overlap from AOT catalogs,linked,CTRL-0007 -[controller_service]-> SVC-0017; token_overlap:cat
EDGE-0339,cat,controller_service,CTRL-0007,SVC-0018,S,static name/path token overlap from AOT catalogs,linked,CTRL-0007 -[controller_service]-> SVC-0018; token_overlap:cat
EDGE-0340,breed,controller_service,CTRL-0008,SVC-0013,S,static name/path token overlap from AOT catalogs,linked,CTRL-0008 -[controller_service]-> SVC-0013; token_overlap:breed
EDGE-0341,"breeding,breeding_plan,plan",controller_service,CTRL-0009,SVC-0014,S,static name/path token overlap from AOT catalogs,linked,"CTRL-0009 -[controller_service]-> SVC-0014; token_overlap:breeding,breeding_plan,plan"
EDGE-0342,breeding,controller_service,CTRL-0009,SVC-0025,S,static name/path token overlap from AOT catalogs,linked,CTRL-0009 -[controller_service]-> SVC-0025; token_overlap:breeding
EDGE-0343,calendar,controller_service,CTRL-0010,SVC-0015,S,static name/path token overlap from AOT catalogs,linked,CTRL-0010 -[controller_service]-> SVC-0015; token_overlap:calendar
EDGE-0344,cat,controller_service,CTRL-0012,SVC-0016,S,static name/path token overlap from AOT catalogs,linked,CTRL-0012 -[controller_service]-> SVC-0016; token_overlap:cat
EDGE-0345,cat,controller_service,CTRL-0012,SVC-0017,S,static name/path token overlap from AOT catalogs,linked,CTRL-0012 -[controller_service]-> SVC-0017; token_overlap:cat
EDGE-0346,cat,controller_service,CTRL-0012,SVC-0018,S,static name/path token overlap from AOT catalogs,linked,CTRL-0012 -[controller_service]-> SVC-0018; token_overlap:cat
EDGE-0347,door,controller_service,CTRL-0013,SVC-0024,S,static name/path token overlap from AOT catalogs,linked,CTRL-0013 -[controller_service]-> SVC-0024; token_overlap:door
EDGE-0348,event,controller_service,CTRL-0014,SVC-0026,S,static name/path token overlap from AOT catalogs,linked,CTRL-0014 -[controller_service]-> SVC-0026; token_overlap:event
EDGE-0349,"event,event_reminder,reminder",controller_service,CTRL-0014,SVC-0027,S,static name/path token overlap from AOT catalogs,linked,"CTRL-0014 -[controller_service]-> SVC-0027; token_overlap:event,event_reminder,reminder"
EDGE-0350,event,controller_service,CTRL-0014,SVC-0059,S,static name/path token overlap from AOT catalogs,linked,CTRL-0014 -[controller_service]-> SVC-0059; token_overlap:event
EDGE-0351,overview,controller_service,CTRL-0016,SVC-0043,S,static name/path token overlap from AOT catalogs,linked,CTRL-0016 -[controller_service]-> SVC-0043; token_overlap:overview
EDGE-0352,grooming,controller_service,CTRL-0017,SVC-0032,S,static name/path token overlap from AOT catalogs,linked,CTRL-0017 -[controller_service]-> SVC-0032; token_overlap:grooming
EDGE-0353,knife,controller_service,CTRL-0018,SVC-0036,S,static name/path token overlap from AOT catalogs,linked,CTRL-0018 -[controller_service]-> SVC-0036; token_overlap:knife
EDGE-0354,level,controller_service,CTRL-0019,SVC-0037,S,static name/path token overlap from AOT catalogs,linked,CTRL-0019 -[controller_service]-> SVC-0037; token_overlap:level
EDGE-0355,member,controller_service,CTRL-0022,SVC-0039,S,static name/path token overlap from AOT catalogs,linked,CTRL-0022 -[controller_service]-> SVC-0039; token_overlap:member
EDGE-0356,level,controller_service,CTRL-0023,SVC-0037,S,static name/path token overlap from AOT catalogs,linked,CTRL-0023 -[controller_service]-> SVC-0037; token_overlap:level
EDGE-0357,member,controller_service,CTRL-0023,SVC-0039,S,static name/path token overlap from AOT catalogs,linked,CTRL-0023 -[controller_service]-> SVC-0039; token_overlap:member
EDGE-0358,merchant,controller_service,CTRL-0024,SVC-0040,S,static name/path token overlap from AOT catalogs,linked,CTRL-0024 -[controller_service]-> SVC-0040; token_overlap:merchant
EDGE-0359,overview,controller_service,CTRL-0025,SVC-0043,S,static name/path token overlap from AOT catalogs,linked,CTRL-0025 -[controller_service]-> SVC-0043; token_overlap:overview
EDGE-0360,queue,controller_service,CTRL-0026,SVC-0047,S,static name/path token overlap from AOT catalogs,linked,CTRL-0026 -[controller_service]-> SVC-0047; token_overlap:queue
EDGE-0361,queue,controller_service,CTRL-0026,SVC-0062,S,static name/path token overlap from AOT catalogs,linked,CTRL-0026 -[controller_service]-> SVC-0062; token_overlap:queue
EDGE-0362,record,controller_service,CTRL-0027,SVC-0026,S,static name/path token overlap from AOT catalogs,linked,CTRL-0027 -[controller_service]-> SVC-0026; token_overlap:record
EDGE-0363,record,controller_service,CTRL-0027,SVC-0033,S,static name/path token overlap from AOT catalogs,linked,CTRL-0027 -[controller_service]-> SVC-0033; token_overlap:record
EDGE-0364,record,controller_service,CTRL-0027,SVC-0050,S,static name/path token overlap from AOT catalogs,linked,CTRL-0027 -[controller_service]-> SVC-0050; token_overlap:record
EDGE-0365,"rating,tag",controller_service,CTRL-0028,SVC-0048,S,static name/path token overlap from AOT catalogs,linked,"CTRL-0028 -[controller_service]-> SVC-0048; token_overlap:rating,tag"
EDGE-0366,tag,controller_service,CTRL-0028,SVC-0056,S,static name/path token overlap from AOT catalogs,linked,CTRL-0028 -[controller_service]-> SVC-0056; token_overlap:tag
EDGE-0367,record,controller_service,CTRL-0029,SVC-0026,S,static name/path token overlap from AOT catalogs,linked,CTRL-0029 -[controller_service]-> SVC-0026; token_overlap:record
EDGE-0368,record,controller_service,CTRL-0029,SVC-0033,S,static name/path token overlap from AOT catalogs,linked,CTRL-0029 -[controller_service]-> SVC-0033; token_overlap:record
EDGE-0369,record,controller_service,CTRL-0029,SVC-0050,S,static name/path token overlap from AOT catalogs,linked,CTRL-0029 -[controller_service]-> SVC-0050; token_overlap:record
EDGE-0370,tag,controller_service,CTRL-0030,SVC-0048,S,static name/path token overlap from AOT catalogs,linked,CTRL-0030 -[controller_service]-> SVC-0048; token_overlap:tag
EDGE-0371,tag,controller_service,CTRL-0030,SVC-0056,S,static name/path token overlap from AOT catalogs,linked,CTRL-0030 -[controller_service]-> SVC-0056; token_overlap:tag
EDGE-0372,user,controller_service,CTRL-0031,SVC-0061,S,static name/path token overlap from AOT catalogs,linked,CTRL-0031 -[controller_service]-> SVC-0061; token_overlap:user
EDGE-0373,wish,controller_service,CTRL-0032,SVC-0066,S,static name/path token overlap from AOT catalogs,linked,CTRL-0032 -[controller_service]-> SVC-0066; token_overlap:wish
EDGE-0374,agent,service_entity,SVC-0002,ENT-0001,S,static name/path token overlap from AOT catalogs,linked,SVC-0002 -[service_entity]-> ENT-0001; token_overlap:agent
EDGE-0375,app,service_entity,SVC-0006,ENT-0002,S,static name/path token overlap from AOT catalogs,linked,SVC-0006 -[service_entity]-> ENT-0002; token_overlap:app
EDGE-0376,tool,service_entity,SVC-0006,ENT-0078,S,static name/path token overlap from AOT catalogs,linked,SVC-0006 -[service_entity]-> ENT-0078; token_overlap:tool
EDGE-0377,tool,service_entity,SVC-0006,ENT-0079,S,static name/path token overlap from AOT catalogs,linked,SVC-0006 -[service_entity]-> ENT-0079; token_overlap:tool
EDGE-0378,article,service_entity,SVC-0007,ENT-0003,S,static name/path token overlap from AOT catalogs,linked,SVC-0007 -[service_entity]-> ENT-0003; token_overlap:article
EDGE-0379,article,service_entity,SVC-0007,ENT-0004,S,static name/path token overlap from AOT catalogs,linked,SVC-0007 -[service_entity]-> ENT-0004; token_overlap:article
EDGE-0380,backup,service_entity,SVC-0009,ENT-0007,S,static name/path token overlap from AOT catalogs,linked,SVC-0009 -[service_entity]-> ENT-0007; token_overlap:backup
EDGE-0381,backup,service_entity,SVC-0009,ENT-0008,S,static name/path token overlap from AOT catalogs,linked,SVC-0009 -[service_entity]-> ENT-0008; token_overlap:backup
EDGE-0382,"after,before",service_entity,SVC-0010,ENT-0013,S,static name/path token overlap from AOT catalogs,linked,"SVC-0010 -[service_entity]-> ENT-0013; token_overlap:after,before"
EDGE-0383,task,service_entity,SVC-0012,ENT-0008,S,static name/path token overlap from AOT catalogs,linked,SVC-0012 -[service_entity]-> ENT-0008; token_overlap:task
EDGE-0384,"breeding,breeding_plan,plan",service_entity,SVC-0014,ENT-0014,S,static name/path token overlap from AOT catalogs,linked,"SVC-0014 -[service_entity]-> ENT-0014; token_overlap:breeding,breeding_plan,plan"
EDGE-0385,"breeding,plan",service_entity,SVC-0014,ENT-0015,S,static name/path token overlap from AOT catalogs,linked,"SVC-0014 -[service_entity]-> ENT-0015; token_overlap:breeding,plan"
EDGE-0386,"breeding,plan",service_entity,SVC-0014,ENT-0016,S,static name/path token overlap from AOT catalogs,linked,"SVC-0014 -[service_entity]-> ENT-0016; token_overlap:breeding,plan"
EDGE-0387,"breeding,plan",service_entity,SVC-0014,ENT-0017,S,static name/path token overlap from AOT catalogs,linked,"SVC-0014 -[service_entity]-> ENT-0017; token_overlap:breeding,plan"
EDGE-0388,breeding,service_entity,SVC-0014,ENT-0018,S,static name/path token overlap from AOT catalogs,linked,SVC-0014 -[service_entity]-> ENT-0018; token_overlap:breeding
EDGE-0389,breeding,service_entity,SVC-0014,ENT-0037,S,static name/path token overlap from AOT catalogs,linked,SVC-0014 -[service_entity]-> ENT-0037; token_overlap:breeding
EDGE-0390,"breeding,plan",service_entity,SVC-0014,ENT-0062,S,static name/path token overlap from AOT catalogs,linked,"SVC-0014 -[service_entity]-> ENT-0062; token_overlap:breeding,plan"
EDGE-0391,cat,service_entity,SVC-0016,ENT-0023,S,static name/path token overlap from AOT catalogs,linked,SVC-0016 -[service_entity]-> ENT-0023; token_overlap:cat
EDGE-0392,cat,service_entity,SVC-0016,ENT-0024,S,static name/path token overlap from AOT catalogs,linked,SVC-0016 -[service_entity]-> ENT-0024; token_overlap:cat
EDGE-0393,cat,service_entity,SVC-0016,ENT-0025,S,static name/path token overlap from AOT catalogs,linked,SVC-0016 -[service_entity]-> ENT-0025; token_overlap:cat
EDGE-0394,cat,service_entity,SVC-0016,ENT-0026,S,static name/path token overlap from AOT catalogs,linked,SVC-0016 -[service_entity]-> ENT-0026; token_overlap:cat
EDGE-0395,cat,service_entity,SVC-0016,ENT-0027,S,static name/path token overlap from AOT catalogs,linked,SVC-0016 -[service_entity]-> ENT-0027; token_overlap:cat
EDGE-0396,cat,service_entity,SVC-0016,ENT-0028,S,static name/path token overlap from AOT catalogs,linked,SVC-0016 -[service_entity]-> ENT-0028; token_overlap:cat
EDGE-0397,cat,service_entity,SVC-0016,ENT-0029,S,static name/path token overlap from AOT catalogs,linked,SVC-0016 -[service_entity]-> ENT-0029; token_overlap:cat
EDGE-0398,cat,service_entity,SVC-0017,ENT-0023,S,static name/path token overlap from AOT catalogs,linked,SVC-0017 -[service_entity]-> ENT-0023; token_overlap:cat
EDGE-0399,cat,service_entity,SVC-0017,ENT-0024,S,static name/path token overlap from AOT catalogs,linked,SVC-0017 -[service_entity]-> ENT-0024; token_overlap:cat
EDGE-0400,cat,service_entity,SVC-0017,ENT-0025,S,static name/path token overlap from AOT catalogs,linked,SVC-0017 -[service_entity]-> ENT-0025; token_overlap:cat
EDGE-0401,cat,service_entity,SVC-0017,ENT-0026,S,static name/path token overlap from AOT catalogs,linked,SVC-0017 -[service_entity]-> ENT-0026; token_overlap:cat
EDGE-0402,cat,service_entity,SVC-0017,ENT-0027,S,static name/path token overlap from AOT catalogs,linked,SVC-0017 -[service_entity]-> ENT-0027; token_overlap:cat
EDGE-0403,cat,service_entity,SVC-0017,ENT-0028,S,static name/path token overlap from AOT catalogs,linked,SVC-0017 -[service_entity]-> ENT-0028; token_overlap:cat
EDGE-0404,cat,service_entity,SVC-0017,ENT-0029,S,static name/path token overlap from AOT catalogs,linked,SVC-0017 -[service_entity]-> ENT-0029; token_overlap:cat
EDGE-0405,cat,service_entity,SVC-0018,ENT-0023,S,static name/path token overlap from AOT catalogs,linked,SVC-0018 -[service_entity]-> ENT-0023; token_overlap:cat
EDGE-0406,cat,service_entity,SVC-0018,ENT-0024,S,static name/path token overlap from AOT catalogs,linked,SVC-0018 -[service_entity]-> ENT-0024; token_overlap:cat
EDGE-0407,cat,service_entity,SVC-0018,ENT-0025,S,static name/path token overlap from AOT catalogs,linked,SVC-0018 -[service_entity]-> ENT-0025; token_overlap:cat
EDGE-0408,cat,service_entity,SVC-0018,ENT-0026,S,static name/path token overlap from AOT catalogs,linked,SVC-0018 -[service_entity]-> ENT-0026; token_overlap:cat
EDGE-0409,cat,service_entity,SVC-0018,ENT-0027,S,static name/path token overlap from AOT catalogs,linked,SVC-0018 -[service_entity]-> ENT-0027; token_overlap:cat
EDGE-0410,"cat,cat_weight,weight",service_entity,SVC-0018,ENT-0028,S,static name/path token overlap from AOT catalogs,linked,"SVC-0018 -[service_entity]-> ENT-0028; token_overlap:cat,cat_weight,weight"
EDGE-0411,"cat,weight",service_entity,SVC-0018,ENT-0029,S,static name/path token overlap from AOT catalogs,linked,"SVC-0018 -[service_entity]-> ENT-0029; token_overlap:cat,weight"
EDGE-0412,cdn,service_entity,SVC-0019,ENT-0030,S,static name/path token overlap from AOT catalogs,linked,SVC-0019 -[service_entity]-> ENT-0030; token_overlap:cdn
EDGE-0413,contract,service_entity,SVC-0021,ENT-0032,S,static name/path token overlap from AOT catalogs,linked,SVC-0021 -[service_entity]-> ENT-0032; token_overlap:contract
EDGE-0414,door,service_entity,SVC-0024,ENT-0035,S,static name/path token overlap from AOT catalogs,linked,SVC-0024 -[service_entity]-> ENT-0035; token_overlap:door
EDGE-0415,door,service_entity,SVC-0024,ENT-0036,S,static name/path token overlap from AOT catalogs,linked,SVC-0024 -[service_entity]-> ENT-0036; token_overlap:door
EDGE-0416,breeding,service_entity,SVC-0025,ENT-0014,S,static name/path token overlap from AOT catalogs,linked,SVC-0025 -[service_entity]-> ENT-0014; token_overlap:breeding
EDGE-0417,breeding,service_entity,SVC-0025,ENT-0015,S,static name/path token overlap from AOT catalogs,linked,SVC-0025 -[service_entity]-> ENT-0015; token_overlap:breeding
EDGE-0418,breeding,service_entity,SVC-0025,ENT-0016,S,static name/path token overlap from AOT catalogs,linked,SVC-0025 -[service_entity]-> ENT-0016; token_overlap:breeding
EDGE-0419,breeding,service_entity,SVC-0025,ENT-0017,S,static name/path token overlap from AOT catalogs,linked,SVC-0025 -[service_entity]-> ENT-0017; token_overlap:breeding
EDGE-0420,breeding,service_entity,SVC-0025,ENT-0018,S,static name/path token overlap from AOT catalogs,linked,SVC-0025 -[service_entity]-> ENT-0018; token_overlap:breeding
EDGE-0421,breeding,service_entity,SVC-0025,ENT-0037,S,static name/path token overlap from AOT catalogs,linked,SVC-0025 -[service_entity]-> ENT-0037; token_overlap:breeding
EDGE-0422,breeding,service_entity,SVC-0025,ENT-0062,S,static name/path token overlap from AOT catalogs,linked,SVC-0025 -[service_entity]-> ENT-0062; token_overlap:breeding
EDGE-0423,"event,event_record,record",service_entity,SVC-0026,ENT-0038,S,static name/path token overlap from AOT catalogs,linked,"SVC-0026 -[service_entity]-> ENT-0038; token_overlap:event,event_record,record"
EDGE-0424,event,service_entity,SVC-0026,ENT-0039,S,static name/path token overlap from AOT catalogs,linked,SVC-0026 -[service_entity]-> ENT-0039; token_overlap:event
EDGE-0425,event,service_entity,SVC-0026,ENT-0040,S,static name/path token overlap from AOT catalogs,linked,SVC-0026 -[service_entity]-> ENT-0040; token_overlap:event
EDGE-0426,record,service_entity,SVC-0026,ENT-0071,S,static name/path token overlap from AOT catalogs,linked,SVC-0026 -[service_entity]-> ENT-0071; token_overlap:record
EDGE-0427,reminder,service_entity,SVC-0027,ENT-0017,S,static name/path token overlap from AOT catalogs,linked,SVC-0027 -[service_entity]-> ENT-0017; token_overlap:reminder
EDGE-0428,event,service_entity,SVC-0027,ENT-0038,S,static name/path token overlap from AOT catalogs,linked,SVC-0027 -[service_entity]-> ENT-0038; token_overlap:event
EDGE-0429,"event,event_reminder,reminder",service_entity,SVC-0027,ENT-0039,S,static name/path token overlap from AOT catalogs,linked,"SVC-0027 -[service_entity]-> ENT-0039; token_overlap:event,event_reminder,reminder"
EDGE-0430,"event,event_reminder,reminder",service_entity,SVC-0027,ENT-0040,S,static name/path token overlap from AOT catalogs,linked,"SVC-0027 -[service_entity]-> ENT-0040; token_overlap:event,event_reminder,reminder"
EDGE-0431,genetic,service_entity,SVC-0030,ENT-0041,S,static name/path token overlap from AOT catalogs,linked,SVC-0030 -[service_entity]-> ENT-0041; token_overlap:genetic
EDGE-0432,health,service_entity,SVC-0033,ENT-0033,S,static name/path token overlap from AOT catalogs,linked,SVC-0033 -[service_entity]-> ENT-0033; token_overlap:health
EDGE-0433,health,service_entity,SVC-0033,ENT-0034,S,static name/path token overlap from AOT catalogs,linked,SVC-0033 -[service_entity]-> ENT-0034; token_overlap:health
EDGE-0434,record,service_entity,SVC-0033,ENT-0038,S,static name/path token overlap from AOT catalogs,linked,SVC-0033 -[service_entity]-> ENT-0038; token_overlap:record
EDGE-0435,health,service_entity,SVC-0033,ENT-0042,S,static name/path token overlap from AOT catalogs,linked,SVC-0033 -[service_entity]-> ENT-0042; token_overlap:health
EDGE-0436,record,service_entity,SVC-0033,ENT-0071,S,static name/path token overlap from AOT catalogs,linked,SVC-0033 -[service_entity]-> ENT-0071; token_overlap:record
EDGE-0437,image,service_entity,SVC-0034,ENT-0080,S,static name/path token overlap from AOT catalogs,linked,SVC-0034 -[service_entity]-> ENT-0080; token_overlap:image
EDGE-0438,"intro,splash",service_entity,SVC-0035,ENT-0043,S,static name/path token overlap from AOT catalogs,linked,"SVC-0035 -[service_entity]-> ENT-0043; token_overlap:intro,splash"
EDGE-0439,"intro,splash",service_entity,SVC-0035,ENT-0044,S,static name/path token overlap from AOT catalogs,linked,"SVC-0035 -[service_entity]-> ENT-0044; token_overlap:intro,splash"
EDGE-0440,knife,service_entity,SVC-0036,ENT-0045,S,static name/path token overlap from AOT catalogs,linked,SVC-0036 -[service_entity]-> ENT-0045; token_overlap:knife
EDGE-0441,knife,service_entity,SVC-0036,ENT-0046,S,static name/path token overlap from AOT catalogs,linked,SVC-0036 -[service_entity]-> ENT-0046; token_overlap:knife
EDGE-0442,level,service_entity,SVC-0037,ENT-0051,S,static name/path token overlap from AOT catalogs,linked,SVC-0037 -[service_entity]-> ENT-0051; token_overlap:level
EDGE-0443,level,service_entity,SVC-0037,ENT-0052,S,static name/path token overlap from AOT catalogs,linked,SVC-0037 -[service_entity]-> ENT-0052; token_overlap:level
EDGE-0444,member,service_entity,SVC-0039,ENT-0049,S,static name/path token overlap from AOT catalogs,linked,SVC-0039 -[service_entity]-> ENT-0049; token_overlap:member
EDGE-0445,member,service_entity,SVC-0039,ENT-0050,S,static name/path token overlap from AOT catalogs,linked,SVC-0039 -[service_entity]-> ENT-0050; token_overlap:member
EDGE-0446,member,service_entity,SVC-0039,ENT-0051,S,static name/path token overlap from AOT catalogs,linked,SVC-0039 -[service_entity]-> ENT-0051; token_overlap:member
EDGE-0447,member,service_entity,SVC-0039,ENT-0052,S,static name/path token overlap from AOT catalogs,linked,SVC-0039 -[service_entity]-> ENT-0052; token_overlap:member
EDGE-0448,member,service_entity,SVC-0039,ENT-0053,S,static name/path token overlap from AOT catalogs,linked,SVC-0039 -[service_entity]-> ENT-0053; token_overlap:member
EDGE-0449,member,service_entity,SVC-0039,ENT-0054,S,static name/path token overlap from AOT catalogs,linked,SVC-0039 -[service_entity]-> ENT-0054; token_overlap:member
EDGE-0450,member,service_entity,SVC-0039,ENT-0055,S,static name/path token overlap from AOT catalogs,linked,SVC-0039 -[service_entity]-> ENT-0055; token_overlap:member
EDGE-0451,merchant,service_entity,SVC-0040,ENT-0056,S,static name/path token overlap from AOT catalogs,linked,SVC-0040 -[service_entity]-> ENT-0056; token_overlap:merchant
EDGE-0452,"mini,program",service_entity,SVC-0041,ENT-0057,S,static name/path token overlap from AOT catalogs,linked,"SVC-0041 -[service_entity]-> ENT-0057; token_overlap:mini,program"
EDGE-0453,"mini,program",service_entity,SVC-0041,ENT-0058,S,static name/path token overlap from AOT catalogs,linked,"SVC-0041 -[service_entity]-> ENT-0058; token_overlap:mini,program"
EDGE-0454,product,service_entity,SVC-0046,ENT-0065,S,static name/path token overlap from AOT catalogs,linked,SVC-0046 -[service_entity]-> ENT-0065; token_overlap:product
EDGE-0455,product,service_entity,SVC-0046,ENT-0066,S,static name/path token overlap from AOT catalogs,linked,SVC-0046 -[service_entity]-> ENT-0066; token_overlap:product
EDGE-0456,queue,service_entity,SVC-0047,ENT-0067,S,static name/path token overlap from AOT catalogs,linked,SVC-0047 -[service_entity]-> ENT-0067; token_overlap:queue
EDGE-0457,queue,service_entity,SVC-0047,ENT-0068,S,static name/path token overlap from AOT catalogs,linked,SVC-0047 -[service_entity]-> ENT-0068; token_overlap:queue
EDGE-0458,tag,service_entity,SVC-0048,ENT-0026,S,static name/path token overlap from AOT catalogs,linked,SVC-0048 -[service_entity]-> ENT-0026; token_overlap:tag
EDGE-0459,"rating,rating_tag,tag",service_entity,SVC-0048,ENT-0069,S,static name/path token overlap from AOT catalogs,linked,"SVC-0048 -[service_entity]-> ENT-0069; token_overlap:rating,rating_tag,tag"
EDGE-0460,tag,service_entity,SVC-0048,ENT-0073,S,static name/path token overlap from AOT catalogs,linked,SVC-0048 -[service_entity]-> ENT-0073; token_overlap:tag
EDGE-0461,receipt,service_entity,SVC-0049,ENT-0070,S,static name/path token overlap from AOT catalogs,linked,SVC-0049 -[service_entity]-> ENT-0070; token_overlap:receipt
EDGE-0462,record,service_entity,SVC-0050,ENT-0038,S,static name/path token overlap from AOT catalogs,linked,SVC-0050 -[service_entity]-> ENT-0038; token_overlap:record
EDGE-0463,record,service_entity,SVC-0050,ENT-0071,S,static name/path token overlap from AOT catalogs,linked,SVC-0050 -[service_entity]-> ENT-0071; token_overlap:record
EDGE-0464,shop,service_entity,SVC-0053,ENT-0072,S,static name/path token overlap from AOT catalogs,linked,SVC-0053 -[service_entity]-> ENT-0072; token_overlap:shop
EDGE-0465,tag,service_entity,SVC-0056,ENT-0026,S,static name/path token overlap from AOT catalogs,linked,SVC-0056 -[service_entity]-> ENT-0026; token_overlap:tag
EDGE-0466,tag,service_entity,SVC-0056,ENT-0069,S,static name/path token overlap from AOT catalogs,linked,SVC-0056 -[service_entity]-> ENT-0069; token_overlap:tag
EDGE-0467,tag,service_entity,SVC-0056,ENT-0073,S,static name/path token overlap from AOT catalogs,linked,SVC-0056 -[service_entity]-> ENT-0073; token_overlap:tag
EDGE-0468,template,service_entity,SVC-0057,ENT-0032,S,static name/path token overlap from AOT catalogs,linked,SVC-0057 -[service_entity]-> ENT-0032; token_overlap:template
EDGE-0469,template,service_entity,SVC-0057,ENT-0070,S,static name/path token overlap from AOT catalogs,linked,SVC-0057 -[service_entity]-> ENT-0070; token_overlap:template
EDGE-0470,template,service_entity,SVC-0057,ENT-0074,S,static name/path token overlap from AOT catalogs,linked,SVC-0057 -[service_entity]-> ENT-0074; token_overlap:template
EDGE-0471,template,service_entity,SVC-0057,ENT-0075,S,static name/path token overlap from AOT catalogs,linked,SVC-0057 -[service_entity]-> ENT-0075; token_overlap:template
EDGE-0472,theme,service_entity,SVC-0058,ENT-0076,S,static name/path token overlap from AOT catalogs,linked,SVC-0058 -[service_entity]-> ENT-0076; token_overlap:theme
EDGE-0473,theme,service_entity,SVC-0058,ENT-0077,S,static name/path token overlap from AOT catalogs,linked,SVC-0058 -[service_entity]-> ENT-0077; token_overlap:theme
EDGE-0474,event,service_entity,SVC-0059,ENT-0038,S,static name/path token overlap from AOT catalogs,linked,SVC-0059 -[service_entity]-> ENT-0038; token_overlap:event
EDGE-0475,event,service_entity,SVC-0059,ENT-0039,S,static name/path token overlap from AOT catalogs,linked,SVC-0059 -[service_entity]-> ENT-0039; token_overlap:event
EDGE-0476,event,service_entity,SVC-0059,ENT-0040,S,static name/path token overlap from AOT catalogs,linked,SVC-0059 -[service_entity]-> ENT-0040; token_overlap:event
EDGE-0477,tool,service_entity,SVC-0060,ENT-0078,S,static name/path token overlap from AOT catalogs,linked,SVC-0060 -[service_entity]-> ENT-0078; token_overlap:tool
EDGE-0478,tool,service_entity,SVC-0060,ENT-0079,S,static name/path token overlap from AOT catalogs,linked,SVC-0060 -[service_entity]-> ENT-0079; token_overlap:tool
EDGE-0479,user,service_entity,SVC-0061,ENT-0081,S,static name/path token overlap from AOT catalogs,linked,SVC-0061 -[service_entity]-> ENT-0081; token_overlap:user
EDGE-0480,user,service_entity,SVC-0061,ENT-0082,S,static name/path token overlap from AOT catalogs,linked,SVC-0061 -[service_entity]-> ENT-0082; token_overlap:user
EDGE-0481,user,service_entity,SVC-0061,ENT-0083,S,static name/path token overlap from AOT catalogs,linked,SVC-0061 -[service_entity]-> ENT-0083; token_overlap:user
EDGE-0482,queue,service_entity,SVC-0062,ENT-0067,S,static name/path token overlap from AOT catalogs,linked,SVC-0062 -[service_entity]-> ENT-0067; token_overlap:queue
EDGE-0483,queue,service_entity,SVC-0062,ENT-0068,S,static name/path token overlap from AOT catalogs,linked,SVC-0062 -[service_entity]-> ENT-0068; token_overlap:queue
EDGE-0484,version,service_entity,SVC-0063,ENT-0002,S,static name/path token overlap from AOT catalogs,linked,SVC-0063 -[service_entity]-> ENT-0002; token_overlap:version
EDGE-0485,version,service_entity,SVC-0063,ENT-0084,S,static name/path token overlap from AOT catalogs,linked,SVC-0063 -[service_entity]-> ENT-0084; token_overlap:version
EDGE-0486,version,service_entity,SVC-0063,ENT-0085,S,static name/path token overlap from AOT catalogs,linked,SVC-0063 -[service_entity]-> ENT-0085; token_overlap:version
EDGE-0487,weight,service_entity,SVC-0064,ENT-0028,S,static name/path token overlap from AOT catalogs,linked,SVC-0064 -[service_entity]-> ENT-0028; token_overlap:weight
EDGE-0488,weight,service_entity,SVC-0064,ENT-0029,S,static name/path token overlap from AOT catalogs,linked,SVC-0064 -[service_entity]-> ENT-0029; token_overlap:weight
EDGE-0489,wish,service_entity,SVC-0066,ENT-0086,S,static name/path token overlap from AOT catalogs,linked,SVC-0066 -[service_entity]-> ENT-0086; token_overlap:wish
EDGE-0490,wish,service_entity,SVC-0066,ENT-0087,S,static name/path token overlap from AOT catalogs,linked,SVC-0066 -[service_entity]-> ENT-0087; token_overlap:wish
EDGE-0491,accounting,service_api,SVC-0001,API-APP-0003,S,static name/path token overlap from AOT catalogs,linked,SVC-0001 -[service_api]-> API-APP-0003; token_overlap:accounting
EDGE-0492,accounting,service_api,SVC-0001,API-APP-0004,S,static name/path token overlap from AOT catalogs,linked,SVC-0001 -[service_api]-> API-APP-0004; token_overlap:accounting
EDGE-0493,accounting,service_api,SVC-0001,API-APP-0005,S,static name/path token overlap from AOT catalogs,linked,SVC-0001 -[service_api]-> API-APP-0005; token_overlap:accounting
EDGE-0494,accounting,service_api,SVC-0001,API-APP-0006,S,static name/path token overlap from AOT catalogs,linked,SVC-0001 -[service_api]-> API-APP-0006; token_overlap:accounting
EDGE-0495,accounting,service_api,SVC-0001,API-APP-0007,S,static name/path token overlap from AOT catalogs,linked,SVC-0001 -[service_api]-> API-APP-0007; token_overlap:accounting
EDGE-0496,accounting,service_api,SVC-0001,API-APP-0008,S,static name/path token overlap from AOT catalogs,linked,SVC-0001 -[service_api]-> API-APP-0008; token_overlap:accounting
EDGE-0497,accounting,service_api,SVC-0001,API-APP-0009,S,static name/path token overlap from AOT catalogs,linked,SVC-0001 -[service_api]-> API-APP-0009; token_overlap:accounting
EDGE-0498,accounting,service_api,SVC-0001,API-APP-0010,S,static name/path token overlap from AOT catalogs,linked,SVC-0001 -[service_api]-> API-APP-0010; token_overlap:accounting
EDGE-0499,accounting,service_api,SVC-0001,API-APP-0011,S,static name/path token overlap from AOT catalogs,linked,SVC-0001 -[service_api]-> API-APP-0011; token_overlap:accounting
EDGE-0500,agent,service_api,SVC-0002,API-APP-0244,S,static name/path token overlap from AOT catalogs,linked,SVC-0002 -[service_api]-> API-APP-0244; token_overlap:agent
EDGE-0501,analytics,service_api,SVC-0004,API-APP-0014,S,static name/path token overlap from AOT catalogs,linked,SVC-0004 -[service_api]-> API-APP-0014; token_overlap:analytics
EDGE-0502,analytics,service_api,SVC-0004,API-APP-0015,S,static name/path token overlap from AOT catalogs,linked,SVC-0004 -[service_api]-> API-APP-0015; token_overlap:analytics
EDGE-0503,analytics,service_api,SVC-0004,API-APP-0016,S,static name/path token overlap from AOT catalogs,linked,SVC-0004 -[service_api]-> API-APP-0016; token_overlap:analytics
EDGE-0504,analytics,service_api,SVC-0004,API-APP-0017,S,static name/path token overlap from AOT catalogs,linked,SVC-0004 -[service_api]-> API-APP-0017; token_overlap:analytics
EDGE-0505,analytics,service_api,SVC-0004,API-APP-0018,S,static name/path token overlap from AOT catalogs,linked,SVC-0004 -[service_api]-> API-APP-0018; token_overlap:analytics
EDGE-0506,analytics,service_api,SVC-0004,API-APP-0019,S,static name/path token overlap from AOT catalogs,linked,SVC-0004 -[service_api]-> API-APP-0019; token_overlap:analytics
EDGE-0507,app,service_api,SVC-0006,API-APP-0022,S,static name/path token overlap from AOT catalogs,linked,SVC-0006 -[service_api]-> API-APP-0022; token_overlap:app
EDGE-0508,app,service_api,SVC-0006,API-APP-0023,S,static name/path token overlap from AOT catalogs,linked,SVC-0006 -[service_api]-> API-APP-0023; token_overlap:app
EDGE-0509,app,service_api,SVC-0006,API-APP-0024,S,static name/path token overlap from AOT catalogs,linked,SVC-0006 -[service_api]-> API-APP-0024; token_overlap:app
EDGE-0510,app,service_api,SVC-0006,API-APP-0025,S,static name/path token overlap from AOT catalogs,linked,SVC-0006 -[service_api]-> API-APP-0025; token_overlap:app
EDGE-0511,tool,service_api,SVC-0006,API-APP-0211,S,static name/path token overlap from AOT catalogs,linked,SVC-0006 -[service_api]-> API-APP-0211; token_overlap:tool
EDGE-0512,tool,service_api,SVC-0006,API-APP-0212,S,static name/path token overlap from AOT catalogs,linked,SVC-0006 -[service_api]-> API-APP-0212; token_overlap:tool
EDGE-0513,tool,service_api,SVC-0006,API-APP-0213,S,static name/path token overlap from AOT catalogs,linked,SVC-0006 -[service_api]-> API-APP-0213; token_overlap:tool
EDGE-0514,auth,service_api,SVC-0008,API-APP-0024,S,static name/path token overlap from AOT catalogs,linked,SVC-0008 -[service_api]-> API-APP-0024; token_overlap:auth
EDGE-0515,video,service_api,SVC-0010,API-APP-0012,S,static name/path token overlap from AOT catalogs,linked,SVC-0010 -[service_api]-> API-APP-0012; token_overlap:video
EDGE-0516,video,service_api,SVC-0010,API-APP-0013,S,static name/path token overlap from AOT catalogs,linked,SVC-0010 -[service_api]-> API-APP-0013; token_overlap:video
EDGE-0517,boarding,service_api,SVC-0011,API-APP-0030,S,static name/path token overlap from AOT catalogs,linked,SVC-0011 -[service_api]-> API-APP-0030; token_overlap:boarding
EDGE-0518,boarding,service_api,SVC-0011,API-APP-0031,S,static name/path token overlap from AOT catalogs,linked,SVC-0011 -[service_api]-> API-APP-0031; token_overlap:boarding
EDGE-0519,boarding,service_api,SVC-0011,API-APP-0032,S,static name/path token overlap from AOT catalogs,linked,SVC-0011 -[service_api]-> API-APP-0032; token_overlap:boarding
EDGE-0520,boarding,service_api,SVC-0011,API-APP-0033,S,static name/path token overlap from AOT catalogs,linked,SVC-0011 -[service_api]-> API-APP-0033; token_overlap:boarding
EDGE-0521,boarding,service_api,SVC-0011,API-APP-0034,S,static name/path token overlap from AOT catalogs,linked,SVC-0011 -[service_api]-> API-APP-0034; token_overlap:boarding
EDGE-0522,boarding,service_api,SVC-0011,API-APP-0035,S,static name/path token overlap from AOT catalogs,linked,SVC-0011 -[service_api]-> API-APP-0035; token_overlap:boarding
EDGE-0523,breeding,service_api,SVC-0014,API-APP-0014,S,static name/path token overlap from AOT catalogs,linked,SVC-0014 -[service_api]-> API-APP-0014; token_overlap:breeding
EDGE-0524,breeding,service_api,SVC-0014,API-APP-0038,S,static name/path token overlap from AOT catalogs,linked,SVC-0014 -[service_api]-> API-APP-0038; token_overlap:breeding
EDGE-0525,breeding,service_api,SVC-0014,API-APP-0039,S,static name/path token overlap from AOT catalogs,linked,SVC-0014 -[service_api]-> API-APP-0039; token_overlap:breeding
EDGE-0526,breeding,service_api,SVC-0014,API-APP-0040,S,static name/path token overlap from AOT catalogs,linked,SVC-0014 -[service_api]-> API-APP-0040; token_overlap:breeding
EDGE-0527,breeding,service_api,SVC-0014,API-APP-0041,S,static name/path token overlap from AOT catalogs,linked,SVC-0014 -[service_api]-> API-APP-0041; token_overlap:breeding
EDGE-0528,breeding,service_api,SVC-0014,API-APP-0042,S,static name/path token overlap from AOT catalogs,linked,SVC-0014 -[service_api]-> API-APP-0042; token_overlap:breeding
EDGE-0529,breeding,service_api,SVC-0014,API-APP-0061,S,static name/path token overlap from AOT catalogs,linked,SVC-0014 -[service_api]-> API-APP-0061; token_overlap:breeding
EDGE-0530,breeding,service_api,SVC-0014,API-APP-0124,S,static name/path token overlap from AOT catalogs,linked,SVC-0014 -[service_api]-> API-APP-0124; token_overlap:breeding
EDGE-0531,breeding,service_api,SVC-0014,API-APP-0125,S,static name/path token overlap from AOT catalogs,linked,SVC-0014 -[service_api]-> API-APP-0125; token_overlap:breeding
EDGE-0532,breeding,service_api,SVC-0014,API-APP-0126,S,static name/path token overlap from AOT catalogs,linked,SVC-0014 -[service_api]-> API-APP-0126; token_overlap:breeding
EDGE-0533,breeding,service_api,SVC-0014,API-APP-0135,S,static name/path token overlap from AOT catalogs,linked,SVC-0014 -[service_api]-> API-APP-0135; token_overlap:breeding
EDGE-0534,calendar,service_api,SVC-0015,API-APP-0043,S,static name/path token overlap from AOT catalogs,linked,SVC-0015 -[service_api]-> API-APP-0043; token_overlap:calendar
EDGE-0535,calendar,service_api,SVC-0015,API-APP-0044,S,static name/path token overlap from AOT catalogs,linked,SVC-0015 -[service_api]-> API-APP-0044; token_overlap:calendar
EDGE-0536,cat,service_api,SVC-0016,API-APP-0015,S,static name/path token overlap from AOT catalogs,linked,SVC-0016 -[service_api]-> API-APP-0015; token_overlap:cat
EDGE-0537,cat,service_api,SVC-0016,API-APP-0016,S,static name/path token overlap from AOT catalogs,linked,SVC-0016 -[service_api]-> API-APP-0016; token_overlap:cat
EDGE-0538,cat,service_api,SVC-0016,API-APP-0045,S,static name/path token overlap from AOT catalogs,linked,SVC-0016 -[service_api]-> API-APP-0045; token_overlap:cat
EDGE-0539,cat,service_api,SVC-0016,API-APP-0046,S,static name/path token overlap from AOT catalogs,linked,SVC-0016 -[service_api]-> API-APP-0046; token_overlap:cat
EDGE-0540,cat,service_api,SVC-0016,API-APP-0047,S,static name/path token overlap from AOT catalogs,linked,SVC-0016 -[service_api]-> API-APP-0047; token_overlap:cat
EDGE-0541,cat,service_api,SVC-0016,API-APP-0048,S,static name/path token overlap from AOT catalogs,linked,SVC-0016 -[service_api]-> API-APP-0048; token_overlap:cat
EDGE-0542,cat,service_api,SVC-0016,API-APP-0049,S,static name/path token overlap from AOT catalogs,linked,SVC-0016 -[service_api]-> API-APP-0049; token_overlap:cat
EDGE-0543,cat,service_api,SVC-0016,API-APP-0050,S,static name/path token overlap from AOT catalogs,linked,SVC-0016 -[service_api]-> API-APP-0050; token_overlap:cat
EDGE-0544,cat,service_api,SVC-0016,API-APP-0051,S,static name/path token overlap from AOT catalogs,linked,SVC-0016 -[service_api]-> API-APP-0051; token_overlap:cat
EDGE-0545,cat,service_api,SVC-0016,API-APP-0052,S,static name/path token overlap from AOT catalogs,linked,SVC-0016 -[service_api]-> API-APP-0052; token_overlap:cat
EDGE-0546,cat,service_api,SVC-0016,API-APP-0053,S,static name/path token overlap from AOT catalogs,linked,SVC-0016 -[service_api]-> API-APP-0053; token_overlap:cat
EDGE-0547,cat,service_api,SVC-0016,API-APP-0054,S,static name/path token overlap from AOT catalogs,linked,SVC-0016 -[service_api]-> API-APP-0054; token_overlap:cat
EDGE-0548,cat,service_api,SVC-0016,API-APP-0055,S,static name/path token overlap from AOT catalogs,linked,SVC-0016 -[service_api]-> API-APP-0055; token_overlap:cat
EDGE-0549,cat,service_api,SVC-0016,API-APP-0056,S,static name/path token overlap from AOT catalogs,linked,SVC-0016 -[service_api]-> API-APP-0056; token_overlap:cat
EDGE-0550,cat,service_api,SVC-0016,API-APP-0057,S,static name/path token overlap from AOT catalogs,linked,SVC-0016 -[service_api]-> API-APP-0057; token_overlap:cat
EDGE-0551,cat,service_api,SVC-0016,API-APP-0058,S,static name/path token overlap from AOT catalogs,linked,SVC-0016 -[service_api]-> API-APP-0058; token_overlap:cat
EDGE-0552,cat,service_api,SVC-0016,API-APP-0059,S,static name/path token overlap from AOT catalogs,linked,SVC-0016 -[service_api]-> API-APP-0059; token_overlap:cat
EDGE-0553,cat,service_api,SVC-0016,API-APP-0060,S,static name/path token overlap from AOT catalogs,linked,SVC-0016 -[service_api]-> API-APP-0060; token_overlap:cat
EDGE-0554,cat,service_api,SVC-0016,API-APP-0061,S,static name/path token overlap from AOT catalogs,linked,SVC-0016 -[service_api]-> API-APP-0061; token_overlap:cat
EDGE-0555,cat,service_api,SVC-0016,API-APP-0062,S,static name/path token overlap from AOT catalogs,linked,SVC-0016 -[service_api]-> API-APP-0062; token_overlap:cat
EDGE-0556,cat,service_api,SVC-0016,API-APP-0063,S,static name/path token overlap from AOT catalogs,linked,SVC-0016 -[service_api]-> API-APP-0063; token_overlap:cat
EDGE-0557,cat,service_api,SVC-0016,API-APP-0064,S,static name/path token overlap from AOT catalogs,linked,SVC-0016 -[service_api]-> API-APP-0064; token_overlap:cat
EDGE-0558,cat,service_api,SVC-0016,API-APP-0065,S,static name/path token overlap from AOT catalogs,linked,SVC-0016 -[service_api]-> API-APP-0065; token_overlap:cat
EDGE-0559,cat,service_api,SVC-0016,API-APP-0066,S,static name/path token overlap from AOT catalogs,linked,SVC-0016 -[service_api]-> API-APP-0066; token_overlap:cat
EDGE-0560,cat,service_api,SVC-0016,API-APP-0067,S,static name/path token overlap from AOT catalogs,linked,SVC-0016 -[service_api]-> API-APP-0067; token_overlap:cat
EDGE-0561,cat,service_api,SVC-0016,API-APP-0068,S,static name/path token overlap from AOT catalogs,linked,SVC-0016 -[service_api]-> API-APP-0068; token_overlap:cat
EDGE-0562,cat,service_api,SVC-0016,API-APP-0069,S,static name/path token overlap from AOT catalogs,linked,SVC-0016 -[service_api]-> API-APP-0069; token_overlap:cat
EDGE-0563,cat,service_api,SVC-0016,API-APP-0070,S,static name/path token overlap from AOT catalogs,linked,SVC-0016 -[service_api]-> API-APP-0070; token_overlap:cat
EDGE-0564,cat,service_api,SVC-0016,API-APP-0071,S,static name/path token overlap from AOT catalogs,linked,SVC-0016 -[service_api]-> API-APP-0071; token_overlap:cat
EDGE-0565,cat,service_api,SVC-0016,API-APP-0072,S,static name/path token overlap from AOT catalogs,linked,SVC-0016 -[service_api]-> API-APP-0072; token_overlap:cat
EDGE-0566,cat,service_api,SVC-0016,API-APP-0073,S,static name/path token overlap from AOT catalogs,linked,SVC-0016 -[service_api]-> API-APP-0073; token_overlap:cat
EDGE-0567,cat,service_api,SVC-0016,API-APP-0074,S,static name/path token overlap from AOT catalogs,linked,SVC-0016 -[service_api]-> API-APP-0074; token_overlap:cat
EDGE-0568,cat,service_api,SVC-0016,API-APP-0075,S,static name/path token overlap from AOT catalogs,linked,SVC-0016 -[service_api]-> API-APP-0075; token_overlap:cat
EDGE-0569,cat,service_api,SVC-0016,API-APP-0076,S,static name/path token overlap from AOT catalogs,linked,SVC-0016 -[service_api]-> API-APP-0076; token_overlap:cat
EDGE-0570,cat,service_api,SVC-0016,API-APP-0077,S,static name/path token overlap from AOT catalogs,linked,SVC-0016 -[service_api]-> API-APP-0077; token_overlap:cat
EDGE-0571,cat,service_api,SVC-0016,API-APP-0078,S,static name/path token overlap from AOT catalogs,linked,SVC-0016 -[service_api]-> API-APP-0078; token_overlap:cat
EDGE-0572,cat,service_api,SVC-0016,API-APP-0079,S,static name/path token overlap from AOT catalogs,linked,SVC-0016 -[service_api]-> API-APP-0079; token_overlap:cat
EDGE-0573,cat,service_api,SVC-0016,API-APP-0080,S,static name/path token overlap from AOT catalogs,linked,SVC-0016 -[service_api]-> API-APP-0080; token_overlap:cat
EDGE-0574,cat,service_api,SVC-0016,API-APP-0081,S,static name/path token overlap from AOT catalogs,linked,SVC-0016 -[service_api]-> API-APP-0081; token_overlap:cat
EDGE-0575,cat,service_api,SVC-0016,API-APP-0082,S,static name/path token overlap from AOT catalogs,linked,SVC-0016 -[service_api]-> API-APP-0082; token_overlap:cat
EDGE-0576,cat,service_api,SVC-0016,API-APP-0083,S,static name/path token overlap from AOT catalogs,linked,SVC-0016 -[service_api]-> API-APP-0083; token_overlap:cat
EDGE-0577,cat,service_api,SVC-0016,API-APP-0084,S,static name/path token overlap from AOT catalogs,linked,SVC-0016 -[service_api]-> API-APP-0084; token_overlap:cat
EDGE-0578,cat,service_api,SVC-0016,API-APP-0085,S,static name/path token overlap from AOT catalogs,linked,SVC-0016 -[service_api]-> API-APP-0085; token_overlap:cat
EDGE-0579,cat,service_api,SVC-0016,API-APP-0086,S,static name/path token overlap from AOT catalogs,linked,SVC-0016 -[service_api]-> API-APP-0086; token_overlap:cat
EDGE-0580,cat,service_api,SVC-0016,API-APP-0087,S,static name/path token overlap from AOT catalogs,linked,SVC-0016 -[service_api]-> API-APP-0087; token_overlap:cat
EDGE-0581,cat,service_api,SVC-0016,API-APP-0088,S,static name/path token overlap from AOT catalogs,linked,SVC-0016 -[service_api]-> API-APP-0088; token_overlap:cat
EDGE-0582,cat,service_api,SVC-0016,API-APP-0089,S,static name/path token overlap from AOT catalogs,linked,SVC-0016 -[service_api]-> API-APP-0089; token_overlap:cat
EDGE-0583,cat,service_api,SVC-0016,API-APP-0090,S,static name/path token overlap from AOT catalogs,linked,SVC-0016 -[service_api]-> API-APP-0090; token_overlap:cat
EDGE-0584,cat,service_api,SVC-0016,API-APP-0091,S,static name/path token overlap from AOT catalogs,linked,SVC-0016 -[service_api]-> API-APP-0091; token_overlap:cat
EDGE-0585,cat,service_api,SVC-0016,API-APP-0092,S,static name/path token overlap from AOT catalogs,linked,SVC-0016 -[service_api]-> API-APP-0092; token_overlap:cat
EDGE-0586,cat,service_api,SVC-0016,API-APP-0093,S,static name/path token overlap from AOT catalogs,linked,SVC-0016 -[service_api]-> API-APP-0093; token_overlap:cat
EDGE-0587,cat,service_api,SVC-0016,API-APP-0094,S,static name/path token overlap from AOT catalogs,linked,SVC-0016 -[service_api]-> API-APP-0094; token_overlap:cat
EDGE-0588,cat,service_api,SVC-0016,API-APP-0222,S,static name/path token overlap from AOT catalogs,linked,SVC-0016 -[service_api]-> API-APP-0222; token_overlap:cat
EDGE-0589,cat,service_api,SVC-0016,API-APP-0223,S,static name/path token overlap from AOT catalogs,linked,SVC-0016 -[service_api]-> API-APP-0223; token_overlap:cat
EDGE-0590,cat,service_api,SVC-0016,API-APP-0242,S,static name/path token overlap from AOT catalogs,linked,SVC-0016 -[service_api]-> API-APP-0242; token_overlap:cat
EDGE-0591,cat,service_api,SVC-0017,API-APP-0015,S,static name/path token overlap from AOT catalogs,linked,SVC-0017 -[service_api]-> API-APP-0015; token_overlap:cat
EDGE-0592,cat,service_api,SVC-0017,API-APP-0016,S,static name/path token overlap from AOT catalogs,linked,SVC-0017 -[service_api]-> API-APP-0016; token_overlap:cat
EDGE-0593,cat,service_api,SVC-0017,API-APP-0045,S,static name/path token overlap from AOT catalogs,linked,SVC-0017 -[service_api]-> API-APP-0045; token_overlap:cat
EDGE-0594,cat,service_api,SVC-0017,API-APP-0046,S,static name/path token overlap from AOT catalogs,linked,SVC-0017 -[service_api]-> API-APP-0046; token_overlap:cat
EDGE-0595,cat,service_api,SVC-0017,API-APP-0047,S,static name/path token overlap from AOT catalogs,linked,SVC-0017 -[service_api]-> API-APP-0047; token_overlap:cat
EDGE-0596,cat,service_api,SVC-0017,API-APP-0048,S,static name/path token overlap from AOT catalogs,linked,SVC-0017 -[service_api]-> API-APP-0048; token_overlap:cat
EDGE-0597,cat,service_api,SVC-0017,API-APP-0049,S,static name/path token overlap from AOT catalogs,linked,SVC-0017 -[service_api]-> API-APP-0049; token_overlap:cat
EDGE-0598,cat,service_api,SVC-0017,API-APP-0050,S,static name/path token overlap from AOT catalogs,linked,SVC-0017 -[service_api]-> API-APP-0050; token_overlap:cat
EDGE-0599,cat,service_api,SVC-0017,API-APP-0051,S,static name/path token overlap from AOT catalogs,linked,SVC-0017 -[service_api]-> API-APP-0051; token_overlap:cat
EDGE-0600,cat,service_api,SVC-0017,API-APP-0052,S,static name/path token overlap from AOT catalogs,linked,SVC-0017 -[service_api]-> API-APP-0052; token_overlap:cat
EDGE-0601,cat,service_api,SVC-0017,API-APP-0053,S,static name/path token overlap from AOT catalogs,linked,SVC-0017 -[service_api]-> API-APP-0053; token_overlap:cat
EDGE-0602,cat,service_api,SVC-0017,API-APP-0054,S,static name/path token overlap from AOT catalogs,linked,SVC-0017 -[service_api]-> API-APP-0054; token_overlap:cat
EDGE-0603,cat,service_api,SVC-0017,API-APP-0055,S,static name/path token overlap from AOT catalogs,linked,SVC-0017 -[service_api]-> API-APP-0055; token_overlap:cat
EDGE-0604,cat,service_api,SVC-0017,API-APP-0056,S,static name/path token overlap from AOT catalogs,linked,SVC-0017 -[service_api]-> API-APP-0056; token_overlap:cat
EDGE-0605,cat,service_api,SVC-0017,API-APP-0057,S,static name/path token overlap from AOT catalogs,linked,SVC-0017 -[service_api]-> API-APP-0057; token_overlap:cat
EDGE-0606,cat,service_api,SVC-0017,API-APP-0058,S,static name/path token overlap from AOT catalogs,linked,SVC-0017 -[service_api]-> API-APP-0058; token_overlap:cat
EDGE-0607,cat,service_api,SVC-0017,API-APP-0059,S,static name/path token overlap from AOT catalogs,linked,SVC-0017 -[service_api]-> API-APP-0059; token_overlap:cat
EDGE-0608,cat,service_api,SVC-0017,API-APP-0060,S,static name/path token overlap from AOT catalogs,linked,SVC-0017 -[service_api]-> API-APP-0060; token_overlap:cat
EDGE-0609,cat,service_api,SVC-0017,API-APP-0061,S,static name/path token overlap from AOT catalogs,linked,SVC-0017 -[service_api]-> API-APP-0061; token_overlap:cat
EDGE-0610,cat,service_api,SVC-0017,API-APP-0062,S,static name/path token overlap from AOT catalogs,linked,SVC-0017 -[service_api]-> API-APP-0062; token_overlap:cat
EDGE-0611,cat,service_api,SVC-0017,API-APP-0063,S,static name/path token overlap from AOT catalogs,linked,SVC-0017 -[service_api]-> API-APP-0063; token_overlap:cat
EDGE-0612,cat,service_api,SVC-0017,API-APP-0064,S,static name/path token overlap from AOT catalogs,linked,SVC-0017 -[service_api]-> API-APP-0064; token_overlap:cat
EDGE-0613,cat,service_api,SVC-0017,API-APP-0065,S,static name/path token overlap from AOT catalogs,linked,SVC-0017 -[service_api]-> API-APP-0065; token_overlap:cat
EDGE-0614,cat,service_api,SVC-0017,API-APP-0066,S,static name/path token overlap from AOT catalogs,linked,SVC-0017 -[service_api]-> API-APP-0066; token_overlap:cat
EDGE-0615,cat,service_api,SVC-0017,API-APP-0067,S,static name/path token overlap from AOT catalogs,linked,SVC-0017 -[service_api]-> API-APP-0067; token_overlap:cat
EDGE-0616,cat,service_api,SVC-0017,API-APP-0068,S,static name/path token overlap from AOT catalogs,linked,SVC-0017 -[service_api]-> API-APP-0068; token_overlap:cat
EDGE-0617,cat,service_api,SVC-0017,API-APP-0069,S,static name/path token overlap from AOT catalogs,linked,SVC-0017 -[service_api]-> API-APP-0069; token_overlap:cat
EDGE-0618,cat,service_api,SVC-0017,API-APP-0070,S,static name/path token overlap from AOT catalogs,linked,SVC-0017 -[service_api]-> API-APP-0070; token_overlap:cat
EDGE-0619,cat,service_api,SVC-0017,API-APP-0071,S,static name/path token overlap from AOT catalogs,linked,SVC-0017 -[service_api]-> API-APP-0071; token_overlap:cat
EDGE-0620,cat,service_api,SVC-0017,API-APP-0072,S,static name/path token overlap from AOT catalogs,linked,SVC-0017 -[service_api]-> API-APP-0072; token_overlap:cat
EDGE-0621,cat,service_api,SVC-0017,API-APP-0073,S,static name/path token overlap from AOT catalogs,linked,SVC-0017 -[service_api]-> API-APP-0073; token_overlap:cat
EDGE-0622,cat,service_api,SVC-0017,API-APP-0074,S,static name/path token overlap from AOT catalogs,linked,SVC-0017 -[service_api]-> API-APP-0074; token_overlap:cat
EDGE-0623,cat,service_api,SVC-0017,API-APP-0075,S,static name/path token overlap from AOT catalogs,linked,SVC-0017 -[service_api]-> API-APP-0075; token_overlap:cat
EDGE-0624,cat,service_api,SVC-0017,API-APP-0076,S,static name/path token overlap from AOT catalogs,linked,SVC-0017 -[service_api]-> API-APP-0076; token_overlap:cat
EDGE-0625,cat,service_api,SVC-0017,API-APP-0077,S,static name/path token overlap from AOT catalogs,linked,SVC-0017 -[service_api]-> API-APP-0077; token_overlap:cat
EDGE-0626,cat,service_api,SVC-0017,API-APP-0078,S,static name/path token overlap from AOT catalogs,linked,SVC-0017 -[service_api]-> API-APP-0078; token_overlap:cat
EDGE-0627,cat,service_api,SVC-0017,API-APP-0079,S,static name/path token overlap from AOT catalogs,linked,SVC-0017 -[service_api]-> API-APP-0079; token_overlap:cat
EDGE-0628,cat,service_api,SVC-0017,API-APP-0080,S,static name/path token overlap from AOT catalogs,linked,SVC-0017 -[service_api]-> API-APP-0080; token_overlap:cat
EDGE-0629,cat,service_api,SVC-0017,API-APP-0081,S,static name/path token overlap from AOT catalogs,linked,SVC-0017 -[service_api]-> API-APP-0081; token_overlap:cat
EDGE-0630,cat,service_api,SVC-0017,API-APP-0082,S,static name/path token overlap from AOT catalogs,linked,SVC-0017 -[service_api]-> API-APP-0082; token_overlap:cat
EDGE-0631,cat,service_api,SVC-0017,API-APP-0083,S,static name/path token overlap from AOT catalogs,linked,SVC-0017 -[service_api]-> API-APP-0083; token_overlap:cat
EDGE-0632,cat,service_api,SVC-0017,API-APP-0084,S,static name/path token overlap from AOT catalogs,linked,SVC-0017 -[service_api]-> API-APP-0084; token_overlap:cat
EDGE-0633,cat,service_api,SVC-0017,API-APP-0085,S,static name/path token overlap from AOT catalogs,linked,SVC-0017 -[service_api]-> API-APP-0085; token_overlap:cat
EDGE-0634,cat,service_api,SVC-0017,API-APP-0086,S,static name/path token overlap from AOT catalogs,linked,SVC-0017 -[service_api]-> API-APP-0086; token_overlap:cat
EDGE-0635,cat,service_api,SVC-0017,API-APP-0087,S,static name/path token overlap from AOT catalogs,linked,SVC-0017 -[service_api]-> API-APP-0087; token_overlap:cat
EDGE-0636,cat,service_api,SVC-0017,API-APP-0088,S,static name/path token overlap from AOT catalogs,linked,SVC-0017 -[service_api]-> API-APP-0088; token_overlap:cat
EDGE-0637,cat,service_api,SVC-0017,API-APP-0089,S,static name/path token overlap from AOT catalogs,linked,SVC-0017 -[service_api]-> API-APP-0089; token_overlap:cat
EDGE-0638,cat,service_api,SVC-0017,API-APP-0090,S,static name/path token overlap from AOT catalogs,linked,SVC-0017 -[service_api]-> API-APP-0090; token_overlap:cat
EDGE-0639,cat,service_api,SVC-0017,API-APP-0091,S,static name/path token overlap from AOT catalogs,linked,SVC-0017 -[service_api]-> API-APP-0091; token_overlap:cat
EDGE-0640,cat,service_api,SVC-0017,API-APP-0092,S,static name/path token overlap from AOT catalogs,linked,SVC-0017 -[service_api]-> API-APP-0092; token_overlap:cat
EDGE-0641,cat,service_api,SVC-0017,API-APP-0093,S,static name/path token overlap from AOT catalogs,linked,SVC-0017 -[service_api]-> API-APP-0093; token_overlap:cat
EDGE-0642,cat,service_api,SVC-0017,API-APP-0094,S,static name/path token overlap from AOT catalogs,linked,SVC-0017 -[service_api]-> API-APP-0094; token_overlap:cat
EDGE-0643,cat,service_api,SVC-0017,API-APP-0222,S,static name/path token overlap from AOT catalogs,linked,SVC-0017 -[service_api]-> API-APP-0222; token_overlap:cat
EDGE-0644,cat,service_api,SVC-0017,API-APP-0223,S,static name/path token overlap from AOT catalogs,linked,SVC-0017 -[service_api]-> API-APP-0223; token_overlap:cat
EDGE-0645,cat,service_api,SVC-0017,API-APP-0242,S,static name/path token overlap from AOT catalogs,linked,SVC-0017 -[service_api]-> API-APP-0242; token_overlap:cat
EDGE-0646,cat,service_api,SVC-0018,API-APP-0015,S,static name/path token overlap from AOT catalogs,linked,SVC-0018 -[service_api]-> API-APP-0015; token_overlap:cat
EDGE-0647,cat,service_api,SVC-0018,API-APP-0016,S,static name/path token overlap from AOT catalogs,linked,SVC-0018 -[service_api]-> API-APP-0016; token_overlap:cat
EDGE-0648,cat,service_api,SVC-0018,API-APP-0045,S,static name/path token overlap from AOT catalogs,linked,SVC-0018 -[service_api]-> API-APP-0045; token_overlap:cat
EDGE-0649,cat,service_api,SVC-0018,API-APP-0046,S,static name/path token overlap from AOT catalogs,linked,SVC-0018 -[service_api]-> API-APP-0046; token_overlap:cat
EDGE-0650,cat,service_api,SVC-0018,API-APP-0047,S,static name/path token overlap from AOT catalogs,linked,SVC-0018 -[service_api]-> API-APP-0047; token_overlap:cat
EDGE-0651,cat,service_api,SVC-0018,API-APP-0048,S,static name/path token overlap from AOT catalogs,linked,SVC-0018 -[service_api]-> API-APP-0048; token_overlap:cat
EDGE-0652,cat,service_api,SVC-0018,API-APP-0049,S,static name/path token overlap from AOT catalogs,linked,SVC-0018 -[service_api]-> API-APP-0049; token_overlap:cat
EDGE-0653,cat,service_api,SVC-0018,API-APP-0050,S,static name/path token overlap from AOT catalogs,linked,SVC-0018 -[service_api]-> API-APP-0050; token_overlap:cat
EDGE-0654,cat,service_api,SVC-0018,API-APP-0051,S,static name/path token overlap from AOT catalogs,linked,SVC-0018 -[service_api]-> API-APP-0051; token_overlap:cat
EDGE-0655,cat,service_api,SVC-0018,API-APP-0052,S,static name/path token overlap from AOT catalogs,linked,SVC-0018 -[service_api]-> API-APP-0052; token_overlap:cat
EDGE-0656,cat,service_api,SVC-0018,API-APP-0053,S,static name/path token overlap from AOT catalogs,linked,SVC-0018 -[service_api]-> API-APP-0053; token_overlap:cat
EDGE-0657,cat,service_api,SVC-0018,API-APP-0054,S,static name/path token overlap from AOT catalogs,linked,SVC-0018 -[service_api]-> API-APP-0054; token_overlap:cat
EDGE-0658,cat,service_api,SVC-0018,API-APP-0055,S,static name/path token overlap from AOT catalogs,linked,SVC-0018 -[service_api]-> API-APP-0055; token_overlap:cat
EDGE-0659,cat,service_api,SVC-0018,API-APP-0056,S,static name/path token overlap from AOT catalogs,linked,SVC-0018 -[service_api]-> API-APP-0056; token_overlap:cat
EDGE-0660,cat,service_api,SVC-0018,API-APP-0057,S,static name/path token overlap from AOT catalogs,linked,SVC-0018 -[service_api]-> API-APP-0057; token_overlap:cat
EDGE-0661,cat,service_api,SVC-0018,API-APP-0058,S,static name/path token overlap from AOT catalogs,linked,SVC-0018 -[service_api]-> API-APP-0058; token_overlap:cat
EDGE-0662,cat,service_api,SVC-0018,API-APP-0059,S,static name/path token overlap from AOT catalogs,linked,SVC-0018 -[service_api]-> API-APP-0059; token_overlap:cat
EDGE-0663,cat,service_api,SVC-0018,API-APP-0060,S,static name/path token overlap from AOT catalogs,linked,SVC-0018 -[service_api]-> API-APP-0060; token_overlap:cat
EDGE-0664,cat,service_api,SVC-0018,API-APP-0061,S,static name/path token overlap from AOT catalogs,linked,SVC-0018 -[service_api]-> API-APP-0061; token_overlap:cat
EDGE-0665,cat,service_api,SVC-0018,API-APP-0062,S,static name/path token overlap from AOT catalogs,linked,SVC-0018 -[service_api]-> API-APP-0062; token_overlap:cat
EDGE-0666,cat,service_api,SVC-0018,API-APP-0063,S,static name/path token overlap from AOT catalogs,linked,SVC-0018 -[service_api]-> API-APP-0063; token_overlap:cat
EDGE-0667,cat,service_api,SVC-0018,API-APP-0064,S,static name/path token overlap from AOT catalogs,linked,SVC-0018 -[service_api]-> API-APP-0064; token_overlap:cat
EDGE-0668,cat,service_api,SVC-0018,API-APP-0065,S,static name/path token overlap from AOT catalogs,linked,SVC-0018 -[service_api]-> API-APP-0065; token_overlap:cat
EDGE-0669,cat,service_api,SVC-0018,API-APP-0066,S,static name/path token overlap from AOT catalogs,linked,SVC-0018 -[service_api]-> API-APP-0066; token_overlap:cat
EDGE-0670,cat,service_api,SVC-0018,API-APP-0067,S,static name/path token overlap from AOT catalogs,linked,SVC-0018 -[service_api]-> API-APP-0067; token_overlap:cat
EDGE-0671,cat,service_api,SVC-0018,API-APP-0068,S,static name/path token overlap from AOT catalogs,linked,SVC-0018 -[service_api]-> API-APP-0068; token_overlap:cat
EDGE-0672,cat,service_api,SVC-0018,API-APP-0069,S,static name/path token overlap from AOT catalogs,linked,SVC-0018 -[service_api]-> API-APP-0069; token_overlap:cat
EDGE-0673,cat,service_api,SVC-0018,API-APP-0070,S,static name/path token overlap from AOT catalogs,linked,SVC-0018 -[service_api]-> API-APP-0070; token_overlap:cat
EDGE-0674,cat,service_api,SVC-0018,API-APP-0071,S,static name/path token overlap from AOT catalogs,linked,SVC-0018 -[service_api]-> API-APP-0071; token_overlap:cat
EDGE-0675,cat,service_api,SVC-0018,API-APP-0072,S,static name/path token overlap from AOT catalogs,linked,SVC-0018 -[service_api]-> API-APP-0072; token_overlap:cat
EDGE-0676,cat,service_api,SVC-0018,API-APP-0073,S,static name/path token overlap from AOT catalogs,linked,SVC-0018 -[service_api]-> API-APP-0073; token_overlap:cat
EDGE-0677,cat,service_api,SVC-0018,API-APP-0074,S,static name/path token overlap from AOT catalogs,linked,SVC-0018 -[service_api]-> API-APP-0074; token_overlap:cat
EDGE-0678,cat,service_api,SVC-0018,API-APP-0075,S,static name/path token overlap from AOT catalogs,linked,SVC-0018 -[service_api]-> API-APP-0075; token_overlap:cat
EDGE-0679,cat,service_api,SVC-0018,API-APP-0076,S,static name/path token overlap from AOT catalogs,linked,SVC-0018 -[service_api]-> API-APP-0076; token_overlap:cat
EDGE-0680,cat,service_api,SVC-0018,API-APP-0077,S,static name/path token overlap from AOT catalogs,linked,SVC-0018 -[service_api]-> API-APP-0077; token_overlap:cat
EDGE-0681,cat,service_api,SVC-0018,API-APP-0078,S,static name/path token overlap from AOT catalogs,linked,SVC-0018 -[service_api]-> API-APP-0078; token_overlap:cat
EDGE-0682,cat,service_api,SVC-0018,API-APP-0079,S,static name/path token overlap from AOT catalogs,linked,SVC-0018 -[service_api]-> API-APP-0079; token_overlap:cat
EDGE-0683,cat,service_api,SVC-0018,API-APP-0080,S,static name/path token overlap from AOT catalogs,linked,SVC-0018 -[service_api]-> API-APP-0080; token_overlap:cat
EDGE-0684,cat,service_api,SVC-0018,API-APP-0081,S,static name/path token overlap from AOT catalogs,linked,SVC-0018 -[service_api]-> API-APP-0081; token_overlap:cat
EDGE-0685,cat,service_api,SVC-0018,API-APP-0082,S,static name/path token overlap from AOT catalogs,linked,SVC-0018 -[service_api]-> API-APP-0082; token_overlap:cat
EDGE-0686,cat,service_api,SVC-0018,API-APP-0083,S,static name/path token overlap from AOT catalogs,linked,SVC-0018 -[service_api]-> API-APP-0083; token_overlap:cat
EDGE-0687,cat,service_api,SVC-0018,API-APP-0084,S,static name/path token overlap from AOT catalogs,linked,SVC-0018 -[service_api]-> API-APP-0084; token_overlap:cat
EDGE-0688,cat,service_api,SVC-0018,API-APP-0085,S,static name/path token overlap from AOT catalogs,linked,SVC-0018 -[service_api]-> API-APP-0085; token_overlap:cat
EDGE-0689,cat,service_api,SVC-0018,API-APP-0086,S,static name/path token overlap from AOT catalogs,linked,SVC-0018 -[service_api]-> API-APP-0086; token_overlap:cat
EDGE-0690,cat,service_api,SVC-0018,API-APP-0087,S,static name/path token overlap from AOT catalogs,linked,SVC-0018 -[service_api]-> API-APP-0087; token_overlap:cat
EDGE-0691,cat,service_api,SVC-0018,API-APP-0088,S,static name/path token overlap from AOT catalogs,linked,SVC-0018 -[service_api]-> API-APP-0088; token_overlap:cat
EDGE-0692,cat,service_api,SVC-0018,API-APP-0089,S,static name/path token overlap from AOT catalogs,linked,SVC-0018 -[service_api]-> API-APP-0089; token_overlap:cat
EDGE-0693,cat,service_api,SVC-0018,API-APP-0090,S,static name/path token overlap from AOT catalogs,linked,SVC-0018 -[service_api]-> API-APP-0090; token_overlap:cat
EDGE-0694,cat,service_api,SVC-0018,API-APP-0091,S,static name/path token overlap from AOT catalogs,linked,SVC-0018 -[service_api]-> API-APP-0091; token_overlap:cat
EDGE-0695,cat,service_api,SVC-0018,API-APP-0092,S,static name/path token overlap from AOT catalogs,linked,SVC-0018 -[service_api]-> API-APP-0092; token_overlap:cat
EDGE-0696,cat,service_api,SVC-0018,API-APP-0093,S,static name/path token overlap from AOT catalogs,linked,SVC-0018 -[service_api]-> API-APP-0093; token_overlap:cat
EDGE-0697,cat,service_api,SVC-0018,API-APP-0094,S,static name/path token overlap from AOT catalogs,linked,SVC-0018 -[service_api]-> API-APP-0094; token_overlap:cat
EDGE-0698,cat,service_api,SVC-0018,API-APP-0222,S,static name/path token overlap from AOT catalogs,linked,SVC-0018 -[service_api]-> API-APP-0222; token_overlap:cat
EDGE-0699,cat,service_api,SVC-0018,API-APP-0223,S,static name/path token overlap from AOT catalogs,linked,SVC-0018 -[service_api]-> API-APP-0223; token_overlap:cat
EDGE-0700,cat,service_api,SVC-0018,API-APP-0242,S,static name/path token overlap from AOT catalogs,linked,SVC-0018 -[service_api]-> API-APP-0242; token_overlap:cat
EDGE-0701,cdn,service_api,SVC-0019,API-APP-0095,S,static name/path token overlap from AOT catalogs,linked,SVC-0019 -[service_api]-> API-APP-0095; token_overlap:cdn
EDGE-0702,cdn,service_api,SVC-0019,API-APP-0096,S,static name/path token overlap from AOT catalogs,linked,SVC-0019 -[service_api]-> API-APP-0096; token_overlap:cdn
EDGE-0703,upload,service_api,SVC-0022,API-APP-0235,S,static name/path token overlap from AOT catalogs,linked,SVC-0022 -[service_api]-> API-APP-0235; token_overlap:upload
EDGE-0704,dam,service_api,SVC-0023,API-APP-0110,S,static name/path token overlap from AOT catalogs,linked,SVC-0023 -[service_api]-> API-APP-0110; token_overlap:dam
EDGE-0705,dam,service_api,SVC-0023,API-APP-0111,S,static name/path token overlap from AOT catalogs,linked,SVC-0023 -[service_api]-> API-APP-0111; token_overlap:dam
EDGE-0706,dam,service_api,SVC-0023,API-APP-0112,S,static name/path token overlap from AOT catalogs,linked,SVC-0023 -[service_api]-> API-APP-0112; token_overlap:dam
EDGE-0707,dam,service_api,SVC-0023,API-APP-0113,S,static name/path token overlap from AOT catalogs,linked,SVC-0023 -[service_api]-> API-APP-0113; token_overlap:dam
EDGE-0708,dam,service_api,SVC-0023,API-APP-0114,S,static name/path token overlap from AOT catalogs,linked,SVC-0023 -[service_api]-> API-APP-0114; token_overlap:dam
EDGE-0709,breeding,service_api,SVC-0025,API-APP-0014,S,static name/path token overlap from AOT catalogs,linked,SVC-0025 -[service_api]-> API-APP-0014; token_overlap:breeding
EDGE-0710,breeding,service_api,SVC-0025,API-APP-0038,S,static name/path token overlap from AOT catalogs,linked,SVC-0025 -[service_api]-> API-APP-0038; token_overlap:breeding
EDGE-0711,breeding,service_api,SVC-0025,API-APP-0039,S,static name/path token overlap from AOT catalogs,linked,SVC-0025 -[service_api]-> API-APP-0039; token_overlap:breeding
EDGE-0712,breeding,service_api,SVC-0025,API-APP-0040,S,static name/path token overlap from AOT catalogs,linked,SVC-0025 -[service_api]-> API-APP-0040; token_overlap:breeding
EDGE-0713,breeding,service_api,SVC-0025,API-APP-0041,S,static name/path token overlap from AOT catalogs,linked,SVC-0025 -[service_api]-> API-APP-0041; token_overlap:breeding
EDGE-0714,breeding,service_api,SVC-0025,API-APP-0042,S,static name/path token overlap from AOT catalogs,linked,SVC-0025 -[service_api]-> API-APP-0042; token_overlap:breeding
EDGE-0715,breeding,service_api,SVC-0025,API-APP-0061,S,static name/path token overlap from AOT catalogs,linked,SVC-0025 -[service_api]-> API-APP-0061; token_overlap:breeding
EDGE-0716,breeding,service_api,SVC-0025,API-APP-0124,S,static name/path token overlap from AOT catalogs,linked,SVC-0025 -[service_api]-> API-APP-0124; token_overlap:breeding
EDGE-0717,breeding,service_api,SVC-0025,API-APP-0125,S,static name/path token overlap from AOT catalogs,linked,SVC-0025 -[service_api]-> API-APP-0125; token_overlap:breeding
EDGE-0718,breeding,service_api,SVC-0025,API-APP-0126,S,static name/path token overlap from AOT catalogs,linked,SVC-0025 -[service_api]-> API-APP-0126; token_overlap:breeding
EDGE-0719,breeding,service_api,SVC-0025,API-APP-0135,S,static name/path token overlap from AOT catalogs,linked,SVC-0025 -[service_api]-> API-APP-0135; token_overlap:breeding
EDGE-0720,record,service_api,SVC-0026,API-APP-0071,S,static name/path token overlap from AOT catalogs,linked,SVC-0026 -[service_api]-> API-APP-0071; token_overlap:record
EDGE-0721,record,service_api,SVC-0026,API-APP-0072,S,static name/path token overlap from AOT catalogs,linked,SVC-0026 -[service_api]-> API-APP-0072; token_overlap:record
EDGE-0722,record,service_api,SVC-0026,API-APP-0073,S,static name/path token overlap from AOT catalogs,linked,SVC-0026 -[service_api]-> API-APP-0073; token_overlap:record
EDGE-0723,record,service_api,SVC-0026,API-APP-0074,S,static name/path token overlap from AOT catalogs,linked,SVC-0026 -[service_api]-> API-APP-0074; token_overlap:record
EDGE-0724,event,service_api,SVC-0026,API-APP-0097,S,static name/path token overlap from AOT catalogs,linked,SVC-0026 -[service_api]-> API-APP-0097; token_overlap:event
EDGE-0725,event,service_api,SVC-0026,API-APP-0098,S,static name/path token overlap from AOT catalogs,linked,SVC-0026 -[service_api]-> API-APP-0098; token_overlap:event
EDGE-0726,event,service_api,SVC-0026,API-APP-0099,S,static name/path token overlap from AOT catalogs,linked,SVC-0026 -[service_api]-> API-APP-0099; token_overlap:event
EDGE-0727,event,service_api,SVC-0026,API-APP-0100,S,static name/path token overlap from AOT catalogs,linked,SVC-0026 -[service_api]-> API-APP-0100; token_overlap:event
EDGE-0728,event,service_api,SVC-0026,API-APP-0101,S,static name/path token overlap from AOT catalogs,linked,SVC-0026 -[service_api]-> API-APP-0101; token_overlap:event
EDGE-0729,event,service_api,SVC-0026,API-APP-0102,S,static name/path token overlap from AOT catalogs,linked,SVC-0026 -[service_api]-> API-APP-0102; token_overlap:event
EDGE-0730,event,service_api,SVC-0026,API-APP-0169,S,static name/path token overlap from AOT catalogs,linked,SVC-0026 -[service_api]-> API-APP-0169; token_overlap:event
EDGE-0731,record,service_api,SVC-0026,API-APP-0249,S,static name/path token overlap from AOT catalogs,linked,SVC-0026 -[service_api]-> API-APP-0249; token_overlap:record
EDGE-0732,record,service_api,SVC-0026,API-APP-0250,S,static name/path token overlap from AOT catalogs,linked,SVC-0026 -[service_api]-> API-APP-0250; token_overlap:record
EDGE-0733,event,service_api,SVC-0027,API-APP-0097,S,static name/path token overlap from AOT catalogs,linked,SVC-0027 -[service_api]-> API-APP-0097; token_overlap:event
EDGE-0734,event,service_api,SVC-0027,API-APP-0098,S,static name/path token overlap from AOT catalogs,linked,SVC-0027 -[service_api]-> API-APP-0098; token_overlap:event
EDGE-0735,event,service_api,SVC-0027,API-APP-0099,S,static name/path token overlap from AOT catalogs,linked,SVC-0027 -[service_api]-> API-APP-0099; token_overlap:event
EDGE-0736,event,service_api,SVC-0027,API-APP-0100,S,static name/path token overlap from AOT catalogs,linked,SVC-0027 -[service_api]-> API-APP-0100; token_overlap:event
EDGE-0737,event,service_api,SVC-0027,API-APP-0101,S,static name/path token overlap from AOT catalogs,linked,SVC-0027 -[service_api]-> API-APP-0101; token_overlap:event
EDGE-0738,event,service_api,SVC-0027,API-APP-0102,S,static name/path token overlap from AOT catalogs,linked,SVC-0027 -[service_api]-> API-APP-0102; token_overlap:event
EDGE-0739,event,service_api,SVC-0027,API-APP-0169,S,static name/path token overlap from AOT catalogs,linked,SVC-0027 -[service_api]-> API-APP-0169; token_overlap:event
EDGE-0740,feedback,service_api,SVC-0028,API-APP-0131,S,static name/path token overlap from AOT catalogs,linked,SVC-0028 -[service_api]-> API-APP-0131; token_overlap:feedback
EDGE-0741,genetic,service_api,SVC-0030,API-APP-0134,S,static name/path token overlap from AOT catalogs,linked,SVC-0030 -[service_api]-> API-APP-0134; token_overlap:genetic
EDGE-0742,genetic,service_api,SVC-0030,API-APP-0135,S,static name/path token overlap from AOT catalogs,linked,SVC-0030 -[service_api]-> API-APP-0135; token_overlap:genetic
EDGE-0743,genetic,service_api,SVC-0030,API-APP-0136,S,static name/path token overlap from AOT catalogs,linked,SVC-0030 -[service_api]-> API-APP-0136; token_overlap:genetic
EDGE-0744,genetic,service_api,SVC-0030,API-APP-0137,S,static name/path token overlap from AOT catalogs,linked,SVC-0030 -[service_api]-> API-APP-0137; token_overlap:genetic
EDGE-0745,genetic,service_api,SVC-0030,API-APP-0138,S,static name/path token overlap from AOT catalogs,linked,SVC-0030 -[service_api]-> API-APP-0138; token_overlap:genetic
EDGE-0746,genetic,service_api,SVC-0030,API-APP-0139,S,static name/path token overlap from AOT catalogs,linked,SVC-0030 -[service_api]-> API-APP-0139; token_overlap:genetic
EDGE-0747,goods,service_api,SVC-0031,API-APP-0140,S,static name/path token overlap from AOT catalogs,linked,SVC-0031 -[service_api]-> API-APP-0140; token_overlap:goods
EDGE-0748,grooming,service_api,SVC-0032,API-APP-0142,S,static name/path token overlap from AOT catalogs,linked,SVC-0032 -[service_api]-> API-APP-0142; token_overlap:grooming
EDGE-0749,grooming,service_api,SVC-0032,API-APP-0143,S,static name/path token overlap from AOT catalogs,linked,SVC-0032 -[service_api]-> API-APP-0143; token_overlap:grooming
EDGE-0750,grooming,service_api,SVC-0032,API-APP-0144,S,static name/path token overlap from AOT catalogs,linked,SVC-0032 -[service_api]-> API-APP-0144; token_overlap:grooming
EDGE-0751,grooming,service_api,SVC-0032,API-APP-0145,S,static name/path token overlap from AOT catalogs,linked,SVC-0032 -[service_api]-> API-APP-0145; token_overlap:grooming
EDGE-0752,grooming,service_api,SVC-0032,API-APP-0146,S,static name/path token overlap from AOT catalogs,linked,SVC-0032 -[service_api]-> API-APP-0146; token_overlap:grooming
EDGE-0753,health,service_api,SVC-0033,API-APP-0048,S,static name/path token overlap from AOT catalogs,linked,SVC-0033 -[service_api]-> API-APP-0048; token_overlap:health
EDGE-0754,health,service_api,SVC-0033,API-APP-0049,S,static name/path token overlap from AOT catalogs,linked,SVC-0033 -[service_api]-> API-APP-0049; token_overlap:health
EDGE-0755,record,service_api,SVC-0033,API-APP-0071,S,static name/path token overlap from AOT catalogs,linked,SVC-0033 -[service_api]-> API-APP-0071; token_overlap:record
EDGE-0756,record,service_api,SVC-0033,API-APP-0072,S,static name/path token overlap from AOT catalogs,linked,SVC-0033 -[service_api]-> API-APP-0072; token_overlap:record
EDGE-0757,record,service_api,SVC-0033,API-APP-0073,S,static name/path token overlap from AOT catalogs,linked,SVC-0033 -[service_api]-> API-APP-0073; token_overlap:record
EDGE-0758,record,service_api,SVC-0033,API-APP-0074,S,static name/path token overlap from AOT catalogs,linked,SVC-0033 -[service_api]-> API-APP-0074; token_overlap:record
EDGE-0759,record,service_api,SVC-0033,API-APP-0249,S,static name/path token overlap from AOT catalogs,linked,SVC-0033 -[service_api]-> API-APP-0249; token_overlap:record
EDGE-0760,record,service_api,SVC-0033,API-APP-0250,S,static name/path token overlap from AOT catalogs,linked,SVC-0033 -[service_api]-> API-APP-0250; token_overlap:record
EDGE-0761,upload,service_api,SVC-0034,API-APP-0235,S,static name/path token overlap from AOT catalogs,linked,SVC-0034 -[service_api]-> API-APP-0235; token_overlap:upload
EDGE-0762,intro_splash,service_api,SVC-0035,API-APP-0159,S,static name/path token overlap from AOT catalogs,linked,SVC-0035 -[service_api]-> API-APP-0159; token_overlap:intro_splash
EDGE-0763,marketing,service_api,SVC-0038,API-APP-0147,S,static name/path token overlap from AOT catalogs,linked,SVC-0038 -[service_api]-> API-APP-0147; token_overlap:marketing
EDGE-0764,marketing,service_api,SVC-0038,API-APP-0148,S,static name/path token overlap from AOT catalogs,linked,SVC-0038 -[service_api]-> API-APP-0148; token_overlap:marketing
EDGE-0765,marketing,service_api,SVC-0038,API-APP-0149,S,static name/path token overlap from AOT catalogs,linked,SVC-0038 -[service_api]-> API-APP-0149; token_overlap:marketing
EDGE-0766,marketing,service_api,SVC-0038,API-APP-0150,S,static name/path token overlap from AOT catalogs,linked,SVC-0038 -[service_api]-> API-APP-0150; token_overlap:marketing
EDGE-0767,member,service_api,SVC-0039,API-APP-0151,S,static name/path token overlap from AOT catalogs,linked,SVC-0039 -[service_api]-> API-APP-0151; token_overlap:member
EDGE-0768,member,service_api,SVC-0039,API-APP-0152,S,static name/path token overlap from AOT catalogs,linked,SVC-0039 -[service_api]-> API-APP-0152; token_overlap:member
EDGE-0769,member,service_api,SVC-0039,API-APP-0153,S,static name/path token overlap from AOT catalogs,linked,SVC-0039 -[service_api]-> API-APP-0153; token_overlap:member
EDGE-0770,member,service_api,SVC-0039,API-APP-0201,S,static name/path token overlap from AOT catalogs,linked,SVC-0039 -[service_api]-> API-APP-0201; token_overlap:member
EDGE-0771,member,service_api,SVC-0039,API-APP-0202,S,static name/path token overlap from AOT catalogs,linked,SVC-0039 -[service_api]-> API-APP-0202; token_overlap:member
EDGE-0772,merchant,service_api,SVC-0040,API-APP-0154,S,static name/path token overlap from AOT catalogs,linked,SVC-0040 -[service_api]-> API-APP-0154; token_overlap:merchant
EDGE-0773,merchant,service_api,SVC-0040,API-APP-0155,S,static name/path token overlap from AOT catalogs,linked,SVC-0040 -[service_api]-> API-APP-0155; token_overlap:merchant
EDGE-0774,merchant,service_api,SVC-0040,API-APP-0156,S,static name/path token overlap from AOT catalogs,linked,SVC-0040 -[service_api]-> API-APP-0156; token_overlap:merchant
EDGE-0775,merchant,service_api,SVC-0040,API-APP-0157,S,static name/path token overlap from AOT catalogs,linked,SVC-0040 -[service_api]-> API-APP-0157; token_overlap:merchant
EDGE-0776,merchant,service_api,SVC-0040,API-APP-0158,S,static name/path token overlap from AOT catalogs,linked,SVC-0040 -[service_api]-> API-APP-0158; token_overlap:merchant
EDGE-0777,merchant,service_api,SVC-0040,API-APP-0159,S,static name/path token overlap from AOT catalogs,linked,SVC-0040 -[service_api]-> API-APP-0159; token_overlap:merchant
EDGE-0778,merchant,service_api,SVC-0040,API-APP-0160,S,static name/path token overlap from AOT catalogs,linked,SVC-0040 -[service_api]-> API-APP-0160; token_overlap:merchant
EDGE-0779,merchant,service_api,SVC-0040,API-APP-0204,S,static name/path token overlap from AOT catalogs,linked,SVC-0040 -[service_api]-> API-APP-0204; token_overlap:merchant
EDGE-0780,mini,service_api,SVC-0041,API-APP-0228,S,static name/path token overlap from AOT catalogs,linked,SVC-0041 -[service_api]-> API-APP-0228; token_overlap:mini
EDGE-0781,mini,service_api,SVC-0041,API-APP-0229,S,static name/path token overlap from AOT catalogs,linked,SVC-0041 -[service_api]-> API-APP-0229; token_overlap:mini
EDGE-0782,mini,service_api,SVC-0041,API-APP-0230,S,static name/path token overlap from AOT catalogs,linked,SVC-0041 -[service_api]-> API-APP-0230; token_overlap:mini
EDGE-0783,mini,service_api,SVC-0041,API-APP-0231,S,static name/path token overlap from AOT catalogs,linked,SVC-0041 -[service_api]-> API-APP-0231; token_overlap:mini
EDGE-0784,mini,service_api,SVC-0041,API-APP-0232,S,static name/path token overlap from AOT catalogs,linked,SVC-0041 -[service_api]-> API-APP-0232; token_overlap:mini
EDGE-0785,"mini,qrcode",service_api,SVC-0041,API-APP-0233,S,static name/path token overlap from AOT catalogs,linked,"SVC-0041 -[service_api]-> API-APP-0233; token_overlap:mini,qrcode"
EDGE-0786,mini,service_api,SVC-0041,API-APP-0234,S,static name/path token overlap from AOT catalogs,linked,SVC-0041 -[service_api]-> API-APP-0234; token_overlap:mini
EDGE-0787,mini,service_api,SVC-0041,API-APP-0235,S,static name/path token overlap from AOT catalogs,linked,SVC-0041 -[service_api]-> API-APP-0235; token_overlap:mini
EDGE-0788,mini,service_api,SVC-0041,API-APP-0236,S,static name/path token overlap from AOT catalogs,linked,SVC-0041 -[service_api]-> API-APP-0236; token_overlap:mini
EDGE-0789,operation,service_api,SVC-0042,API-APP-0161,S,static name/path token overlap from AOT catalogs,linked,SVC-0042 -[service_api]-> API-APP-0161; token_overlap:operation
EDGE-0790,overview,service_api,SVC-0043,API-APP-0017,S,static name/path token overlap from AOT catalogs,linked,SVC-0043 -[service_api]-> API-APP-0017; token_overlap:overview
EDGE-0791,overview,service_api,SVC-0043,API-APP-0096,S,static name/path token overlap from AOT catalogs,linked,SVC-0043 -[service_api]-> API-APP-0096; token_overlap:overview
EDGE-0792,"pet,transfer",service_api,SVC-0044,API-APP-0162,S,static name/path token overlap from AOT catalogs,linked,"SVC-0044 -[service_api]-> API-APP-0162; token_overlap:pet,transfer"
EDGE-0793,"pet,transfer",service_api,SVC-0044,API-APP-0163,S,static name/path token overlap from AOT catalogs,linked,"SVC-0044 -[service_api]-> API-APP-0163; token_overlap:pet,transfer"
EDGE-0794,"pet,transfer",service_api,SVC-0044,API-APP-0164,S,static name/path token overlap from AOT catalogs,linked,"SVC-0044 -[service_api]-> API-APP-0164; token_overlap:pet,transfer"
EDGE-0795,"pet,transfer",service_api,SVC-0044,API-APP-0165,S,static name/path token overlap from AOT catalogs,linked,"SVC-0044 -[service_api]-> API-APP-0165; token_overlap:pet,transfer"
EDGE-0796,"pet,transfer",service_api,SVC-0044,API-APP-0170,S,static name/path token overlap from AOT catalogs,linked,"SVC-0044 -[service_api]-> API-APP-0170; token_overlap:pet,transfer"
EDGE-0797,point,service_api,SVC-0045,API-APP-0166,S,static name/path token overlap from AOT catalogs,linked,SVC-0045 -[service_api]-> API-APP-0166; token_overlap:point
EDGE-0798,point,service_api,SVC-0045,API-APP-0167,S,static name/path token overlap from AOT catalogs,linked,SVC-0045 -[service_api]-> API-APP-0167; token_overlap:point
EDGE-0799,product,service_api,SVC-0046,API-APP-0168,S,static name/path token overlap from AOT catalogs,linked,SVC-0046 -[service_api]-> API-APP-0168; token_overlap:product
EDGE-0800,receipt,service_api,SVC-0049,API-APP-0183,S,static name/path token overlap from AOT catalogs,linked,SVC-0049 -[service_api]-> API-APP-0183; token_overlap:receipt
EDGE-0801,receipt,service_api,SVC-0049,API-APP-0184,S,static name/path token overlap from AOT catalogs,linked,SVC-0049 -[service_api]-> API-APP-0184; token_overlap:receipt
EDGE-0802,receipt,service_api,SVC-0049,API-APP-0185,S,static name/path token overlap from AOT catalogs,linked,SVC-0049 -[service_api]-> API-APP-0185; token_overlap:receipt
EDGE-0803,receipt,service_api,SVC-0049,API-APP-0186,S,static name/path token overlap from AOT catalogs,linked,SVC-0049 -[service_api]-> API-APP-0186; token_overlap:receipt
EDGE-0804,receipt,service_api,SVC-0049,API-APP-0187,S,static name/path token overlap from AOT catalogs,linked,SVC-0049 -[service_api]-> API-APP-0187; token_overlap:receipt
EDGE-0805,record,service_api,SVC-0050,API-APP-0071,S,static name/path token overlap from AOT catalogs,linked,SVC-0050 -[service_api]-> API-APP-0071; token_overlap:record
EDGE-0806,record,service_api,SVC-0050,API-APP-0072,S,static name/path token overlap from AOT catalogs,linked,SVC-0050 -[service_api]-> API-APP-0072; token_overlap:record
EDGE-0807,record,service_api,SVC-0050,API-APP-0073,S,static name/path token overlap from AOT catalogs,linked,SVC-0050 -[service_api]-> API-APP-0073; token_overlap:record
EDGE-0808,record,service_api,SVC-0050,API-APP-0074,S,static name/path token overlap from AOT catalogs,linked,SVC-0050 -[service_api]-> API-APP-0074; token_overlap:record
EDGE-0809,record,service_api,SVC-0050,API-APP-0249,S,static name/path token overlap from AOT catalogs,linked,SVC-0050 -[service_api]-> API-APP-0249; token_overlap:record
EDGE-0810,record,service_api,SVC-0050,API-APP-0250,S,static name/path token overlap from AOT catalogs,linked,SVC-0050 -[service_api]-> API-APP-0250; token_overlap:record
EDGE-0811,referral,service_api,SVC-0051,API-APP-0171,S,static name/path token overlap from AOT catalogs,linked,SVC-0051 -[service_api]-> API-APP-0171; token_overlap:referral
EDGE-0812,referral,service_api,SVC-0051,API-APP-0188,S,static name/path token overlap from AOT catalogs,linked,SVC-0051 -[service_api]-> API-APP-0188; token_overlap:referral
EDGE-0813,referral,service_api,SVC-0051,API-APP-0189,S,static name/path token overlap from AOT catalogs,linked,SVC-0051 -[service_api]-> API-APP-0189; token_overlap:referral
EDGE-0814,referral,service_api,SVC-0051,API-APP-0190,S,static name/path token overlap from AOT catalogs,linked,SVC-0051 -[service_api]-> API-APP-0190; token_overlap:referral
EDGE-0815,seo,service_api,SVC-0052,API-APP-0191,S,static name/path token overlap from AOT catalogs,linked,SVC-0052 -[service_api]-> API-APP-0191; token_overlap:seo
EDGE-0816,template,service_api,SVC-0057,API-APP-0208,S,static name/path token overlap from AOT catalogs,linked,SVC-0057 -[service_api]-> API-APP-0208; token_overlap:template
EDGE-0817,template,service_api,SVC-0057,API-APP-0234,S,static name/path token overlap from AOT catalogs,linked,SVC-0057 -[service_api]-> API-APP-0234; token_overlap:template
EDGE-0818,theme,service_api,SVC-0058,API-APP-0157,S,static name/path token overlap from AOT catalogs,linked,SVC-0058 -[service_api]-> API-APP-0157; token_overlap:theme
EDGE-0819,theme,service_api,SVC-0058,API-APP-0158,S,static name/path token overlap from AOT catalogs,linked,SVC-0058 -[service_api]-> API-APP-0158; token_overlap:theme
EDGE-0820,theme,service_api,SVC-0058,API-APP-0159,S,static name/path token overlap from AOT catalogs,linked,SVC-0058 -[service_api]-> API-APP-0159; token_overlap:theme
EDGE-0821,event,service_api,SVC-0059,API-APP-0097,S,static name/path token overlap from AOT catalogs,linked,SVC-0059 -[service_api]-> API-APP-0097; token_overlap:event
EDGE-0822,event,service_api,SVC-0059,API-APP-0098,S,static name/path token overlap from AOT catalogs,linked,SVC-0059 -[service_api]-> API-APP-0098; token_overlap:event
EDGE-0823,event,service_api,SVC-0059,API-APP-0099,S,static name/path token overlap from AOT catalogs,linked,SVC-0059 -[service_api]-> API-APP-0099; token_overlap:event
EDGE-0824,event,service_api,SVC-0059,API-APP-0100,S,static name/path token overlap from AOT catalogs,linked,SVC-0059 -[service_api]-> API-APP-0100; token_overlap:event
EDGE-0825,event,service_api,SVC-0059,API-APP-0101,S,static name/path token overlap from AOT catalogs,linked,SVC-0059 -[service_api]-> API-APP-0101; token_overlap:event
EDGE-0826,event,service_api,SVC-0059,API-APP-0102,S,static name/path token overlap from AOT catalogs,linked,SVC-0059 -[service_api]-> API-APP-0102; token_overlap:event
EDGE-0827,event,service_api,SVC-0059,API-APP-0169,S,static name/path token overlap from AOT catalogs,linked,SVC-0059 -[service_api]-> API-APP-0169; token_overlap:event
EDGE-0828,tool,service_api,SVC-0060,API-APP-0211,S,static name/path token overlap from AOT catalogs,linked,SVC-0060 -[service_api]-> API-APP-0211; token_overlap:tool
EDGE-0829,tool,service_api,SVC-0060,API-APP-0212,S,static name/path token overlap from AOT catalogs,linked,SVC-0060 -[service_api]-> API-APP-0212; token_overlap:tool
EDGE-0830,tool,service_api,SVC-0060,API-APP-0213,S,static name/path token overlap from AOT catalogs,linked,SVC-0060 -[service_api]-> API-APP-0213; token_overlap:tool
EDGE-0831,user,service_api,SVC-0061,API-APP-0218,S,static name/path token overlap from AOT catalogs,linked,SVC-0061 -[service_api]-> API-APP-0218; token_overlap:user
EDGE-0832,version,service_api,SVC-0063,API-APP-0236,S,static name/path token overlap from AOT catalogs,linked,SVC-0063 -[service_api]-> API-APP-0236; token_overlap:version
EDGE-0833,weight_alert,service_api,SVC-0064,API-APP-0227,S,static name/path token overlap from AOT catalogs,linked,SVC-0064 -[service_api]-> API-APP-0227; token_overlap:weight_alert
EDGE-0834,weixin,service_api,SVC-0065,API-APP-0228,S,static name/path token overlap from AOT catalogs,linked,SVC-0065 -[service_api]-> API-APP-0228; token_overlap:weixin
EDGE-0835,weixin,service_api,SVC-0065,API-APP-0229,S,static name/path token overlap from AOT catalogs,linked,SVC-0065 -[service_api]-> API-APP-0229; token_overlap:weixin
EDGE-0836,weixin,service_api,SVC-0065,API-APP-0230,S,static name/path token overlap from AOT catalogs,linked,SVC-0065 -[service_api]-> API-APP-0230; token_overlap:weixin
EDGE-0837,weixin,service_api,SVC-0065,API-APP-0231,S,static name/path token overlap from AOT catalogs,linked,SVC-0065 -[service_api]-> API-APP-0231; token_overlap:weixin
EDGE-0838,weixin,service_api,SVC-0065,API-APP-0232,S,static name/path token overlap from AOT catalogs,linked,SVC-0065 -[service_api]-> API-APP-0232; token_overlap:weixin
EDGE-0839,weixin,service_api,SVC-0065,API-APP-0233,S,static name/path token overlap from AOT catalogs,linked,SVC-0065 -[service_api]-> API-APP-0233; token_overlap:weixin
EDGE-0840,weixin,service_api,SVC-0065,API-APP-0234,S,static name/path token overlap from AOT catalogs,linked,SVC-0065 -[service_api]-> API-APP-0234; token_overlap:weixin
EDGE-0841,weixin,service_api,SVC-0065,API-APP-0235,S,static name/path token overlap from AOT catalogs,linked,SVC-0065 -[service_api]-> API-APP-0235; token_overlap:weixin
EDGE-0842,weixin,service_api,SVC-0065,API-APP-0236,S,static name/path token overlap from AOT catalogs,linked,SVC-0065 -[service_api]-> API-APP-0236; token_overlap:weixin
EDGE-0843,agent,page_service,PAGE-0001,SVC-0002,S,static name/path token overlap from AOT catalogs,linked,PAGE-0001 -[page_service]-> SVC-0002; token_overlap:agent
EDGE-0844,analytics,page_service,PAGE-0002,SVC-0004,S,static name/path token overlap from AOT catalogs,linked,PAGE-0002 -[page_service]-> SVC-0004; token_overlap:analytics
EDGE-0845,analytics,page_service,PAGE-0003,SVC-0004,S,static name/path token overlap from AOT catalogs,linked,PAGE-0003 -[page_service]-> SVC-0004; token_overlap:analytics
EDGE-0846,analytics,page_service,PAGE-0004,SVC-0004,S,static name/path token overlap from AOT catalogs,linked,PAGE-0004 -[page_service]-> SVC-0004; token_overlap:analytics
EDGE-0847,auth,page_service,PAGE-0005,SVC-0008,S,static name/path token overlap from AOT catalogs,linked,PAGE-0005 -[page_service]-> SVC-0008; token_overlap:auth
EDGE-0848,auth,page_service,PAGE-0006,SVC-0008,S,static name/path token overlap from AOT catalogs,linked,PAGE-0006 -[page_service]-> SVC-0008; token_overlap:auth
EDGE-0849,auth,page_service,PAGE-0007,SVC-0008,S,static name/path token overlap from AOT catalogs,linked,PAGE-0007 -[page_service]-> SVC-0008; token_overlap:auth
EDGE-0850,auth,page_service,PAGE-0008,SVC-0008,S,static name/path token overlap from AOT catalogs,linked,PAGE-0008 -[page_service]-> SVC-0008; token_overlap:auth
EDGE-0851,accounting,page_service,PAGE-0009,SVC-0001,S,static name/path token overlap from AOT catalogs,linked,PAGE-0009 -[page_service]-> SVC-0001; token_overlap:accounting
EDGE-0852,accounting,page_service,PAGE-0010,SVC-0001,S,static name/path token overlap from AOT catalogs,linked,PAGE-0010 -[page_service]-> SVC-0001; token_overlap:accounting
EDGE-0853,accounting,page_service,PAGE-0011,SVC-0001,S,static name/path token overlap from AOT catalogs,linked,PAGE-0011 -[page_service]-> SVC-0001; token_overlap:accounting
EDGE-0854,boarding,page_service,PAGE-0012,SVC-0011,S,static name/path token overlap from AOT catalogs,linked,PAGE-0012 -[page_service]-> SVC-0011; token_overlap:boarding
EDGE-0855,boarding,page_service,PAGE-0013,SVC-0011,S,static name/path token overlap from AOT catalogs,linked,PAGE-0013 -[page_service]-> SVC-0011; token_overlap:boarding
EDGE-0856,boarding,page_service,PAGE-0014,SVC-0011,S,static name/path token overlap from AOT catalogs,linked,PAGE-0014 -[page_service]-> SVC-0011; token_overlap:boarding
EDGE-0857,boarding,page_service,PAGE-0015,SVC-0011,S,static name/path token overlap from AOT catalogs,linked,PAGE-0015 -[page_service]-> SVC-0011; token_overlap:boarding
EDGE-0858,boarding,page_service,PAGE-0016,SVC-0011,S,static name/path token overlap from AOT catalogs,linked,PAGE-0016 -[page_service]-> SVC-0011; token_overlap:boarding
EDGE-0859,boarding,page_service,PAGE-0017,SVC-0011,S,static name/path token overlap from AOT catalogs,linked,PAGE-0017 -[page_service]-> SVC-0011; token_overlap:boarding
EDGE-0860,"brand,brand_task,task",page_service,PAGE-0018,SVC-0012,S,static name/path token overlap from AOT catalogs,linked,"PAGE-0018 -[page_service]-> SVC-0012; token_overlap:brand,brand_task,task"
EDGE-0861,"brand,brand_task,task",page_service,PAGE-0019,SVC-0012,S,static name/path token overlap from AOT catalogs,linked,"PAGE-0019 -[page_service]-> SVC-0012; token_overlap:brand,brand_task,task"
EDGE-0862,"brand,brand_task,task",page_service,PAGE-0020,SVC-0012,S,static name/path token overlap from AOT catalogs,linked,"PAGE-0020 -[page_service]-> SVC-0012; token_overlap:brand,brand_task,task"
EDGE-0863,"brand,brand_task,task",page_service,PAGE-0021,SVC-0012,S,static name/path token overlap from AOT catalogs,linked,"PAGE-0021 -[page_service]-> SVC-0012; token_overlap:brand,brand_task,task"
EDGE-0864,"brand_task,task",page_service,PAGE-0022,SVC-0012,S,static name/path token overlap from AOT catalogs,linked,"PAGE-0022 -[page_service]-> SVC-0012; token_overlap:brand_task,task"
EDGE-0865,breeding,page_service,PAGE-0023,SVC-0014,S,static name/path token overlap from AOT catalogs,linked,PAGE-0023 -[page_service]-> SVC-0014; token_overlap:breeding
EDGE-0866,breeding,page_service,PAGE-0023,SVC-0025,S,static name/path token overlap from AOT catalogs,linked,PAGE-0023 -[page_service]-> SVC-0025; token_overlap:breeding
EDGE-0867,"breeding,plan",page_service,PAGE-0024,SVC-0014,S,static name/path token overlap from AOT catalogs,linked,"PAGE-0024 -[page_service]-> SVC-0014; token_overlap:breeding,plan"
EDGE-0868,breeding,page_service,PAGE-0024,SVC-0025,S,static name/path token overlap from AOT catalogs,linked,PAGE-0024 -[page_service]-> SVC-0025; token_overlap:breeding
EDGE-0869,calendar,page_service,PAGE-0025,SVC-0015,S,static name/path token overlap from AOT catalogs,linked,PAGE-0025 -[page_service]-> SVC-0015; token_overlap:calendar
EDGE-0870,calendar,page_service,PAGE-0026,SVC-0015,S,static name/path token overlap from AOT catalogs,linked,PAGE-0026 -[page_service]-> SVC-0015; token_overlap:calendar
EDGE-0871,calendar,page_service,PAGE-0027,SVC-0015,S,static name/path token overlap from AOT catalogs,linked,PAGE-0027 -[page_service]-> SVC-0015; token_overlap:calendar
EDGE-0872,calendar,page_service,PAGE-0028,SVC-0015,S,static name/path token overlap from AOT catalogs,linked,PAGE-0028 -[page_service]-> SVC-0015; token_overlap:calendar
EDGE-0873,analytics,page_service,PAGE-0029,SVC-0004,S,static name/path token overlap from AOT catalogs,linked,PAGE-0029 -[page_service]-> SVC-0004; token_overlap:analytics
EDGE-0874,cat,page_service,PAGE-0029,SVC-0016,S,static name/path token overlap from AOT catalogs,linked,PAGE-0029 -[page_service]-> SVC-0016; token_overlap:cat
EDGE-0875,cat,page_service,PAGE-0029,SVC-0017,S,static name/path token overlap from AOT catalogs,linked,PAGE-0029 -[page_service]-> SVC-0017; token_overlap:cat
EDGE-0876,cat,page_service,PAGE-0029,SVC-0018,S,static name/path token overlap from AOT catalogs,linked,PAGE-0029 -[page_service]-> SVC-0018; token_overlap:cat
EDGE-0877,analytics,page_service,PAGE-0030,SVC-0004,S,static name/path token overlap from AOT catalogs,linked,PAGE-0030 -[page_service]-> SVC-0004; token_overlap:analytics
EDGE-0878,cat,page_service,PAGE-0030,SVC-0016,S,static name/path token overlap from AOT catalogs,linked,PAGE-0030 -[page_service]-> SVC-0016; token_overlap:cat
EDGE-0879,cat,page_service,PAGE-0030,SVC-0017,S,static name/path token overlap from AOT catalogs,linked,PAGE-0030 -[page_service]-> SVC-0017; token_overlap:cat
EDGE-0880,cat,page_service,PAGE-0030,SVC-0018,S,static name/path token overlap from AOT catalogs,linked,PAGE-0030 -[page_service]-> SVC-0018; token_overlap:cat
EDGE-0881,analytics,page_service,PAGE-0031,SVC-0004,S,static name/path token overlap from AOT catalogs,linked,PAGE-0031 -[page_service]-> SVC-0004; token_overlap:analytics
EDGE-0882,cat,page_service,PAGE-0031,SVC-0016,S,static name/path token overlap from AOT catalogs,linked,PAGE-0031 -[page_service]-> SVC-0016; token_overlap:cat
EDGE-0883,cat,page_service,PAGE-0031,SVC-0017,S,static name/path token overlap from AOT catalogs,linked,PAGE-0031 -[page_service]-> SVC-0017; token_overlap:cat
EDGE-0884,cat,page_service,PAGE-0031,SVC-0018,S,static name/path token overlap from AOT catalogs,linked,PAGE-0031 -[page_service]-> SVC-0018; token_overlap:cat
EDGE-0885,cat,page_service,PAGE-0032,SVC-0016,S,static name/path token overlap from AOT catalogs,linked,PAGE-0032 -[page_service]-> SVC-0016; token_overlap:cat
EDGE-0886,cat,page_service,PAGE-0032,SVC-0017,S,static name/path token overlap from AOT catalogs,linked,PAGE-0032 -[page_service]-> SVC-0017; token_overlap:cat
EDGE-0887,cat,page_service,PAGE-0032,SVC-0018,S,static name/path token overlap from AOT catalogs,linked,PAGE-0032 -[page_service]-> SVC-0018; token_overlap:cat
EDGE-0888,cat,page_service,PAGE-0033,SVC-0016,S,static name/path token overlap from AOT catalogs,linked,PAGE-0033 -[page_service]-> SVC-0016; token_overlap:cat
EDGE-0889,cat,page_service,PAGE-0033,SVC-0017,S,static name/path token overlap from AOT catalogs,linked,PAGE-0033 -[page_service]-> SVC-0017; token_overlap:cat
EDGE-0890,"cat,cat_weight,weight",page_service,PAGE-0033,SVC-0018,S,static name/path token overlap from AOT catalogs,linked,"PAGE-0033 -[page_service]-> SVC-0018; token_overlap:cat,cat_weight,weight"
EDGE-0891,weight,page_service,PAGE-0033,SVC-0064,S,static name/path token overlap from AOT catalogs,linked,PAGE-0033 -[page_service]-> SVC-0064; token_overlap:weight
EDGE-0892,cat,page_service,PAGE-0034,SVC-0016,S,static name/path token overlap from AOT catalogs,linked,PAGE-0034 -[page_service]-> SVC-0016; token_overlap:cat
EDGE-0893,cat,page_service,PAGE-0034,SVC-0017,S,static name/path token overlap from AOT catalogs,linked,PAGE-0034 -[page_service]-> SVC-0017; token_overlap:cat
EDGE-0894,"cat,cat_weight,weight",page_service,PAGE-0034,SVC-0018,S,static name/path token overlap from AOT catalogs,linked,"PAGE-0034 -[page_service]-> SVC-0018; token_overlap:cat,cat_weight,weight"
EDGE-0895,weight,page_service,PAGE-0034,SVC-0064,S,static name/path token overlap from AOT catalogs,linked,PAGE-0034 -[page_service]-> SVC-0064; token_overlap:weight
EDGE-0896,cat,page_service,PAGE-0035,SVC-0016,S,static name/path token overlap from AOT catalogs,linked,PAGE-0035 -[page_service]-> SVC-0016; token_overlap:cat
EDGE-0897,cat,page_service,PAGE-0035,SVC-0017,S,static name/path token overlap from AOT catalogs,linked,PAGE-0035 -[page_service]-> SVC-0017; token_overlap:cat
EDGE-0898,"cat,cat_weight,weight",page_service,PAGE-0035,SVC-0018,S,static name/path token overlap from AOT catalogs,linked,"PAGE-0035 -[page_service]-> SVC-0018; token_overlap:cat,cat_weight,weight"
EDGE-0899,weight,page_service,PAGE-0035,SVC-0064,S,static name/path token overlap from AOT catalogs,linked,PAGE-0035 -[page_service]-> SVC-0064; token_overlap:weight
EDGE-0900,contract,page_service,PAGE-0036,SVC-0021,S,static name/path token overlap from AOT catalogs,linked,PAGE-0036 -[page_service]-> SVC-0021; token_overlap:contract
EDGE-0901,contract,page_service,PAGE-0037,SVC-0021,S,static name/path token overlap from AOT catalogs,linked,PAGE-0037 -[page_service]-> SVC-0021; token_overlap:contract
EDGE-0902,contract,page_service,PAGE-0038,SVC-0021,S,static name/path token overlap from AOT catalogs,linked,PAGE-0038 -[page_service]-> SVC-0021; token_overlap:contract
EDGE-0903,contract,page_service,PAGE-0039,SVC-0021,S,static name/path token overlap from AOT catalogs,linked,PAGE-0039 -[page_service]-> SVC-0021; token_overlap:contract
EDGE-0904,contract,page_service,PAGE-0040,SVC-0021,S,static name/path token overlap from AOT catalogs,linked,PAGE-0040 -[page_service]-> SVC-0021; token_overlap:contract
EDGE-0905,backup,page_service,PAGE-0041,SVC-0009,S,static name/path token overlap from AOT catalogs,linked,PAGE-0041 -[page_service]-> SVC-0009; token_overlap:backup
EDGE-0906,backup,page_service,PAGE-0042,SVC-0009,S,static name/path token overlap from AOT catalogs,linked,PAGE-0042 -[page_service]-> SVC-0009; token_overlap:backup
EDGE-0907,backup,page_service,PAGE-0043,SVC-0009,S,static name/path token overlap from AOT catalogs,linked,PAGE-0043 -[page_service]-> SVC-0009; token_overlap:backup
EDGE-0908,backup,page_service,PAGE-0044,SVC-0009,S,static name/path token overlap from AOT catalogs,linked,PAGE-0044 -[page_service]-> SVC-0009; token_overlap:backup
EDGE-0909,backup,page_service,PAGE-0045,SVC-0009,S,static name/path token overlap from AOT catalogs,linked,PAGE-0045 -[page_service]-> SVC-0009; token_overlap:backup
EDGE-0910,badge,page_service,PAGE-0046,SVC-0006,S,static name/path token overlap from AOT catalogs,linked,PAGE-0046 -[page_service]-> SVC-0006; token_overlap:badge
EDGE-0911,backup,page_service,PAGE-0046,SVC-0009,S,static name/path token overlap from AOT catalogs,linked,PAGE-0046 -[page_service]-> SVC-0009; token_overlap:backup
EDGE-0912,backup,page_service,PAGE-0047,SVC-0009,S,static name/path token overlap from AOT catalogs,linked,PAGE-0047 -[page_service]-> SVC-0009; token_overlap:backup
EDGE-0913,door,page_service,PAGE-0049,SVC-0024,S,static name/path token overlap from AOT catalogs,linked,PAGE-0049 -[page_service]-> SVC-0024; token_overlap:door
EDGE-0914,door,page_service,PAGE-0050,SVC-0024,S,static name/path token overlap from AOT catalogs,linked,PAGE-0050 -[page_service]-> SVC-0024; token_overlap:door
EDGE-0915,"event,event_record,record",page_service,PAGE-0051,SVC-0026,S,static name/path token overlap from AOT catalogs,linked,"PAGE-0051 -[page_service]-> SVC-0026; token_overlap:event,event_record,record"
EDGE-0916,event,page_service,PAGE-0051,SVC-0027,S,static name/path token overlap from AOT catalogs,linked,PAGE-0051 -[page_service]-> SVC-0027; token_overlap:event
EDGE-0917,record,page_service,PAGE-0051,SVC-0033,S,static name/path token overlap from AOT catalogs,linked,PAGE-0051 -[page_service]-> SVC-0033; token_overlap:record
EDGE-0918,record,page_service,PAGE-0051,SVC-0050,S,static name/path token overlap from AOT catalogs,linked,PAGE-0051 -[page_service]-> SVC-0050; token_overlap:record
EDGE-0919,event,page_service,PAGE-0051,SVC-0059,S,static name/path token overlap from AOT catalogs,linked,PAGE-0051 -[page_service]-> SVC-0059; token_overlap:event
EDGE-0920,"event,event_record,record",page_service,PAGE-0052,SVC-0026,S,static name/path token overlap from AOT catalogs,linked,"PAGE-0052 -[page_service]-> SVC-0026; token_overlap:event,event_record,record"
EDGE-0921,event,page_service,PAGE-0052,SVC-0027,S,static name/path token overlap from AOT catalogs,linked,PAGE-0052 -[page_service]-> SVC-0027; token_overlap:event
EDGE-0922,record,page_service,PAGE-0052,SVC-0033,S,static name/path token overlap from AOT catalogs,linked,PAGE-0052 -[page_service]-> SVC-0033; token_overlap:record
EDGE-0923,record,page_service,PAGE-0052,SVC-0050,S,static name/path token overlap from AOT catalogs,linked,PAGE-0052 -[page_service]-> SVC-0050; token_overlap:record
EDGE-0924,event,page_service,PAGE-0052,SVC-0059,S,static name/path token overlap from AOT catalogs,linked,PAGE-0052 -[page_service]-> SVC-0059; token_overlap:event
EDGE-0925,event,page_service,PAGE-0053,SVC-0026,S,static name/path token overlap from AOT catalogs,linked,PAGE-0053 -[page_service]-> SVC-0026; token_overlap:event
EDGE-0926,"event,event_reminder,reminder",page_service,PAGE-0053,SVC-0027,S,static name/path token overlap from AOT catalogs,linked,"PAGE-0053 -[page_service]-> SVC-0027; token_overlap:event,event_reminder,reminder"
EDGE-0927,event,page_service,PAGE-0053,SVC-0059,S,static name/path token overlap from AOT catalogs,linked,PAGE-0053 -[page_service]-> SVC-0059; token_overlap:event
EDGE-0928,event,page_service,PAGE-0054,SVC-0026,S,static name/path token overlap from AOT catalogs,linked,PAGE-0054 -[page_service]-> SVC-0026; token_overlap:event
EDGE-0929,"event,event_reminder,reminder",page_service,PAGE-0054,SVC-0027,S,static name/path token overlap from AOT catalogs,linked,"PAGE-0054 -[page_service]-> SVC-0027; token_overlap:event,event_reminder,reminder"
EDGE-0930,event,page_service,PAGE-0054,SVC-0059,S,static name/path token overlap from AOT catalogs,linked,PAGE-0054 -[page_service]-> SVC-0059; token_overlap:event
EDGE-0931,feedback,page_service,PAGE-0055,SVC-0028,S,static name/path token overlap from AOT catalogs,linked,PAGE-0055 -[page_service]-> SVC-0028; token_overlap:feedback
EDGE-0932,feedback,page_service,PAGE-0056,SVC-0028,S,static name/path token overlap from AOT catalogs,linked,PAGE-0056 -[page_service]-> SVC-0028; token_overlap:feedback
EDGE-0933,feedback,page_service,PAGE-0057,SVC-0028,S,static name/path token overlap from AOT catalogs,linked,PAGE-0057 -[page_service]-> SVC-0028; token_overlap:feedback
EDGE-0934,record,page_service,PAGE-0061,SVC-0026,S,static name/path token overlap from AOT catalogs,linked,PAGE-0061 -[page_service]-> SVC-0026; token_overlap:record
EDGE-0935,record,page_service,PAGE-0061,SVC-0033,S,static name/path token overlap from AOT catalogs,linked,PAGE-0061 -[page_service]-> SVC-0033; token_overlap:record
EDGE-0936,record,page_service,PAGE-0061,SVC-0050,S,static name/path token overlap from AOT catalogs,linked,PAGE-0061 -[page_service]-> SVC-0050; token_overlap:record
EDGE-0937,record,page_service,PAGE-0066,SVC-0026,S,static name/path token overlap from AOT catalogs,linked,PAGE-0066 -[page_service]-> SVC-0026; token_overlap:record
EDGE-0938,record,page_service,PAGE-0066,SVC-0033,S,static name/path token overlap from AOT catalogs,linked,PAGE-0066 -[page_service]-> SVC-0033; token_overlap:record
EDGE-0939,record,page_service,PAGE-0066,SVC-0050,S,static name/path token overlap from AOT catalogs,linked,PAGE-0066 -[page_service]-> SVC-0050; token_overlap:record
EDGE-0940,record,page_service,PAGE-0067,SVC-0026,S,static name/path token overlap from AOT catalogs,linked,PAGE-0067 -[page_service]-> SVC-0026; token_overlap:record
EDGE-0941,record,page_service,PAGE-0067,SVC-0033,S,static name/path token overlap from AOT catalogs,linked,PAGE-0067 -[page_service]-> SVC-0033; token_overlap:record
EDGE-0942,record,page_service,PAGE-0067,SVC-0050,S,static name/path token overlap from AOT catalogs,linked,PAGE-0067 -[page_service]-> SVC-0050; token_overlap:record
EDGE-0943,record,page_service,PAGE-0068,SVC-0026,S,static name/path token overlap from AOT catalogs,linked,PAGE-0068 -[page_service]-> SVC-0026; token_overlap:record
EDGE-0944,record,page_service,PAGE-0068,SVC-0033,S,static name/path token overlap from AOT catalogs,linked,PAGE-0068 -[page_service]-> SVC-0033; token_overlap:record
EDGE-0945,record,page_service,PAGE-0068,SVC-0050,S,static name/path token overlap from AOT catalogs,linked,PAGE-0068 -[page_service]-> SVC-0050; token_overlap:record
EDGE-0946,record,page_service,PAGE-0069,SVC-0026,S,static name/path token overlap from AOT catalogs,linked,PAGE-0069 -[page_service]-> SVC-0026; token_overlap:record
EDGE-0947,record,page_service,PAGE-0069,SVC-0033,S,static name/path token overlap from AOT catalogs,linked,PAGE-0069 -[page_service]-> SVC-0033; token_overlap:record
EDGE-0948,record,page_service,PAGE-0069,SVC-0050,S,static name/path token overlap from AOT catalogs,linked,PAGE-0069 -[page_service]-> SVC-0050; token_overlap:record
EDGE-0949,grooming,page_service,PAGE-0075,SVC-0032,S,static name/path token overlap from AOT catalogs,linked,PAGE-0075 -[page_service]-> SVC-0032; token_overlap:grooming
EDGE-0950,grooming,page_service,PAGE-0076,SVC-0032,S,static name/path token overlap from AOT catalogs,linked,PAGE-0076 -[page_service]-> SVC-0032; token_overlap:grooming
EDGE-0951,grooming,page_service,PAGE-0077,SVC-0032,S,static name/path token overlap from AOT catalogs,linked,PAGE-0077 -[page_service]-> SVC-0032; token_overlap:grooming
EDGE-0952,grooming,page_service,PAGE-0078,SVC-0032,S,static name/path token overlap from AOT catalogs,linked,PAGE-0078 -[page_service]-> SVC-0032; token_overlap:grooming
EDGE-0953,record,page_service,PAGE-0079,SVC-0026,S,static name/path token overlap from AOT catalogs,linked,PAGE-0079 -[page_service]-> SVC-0026; token_overlap:record
EDGE-0954,"health,record",page_service,PAGE-0079,SVC-0033,S,static name/path token overlap from AOT catalogs,linked,"PAGE-0079 -[page_service]-> SVC-0033; token_overlap:health,record"
EDGE-0955,record,page_service,PAGE-0079,SVC-0050,S,static name/path token overlap from AOT catalogs,linked,PAGE-0079 -[page_service]-> SVC-0050; token_overlap:record
EDGE-0956,record,page_service,PAGE-0080,SVC-0026,S,static name/path token overlap from AOT catalogs,linked,PAGE-0080 -[page_service]-> SVC-0026; token_overlap:record
EDGE-0957,"health,record",page_service,PAGE-0080,SVC-0033,S,static name/path token overlap from AOT catalogs,linked,"PAGE-0080 -[page_service]-> SVC-0033; token_overlap:health,record"
EDGE-0958,record,page_service,PAGE-0080,SVC-0050,S,static name/path token overlap from AOT catalogs,linked,PAGE-0080 -[page_service]-> SVC-0050; token_overlap:record
EDGE-0959,knife,page_service,PAGE-0084,SVC-0036,S,static name/path token overlap from AOT catalogs,linked,PAGE-0084 -[page_service]-> SVC-0036; token_overlap:knife
EDGE-0960,knife,page_service,PAGE-0085,SVC-0036,S,static name/path token overlap from AOT catalogs,linked,PAGE-0085 -[page_service]-> SVC-0036; token_overlap:knife
EDGE-0961,breed,page_service,PAGE-0088,SVC-0013,S,static name/path token overlap from AOT catalogs,linked,PAGE-0088 -[page_service]-> SVC-0013; token_overlap:breed
EDGE-0962,"breeding,plan",page_service,PAGE-0089,SVC-0014,S,static name/path token overlap from AOT catalogs,linked,"PAGE-0089 -[page_service]-> SVC-0014; token_overlap:breeding,plan"
EDGE-0963,breeding,page_service,PAGE-0089,SVC-0025,S,static name/path token overlap from AOT catalogs,linked,PAGE-0089 -[page_service]-> SVC-0025; token_overlap:breeding
EDGE-0964,level,page_service,PAGE-0091,SVC-0037,S,static name/path token overlap from AOT catalogs,linked,PAGE-0091 -[page_service]-> SVC-0037; token_overlap:level
EDGE-0965,tag,page_service,PAGE-0092,SVC-0048,S,static name/path token overlap from AOT catalogs,linked,PAGE-0092 -[page_service]-> SVC-0048; token_overlap:tag
EDGE-0966,tag,page_service,PAGE-0092,SVC-0056,S,static name/path token overlap from AOT catalogs,linked,PAGE-0092 -[page_service]-> SVC-0056; token_overlap:tag
EDGE-0967,marketing,page_service,PAGE-0093,SVC-0038,S,static name/path token overlap from AOT catalogs,linked,PAGE-0093 -[page_service]-> SVC-0038; token_overlap:marketing
EDGE-0968,marketing,page_service,PAGE-0094,SVC-0038,S,static name/path token overlap from AOT catalogs,linked,PAGE-0094 -[page_service]-> SVC-0038; token_overlap:marketing
EDGE-0969,marketing,page_service,PAGE-0095,SVC-0038,S,static name/path token overlap from AOT catalogs,linked,PAGE-0095 -[page_service]-> SVC-0038; token_overlap:marketing
EDGE-0970,marketing,page_service,PAGE-0096,SVC-0038,S,static name/path token overlap from AOT catalogs,linked,PAGE-0096 -[page_service]-> SVC-0038; token_overlap:marketing
EDGE-0971,member,page_service,PAGE-0097,SVC-0039,S,static name/path token overlap from AOT catalogs,linked,PAGE-0097 -[page_service]-> SVC-0039; token_overlap:member
EDGE-0972,level,page_service,PAGE-0098,SVC-0037,S,static name/path token overlap from AOT catalogs,linked,PAGE-0098 -[page_service]-> SVC-0037; token_overlap:level
EDGE-0973,member,page_service,PAGE-0098,SVC-0039,S,static name/path token overlap from AOT catalogs,linked,PAGE-0098 -[page_service]-> SVC-0039; token_overlap:member
EDGE-0974,level,page_service,PAGE-0099,SVC-0037,S,static name/path token overlap from AOT catalogs,linked,PAGE-0099 -[page_service]-> SVC-0037; token_overlap:level
EDGE-0975,member,page_service,PAGE-0099,SVC-0039,S,static name/path token overlap from AOT catalogs,linked,PAGE-0099 -[page_service]-> SVC-0039; token_overlap:member
EDGE-0976,member,page_service,PAGE-0100,SVC-0039,S,static name/path token overlap from AOT catalogs,linked,PAGE-0100 -[page_service]-> SVC-0039; token_overlap:member
EDGE-0977,member,page_service,PAGE-0101,SVC-0039,S,static name/path token overlap from AOT catalogs,linked,PAGE-0101 -[page_service]-> SVC-0039; token_overlap:member
EDGE-0978,member,page_service,PAGE-0102,SVC-0039,S,static name/path token overlap from AOT catalogs,linked,PAGE-0102 -[page_service]-> SVC-0039; token_overlap:member
EDGE-0979,member,page_service,PAGE-0103,SVC-0039,S,static name/path token overlap from AOT catalogs,linked,PAGE-0103 -[page_service]-> SVC-0039; token_overlap:member
EDGE-0980,member,page_service,PAGE-0104,SVC-0039,S,static name/path token overlap from AOT catalogs,linked,PAGE-0104 -[page_service]-> SVC-0039; token_overlap:member
EDGE-0981,merchant,page_service,PAGE-0105,SVC-0040,S,static name/path token overlap from AOT catalogs,linked,PAGE-0105 -[page_service]-> SVC-0040; token_overlap:merchant
EDGE-0982,merchant,page_service,PAGE-0106,SVC-0040,S,static name/path token overlap from AOT catalogs,linked,PAGE-0106 -[page_service]-> SVC-0040; token_overlap:merchant
EDGE-0983,merchant,page_service,PAGE-0107,SVC-0040,S,static name/path token overlap from AOT catalogs,linked,PAGE-0107 -[page_service]-> SVC-0040; token_overlap:merchant
EDGE-0984,shop,page_service,PAGE-0117,SVC-0053,S,static name/path token overlap from AOT catalogs,linked,PAGE-0117 -[page_service]-> SVC-0053; token_overlap:shop
EDGE-0985,shop,page_service,PAGE-0118,SVC-0053,S,static name/path token overlap from AOT catalogs,linked,PAGE-0118 -[page_service]-> SVC-0053; token_overlap:shop
EDGE-0986,shop,page_service,PAGE-0119,SVC-0053,S,static name/path token overlap from AOT catalogs,linked,PAGE-0119 -[page_service]-> SVC-0053; token_overlap:shop
EDGE-0987,overview,page_service,PAGE-0120,SVC-0043,S,static name/path token overlap from AOT catalogs,linked,PAGE-0120 -[page_service]-> SVC-0043; token_overlap:overview
EDGE-0988,gallery,page_service,PAGE-0122,SVC-0020,S,static name/path token overlap from AOT catalogs,linked,PAGE-0122 -[page_service]-> SVC-0020; token_overlap:gallery
EDGE-0989,pet,page_service,PAGE-0122,SVC-0044,S,static name/path token overlap from AOT catalogs,linked,PAGE-0122 -[page_service]-> SVC-0044; token_overlap:pet
EDGE-0990,pet,page_service,PAGE-0123,SVC-0044,S,static name/path token overlap from AOT catalogs,linked,PAGE-0123 -[page_service]-> SVC-0044; token_overlap:pet
EDGE-0991,point,page_service,PAGE-0124,SVC-0045,S,static name/path token overlap from AOT catalogs,linked,PAGE-0124 -[page_service]-> SVC-0045; token_overlap:point
EDGE-0992,point,page_service,PAGE-0125,SVC-0045,S,static name/path token overlap from AOT catalogs,linked,PAGE-0125 -[page_service]-> SVC-0045; token_overlap:point
EDGE-0993,storage,page_service,PAGE-0127,SVC-0054,S,static name/path token overlap from AOT catalogs,linked,PAGE-0127 -[page_service]-> SVC-0054; token_overlap:storage
EDGE-0994,queue,page_service,PAGE-0128,SVC-0047,S,static name/path token overlap from AOT catalogs,linked,PAGE-0128 -[page_service]-> SVC-0047; token_overlap:queue
EDGE-0995,queue,page_service,PAGE-0128,SVC-0062,S,static name/path token overlap from AOT catalogs,linked,PAGE-0128 -[page_service]-> SVC-0062; token_overlap:queue
EDGE-0996,queue,page_service,PAGE-0129,SVC-0047,S,static name/path token overlap from AOT catalogs,linked,PAGE-0129 -[page_service]-> SVC-0047; token_overlap:queue
EDGE-0997,queue,page_service,PAGE-0129,SVC-0062,S,static name/path token overlap from AOT catalogs,linked,PAGE-0129 -[page_service]-> SVC-0062; token_overlap:queue
EDGE-0998,queue,page_service,PAGE-0130,SVC-0047,S,static name/path token overlap from AOT catalogs,linked,PAGE-0130 -[page_service]-> SVC-0047; token_overlap:queue
EDGE-0999,queue,page_service,PAGE-0130,SVC-0062,S,static name/path token overlap from AOT catalogs,linked,PAGE-0130 -[page_service]-> SVC-0062; token_overlap:queue
EDGE-1000,"rating,tag",page_service,PAGE-0131,SVC-0048,S,static name/path token overlap from AOT catalogs,linked,"PAGE-0131 -[page_service]-> SVC-0048; token_overlap:rating,tag"
EDGE-1001,tag,page_service,PAGE-0131,SVC-0056,S,static name/path token overlap from AOT catalogs,linked,PAGE-0131 -[page_service]-> SVC-0056; token_overlap:tag
EDGE-1002,receipt,page_service,PAGE-0133,SVC-0049,S,static name/path token overlap from AOT catalogs,linked,PAGE-0133 -[page_service]-> SVC-0049; token_overlap:receipt
EDGE-1003,receipt,page_service,PAGE-0134,SVC-0049,S,static name/path token overlap from AOT catalogs,linked,PAGE-0134 -[page_service]-> SVC-0049; token_overlap:receipt
EDGE-1004,receipt,page_service,PAGE-0135,SVC-0049,S,static name/path token overlap from AOT catalogs,linked,PAGE-0135 -[page_service]-> SVC-0049; token_overlap:receipt
EDGE-1005,template,page_service,PAGE-0135,SVC-0057,S,static name/path token overlap from AOT catalogs,linked,PAGE-0135 -[page_service]-> SVC-0057; token_overlap:template
EDGE-1006,receipt,page_service,PAGE-0136,SVC-0049,S,static name/path token overlap from AOT catalogs,linked,PAGE-0136 -[page_service]-> SVC-0049; token_overlap:receipt
EDGE-1007,template,page_service,PAGE-0136,SVC-0057,S,static name/path token overlap from AOT catalogs,linked,PAGE-0136 -[page_service]-> SVC-0057; token_overlap:template
EDGE-1008,theme,page_service,PAGE-0140,SVC-0058,S,static name/path token overlap from AOT catalogs,linked,PAGE-0140 -[page_service]-> SVC-0058; token_overlap:theme
EDGE-1009,theme,page_service,PAGE-0141,SVC-0058,S,static name/path token overlap from AOT catalogs,linked,PAGE-0141 -[page_service]-> SVC-0058; token_overlap:theme
EDGE-1010,theme,page_service,PAGE-0142,SVC-0058,S,static name/path token overlap from AOT catalogs,linked,PAGE-0142 -[page_service]-> SVC-0058; token_overlap:theme
EDGE-1011,"intro,splash",page_service,PAGE-0143,SVC-0035,S,static name/path token overlap from AOT catalogs,linked,"PAGE-0143 -[page_service]-> SVC-0035; token_overlap:intro,splash"
EDGE-1012,"intro,splash",page_service,PAGE-0144,SVC-0035,S,static name/path token overlap from AOT catalogs,linked,"PAGE-0144 -[page_service]-> SVC-0035; token_overlap:intro,splash"
EDGE-1013,"intro,splash",page_service,PAGE-0145,SVC-0035,S,static name/path token overlap from AOT catalogs,linked,"PAGE-0145 -[page_service]-> SVC-0035; token_overlap:intro,splash"
EDGE-1014,theme,page_service,PAGE-0148,SVC-0058,S,static name/path token overlap from AOT catalogs,linked,PAGE-0148 -[page_service]-> SVC-0058; token_overlap:theme
EDGE-1015,user,page_service,PAGE-0149,SVC-0061,S,static name/path token overlap from AOT catalogs,linked,PAGE-0149 -[page_service]-> SVC-0061; token_overlap:user
EDGE-1016,weight,page_service,PAGE-0150,SVC-0018,S,static name/path token overlap from AOT catalogs,linked,PAGE-0150 -[page_service]-> SVC-0018; token_overlap:weight
EDGE-1017,"alert,weight",page_service,PAGE-0150,SVC-0064,S,static name/path token overlap from AOT catalogs,linked,"PAGE-0150 -[page_service]-> SVC-0064; token_overlap:alert,weight"
EDGE-1018,weight,page_service,PAGE-0151,SVC-0018,S,static name/path token overlap from AOT catalogs,linked,PAGE-0151 -[page_service]-> SVC-0018; token_overlap:weight
EDGE-1019,"alert,weight",page_service,PAGE-0151,SVC-0064,S,static name/path token overlap from AOT catalogs,linked,"PAGE-0151 -[page_service]-> SVC-0064; token_overlap:alert,weight"
EDGE-1020,stud,page_service,PAGE-0152,SVC-0055,S,static name/path token overlap from AOT catalogs,linked,PAGE-0152 -[page_service]-> SVC-0055; token_overlap:stud
EDGE-1021,stud,page_service,PAGE-0153,SVC-0055,S,static name/path token overlap from AOT catalogs,linked,PAGE-0153 -[page_service]-> SVC-0055; token_overlap:stud
EDGE-1022,stud,page_service,PAGE-0154,SVC-0055,S,static name/path token overlap from AOT catalogs,linked,PAGE-0154 -[page_service]-> SVC-0055; token_overlap:stud
EDGE-1023,stud,page_service,PAGE-0155,SVC-0055,S,static name/path token overlap from AOT catalogs,linked,PAGE-0155 -[page_service]-> SVC-0055; token_overlap:stud
EDGE-1024,stud,page_service,PAGE-0156,SVC-0055,S,static name/path token overlap from AOT catalogs,linked,PAGE-0156 -[page_service]-> SVC-0055; token_overlap:stud
EDGE-1025,stud,page_service,PAGE-0157,SVC-0055,S,static name/path token overlap from AOT catalogs,linked,PAGE-0157 -[page_service]-> SVC-0055; token_overlap:stud
EDGE-1026,stud,page_service,PAGE-0158,SVC-0055,S,static name/path token overlap from AOT catalogs,linked,PAGE-0158 -[page_service]-> SVC-0055; token_overlap:stud
EDGE-1027,stud,page_service,PAGE-0159,SVC-0055,S,static name/path token overlap from AOT catalogs,linked,PAGE-0159 -[page_service]-> SVC-0055; token_overlap:stud
EDGE-1028,stud,page_service,PAGE-0160,SVC-0055,S,static name/path token overlap from AOT catalogs,linked,PAGE-0160 -[page_service]-> SVC-0055; token_overlap:stud
EDGE-1029,stud,page_service,PAGE-0161,SVC-0055,S,static name/path token overlap from AOT catalogs,linked,PAGE-0161 -[page_service]-> SVC-0055; token_overlap:stud
EDGE-1030,stud,page_service,PAGE-0162,SVC-0055,S,static name/path token overlap from AOT catalogs,linked,PAGE-0162 -[page_service]-> SVC-0055; token_overlap:stud
EDGE-1031,stud,page_service,PAGE-0163,SVC-0055,S,static name/path token overlap from AOT catalogs,linked,PAGE-0163 -[page_service]-> SVC-0055; token_overlap:stud
EDGE-1032,"service,stud,stud_service",page_service,PAGE-0164,SVC-0055,S,static name/path token overlap from AOT catalogs,linked,"PAGE-0164 -[page_service]-> SVC-0055; token_overlap:service,stud,stud_service"
EDGE-1033,"service,stud,stud_service",page_service,PAGE-0165,SVC-0055,S,static name/path token overlap from AOT catalogs,linked,"PAGE-0165 -[page_service]-> SVC-0055; token_overlap:service,stud,stud_service"
EDGE-1034,template,page_service,PAGE-0166,SVC-0057,S,static name/path token overlap from AOT catalogs,linked,PAGE-0166 -[page_service]-> SVC-0057; token_overlap:template
EDGE-1035,template,page_service,PAGE-0167,SVC-0057,S,static name/path token overlap from AOT catalogs,linked,PAGE-0167 -[page_service]-> SVC-0057; token_overlap:template
EDGE-1036,template,page_service,PAGE-0168,SVC-0057,S,static name/path token overlap from AOT catalogs,linked,PAGE-0168 -[page_service]-> SVC-0057; token_overlap:template
EDGE-1037,template,page_service,PAGE-0169,SVC-0057,S,static name/path token overlap from AOT catalogs,linked,PAGE-0169 -[page_service]-> SVC-0057; token_overlap:template
EDGE-1038,video,page_service,PAGE-0170,SVC-0010,S,static name/path token overlap from AOT catalogs,linked,PAGE-0170 -[page_service]-> SVC-0010; token_overlap:video
EDGE-1039,video,page_service,PAGE-0171,SVC-0010,S,static name/path token overlap from AOT catalogs,linked,PAGE-0171 -[page_service]-> SVC-0010; token_overlap:video
EDGE-1040,video,page_service,PAGE-0172,SVC-0010,S,static name/path token overlap from AOT catalogs,linked,PAGE-0172 -[page_service]-> SVC-0010; token_overlap:video
EDGE-1041,boarding,page_service,PAGE-0173,SVC-0011,S,static name/path token overlap from AOT catalogs,linked,PAGE-0173 -[page_service]-> SVC-0011; token_overlap:boarding
EDGE-1042,boarding,page_service,PAGE-0174,SVC-0011,S,static name/path token overlap from AOT catalogs,linked,PAGE-0174 -[page_service]-> SVC-0011; token_overlap:boarding
EDGE-1043,boarding,page_service,PAGE-0175,SVC-0011,S,static name/path token overlap from AOT catalogs,linked,PAGE-0175 -[page_service]-> SVC-0011; token_overlap:boarding
EDGE-1044,door,page_service,PAGE-0176,SVC-0024,S,static name/path token overlap from AOT catalogs,linked,PAGE-0176 -[page_service]-> SVC-0024; token_overlap:door
EDGE-1045,door,page_service,PAGE-0177,SVC-0024,S,static name/path token overlap from AOT catalogs,linked,PAGE-0177 -[page_service]-> SVC-0024; token_overlap:door
EDGE-1046,door,page_service,PAGE-0178,SVC-0024,S,static name/path token overlap from AOT catalogs,linked,PAGE-0178 -[page_service]-> SVC-0024; token_overlap:door
EDGE-1047,grooming,page_service,PAGE-0182,SVC-0032,S,static name/path token overlap from AOT catalogs,linked,PAGE-0182 -[page_service]-> SVC-0032; token_overlap:grooming
EDGE-1048,grooming,page_service,PAGE-0183,SVC-0032,S,static name/path token overlap from AOT catalogs,linked,PAGE-0183 -[page_service]-> SVC-0032; token_overlap:grooming
EDGE-1049,grooming,page_service,PAGE-0184,SVC-0032,S,static name/path token overlap from AOT catalogs,linked,PAGE-0184 -[page_service]-> SVC-0032; token_overlap:grooming
EDGE-1050,queue,page_service,PAGE-0185,SVC-0047,S,static name/path token overlap from AOT catalogs,linked,PAGE-0185 -[page_service]-> SVC-0047; token_overlap:queue
EDGE-1051,queue,page_service,PAGE-0185,SVC-0062,S,static name/path token overlap from AOT catalogs,linked,PAGE-0185 -[page_service]-> SVC-0062; token_overlap:queue
EDGE-1052,queue,page_service,PAGE-0186,SVC-0047,S,static name/path token overlap from AOT catalogs,linked,PAGE-0186 -[page_service]-> SVC-0047; token_overlap:queue
EDGE-1053,queue,page_service,PAGE-0186,SVC-0062,S,static name/path token overlap from AOT catalogs,linked,PAGE-0186 -[page_service]-> SVC-0062; token_overlap:queue
EDGE-1054,queue,page_service,PAGE-0187,SVC-0047,S,static name/path token overlap from AOT catalogs,linked,PAGE-0187 -[page_service]-> SVC-0047; token_overlap:queue
EDGE-1055,queue,page_service,PAGE-0187,SVC-0062,S,static name/path token overlap from AOT catalogs,linked,PAGE-0187 -[page_service]-> SVC-0062; token_overlap:queue
EDGE-1056,"after,before",page_service,PAGE-0191,SVC-0010,S,static name/path token overlap from AOT catalogs,linked,"PAGE-0191 -[page_service]-> SVC-0010; token_overlap:after,before"
EDGE-1057,transfer,page_service,PAGE-0193,SVC-0044,S,static name/path token overlap from AOT catalogs,linked,PAGE-0193 -[page_service]-> SVC-0044; token_overlap:transfer
EDGE-1058,transfer,page_service,PAGE-0194,SVC-0044,S,static name/path token overlap from AOT catalogs,linked,PAGE-0194 -[page_service]-> SVC-0044; token_overlap:transfer
EDGE-1059,transfer,page_service,PAGE-0195,SVC-0044,S,static name/path token overlap from AOT catalogs,linked,PAGE-0195 -[page_service]-> SVC-0044; token_overlap:transfer
EDGE-1060,transfer,page_service,PAGE-0196,SVC-0044,S,static name/path token overlap from AOT catalogs,linked,PAGE-0196 -[page_service]-> SVC-0044; token_overlap:transfer
EDGE-1061,transfer,page_service,PAGE-0197,SVC-0044,S,static name/path token overlap from AOT catalogs,linked,PAGE-0197 -[page_service]-> SVC-0044; token_overlap:transfer
EDGE-1062,user,page_service,PAGE-0198,SVC-0061,S,static name/path token overlap from AOT catalogs,linked,PAGE-0198 -[page_service]-> SVC-0061; token_overlap:user
EDGE-1063,user,page_service,PAGE-0199,SVC-0061,S,static name/path token overlap from AOT catalogs,linked,PAGE-0199 -[page_service]-> SVC-0061; token_overlap:user
EDGE-1064,user,page_service,PAGE-0200,SVC-0061,S,static name/path token overlap from AOT catalogs,linked,PAGE-0200 -[page_service]-> SVC-0061; token_overlap:user
EDGE-1065,user,page_service,PAGE-0201,SVC-0061,S,static name/path token overlap from AOT catalogs,linked,PAGE-0201 -[page_service]-> SVC-0061; token_overlap:user
EDGE-1066,user,page_service,PAGE-0202,SVC-0061,S,static name/path token overlap from AOT catalogs,linked,PAGE-0202 -[page_service]-> SVC-0061; token_overlap:user
EDGE-1067,wish,page_service,PAGE-0203,SVC-0066,S,static name/path token overlap from AOT catalogs,linked,PAGE-0203 -[page_service]-> SVC-0066; token_overlap:wish
EDGE-1068,wish,page_service,PAGE-0204,SVC-0066,S,static name/path token overlap from AOT catalogs,linked,PAGE-0204 -[page_service]-> SVC-0066; token_overlap:wish
EDGE-1069,wish,page_service,PAGE-0205,SVC-0066,S,static name/path token overlap from AOT catalogs,linked,PAGE-0205 -[page_service]-> SVC-0066; token_overlap:wish
