id,module,name,path,route,evidence_level,evidence_ref,status,notes
PKG-0001,app_links,app_links.dart,package:app_links/src/app_links.dart,,S,reverse-evidence/package-paths.txt,imported,package path from AOT; source=reverse-evidence/package-paths.txt
PKG-0002,app_links_platform_interface,app_links_method_channel.dart,package:app_links_platform_interface/app_links_method_channel.dart,,S,reverse-evidence/package-paths.txt,imported,package path from AOT; source=reverse-evidence/package-paths.txt
PKG-0003,app_links_platform_interface,app_links_platform_interface.dart,package:app_links_platform_interface/app_links_platform_interface.dart,,S,reverse-evidence/package-paths.txt,imported,package path from AOT; source=reverse-evidence/package-paths.txt
PKG-0004,app_tracking_transparency,app_tracking_transparency.dart,package:app_tracking_transparency/app_tracking_transparency.dart,,S,reverse-evidence/package-paths.txt,imported,package path from AOT; source=reverse-evidence/package-paths.txt
PKG-0005,async,cancelable_operation.dart,package:async/src/cancelable_operation.dart,,S,reverse-evidence/package-paths.txt,imported,package path from AOT; source=reverse-evidence/package-paths.txt
PKG-0006,cached_network_image,cached_image_widget.dart,package:cached_network_image/src/cached_image_widget.dart,,S,reverse-evidence/package-paths.txt,imported,package path from AOT; source=reverse-evidence/package-paths.txt
PKG-0007,cached_network_image,_image_loader.dart,package:cached_network_image/src/image_provider/_image_loader.dart,,S,reverse-evidence/package-paths.txt,imported,package path from AOT; source=reverse-evidence/package-paths.txt
PKG-0008,cached_network_image,cached_network_image_provider.dart,package:cached_network_image/src/image_provider/cached_network_image_provider.dart,,S,reverse-evidence/package-paths.txt,imported,package path from AOT; source=reverse-evidence/package-paths.txt
PKG-0009,cached_network_image,multi_image_stream_completer.dart,package:cached_network_image/src/image_provider/multi_image_stream_completer.dart,,S,reverse-evidence/package-paths.txt,imported,package path from AOT; source=reverse-evidence/package-paths.txt
PKG-0010,cached_network_image_platform_interface,cached_network_image_platform_interface.dart,package:cached_network_image_platform_interface/cached_network_image_platform_interface.dart,,S,reverse-evidence/package-paths.txt,imported,package path from AOT; source=reverse-evidence/package-paths.txt
PKG-0011,camera_avfoundation,avfoundation_camera.dart,package:camera_avfoundation/src/avfoundation_camera.dart,,S,reverse-evidence/package-paths.txt,imported,package path from AOT; source=reverse-evidence/package-paths.txt
PKG-0012,camera_avfoundation,messages.g.dart,package:camera_avfoundation/src/messages.g.dart,,S,reverse-evidence/package-paths.txt,imported,package path from AOT; source=reverse-evidence/package-paths.txt
PKG-0013,camera_platform_interface,camera_platform.dart,package:camera_platform_interface/src/platform_interface/camera_platform.dart,,S,reverse-evidence/package-paths.txt,imported,package path from AOT; source=reverse-evidence/package-paths.txt
PKG-0014,cattery_flutter,grooming_list_binding.dart,package:cattery_flutter/app/bindings/grooming_list_binding.dart,,S,reverse-evidence/package-paths.txt,imported,package path from AOT; source=reverse-evidence/package-paths.txt
PKG-0015,cattery_flutter,initial_binding.dart,package:cattery_flutter/app/bindings/initial_binding.dart,,S,reverse-evidence/package-paths.txt,imported,package path from AOT; source=reverse-evidence/package-paths.txt
PKG-0016,cattery_flutter,adaptive_layout.dart,package:cattery_flutter/app/config/adaptive_layout.dart,,S,reverse-evidence/package-paths.txt,imported,package path from AOT; source=reverse-evidence/package-paths.txt
PKG-0017,cattery_flutter,tab_configuration.dart,package:cattery_flutter/app/config/tab_configuration.dart,,S,reverse-evidence/package-paths.txt,imported,package path from AOT; source=reverse-evidence/package-paths.txt
PKG-0018,cattery_flutter,adaptive_nav.dart,package:cattery_flutter/app/navigation/adaptive_nav.dart,,S,reverse-evidence/package-paths.txt,imported,package path from AOT; source=reverse-evidence/package-paths.txt
PKG-0019,cattery_flutter,app_pages.dart,package:cattery_flutter/app/routes/app_pages.dart,,S,reverse-evidence/package-paths.txt,imported,package path from AOT; source=reverse-evidence/package-paths.txt
PKG-0020,cattery_flutter,main.dart,package:cattery_flutter/main.dart,,S,reverse-evidence/package-paths.txt,imported,package path from AOT; source=reverse-evidence/package-paths.txt
PKG-0021,accent_color,accent_color_controller.dart,package:cattery_flutter/presentation/controllers/accent_color_controller.dart,,S,reverse-evidence/package-paths.txt,imported,package path from AOT; source=reverse-evidence/package-paths.txt
PKG-0022,accounting_category,accounting_category_controller.dart,package:cattery_flutter/presentation/controllers/accounting_category_controller.dart,,S,reverse-evidence/package-paths.txt,imported,package path from AOT; source=reverse-evidence/package-paths.txt
PKG-0023,agent,agent_controller.dart,package:cattery_flutter/presentation/controllers/agent_controller.dart,,S,reverse-evidence/package-paths.txt,imported,package path from AOT; source=reverse-evidence/package-paths.txt
PKG-0024,app,app_controller.dart,package:cattery_flutter/presentation/controllers/app_controller.dart,,S,reverse-evidence/package-paths.txt,imported,package path from AOT; source=reverse-evidence/package-paths.txt
PKG-0025,app_state,app_state_controller.dart,package:cattery_flutter/presentation/controllers/app_state_controller.dart,,S,reverse-evidence/package-paths.txt,imported,package path from AOT; source=reverse-evidence/package-paths.txt
PKG-0026,before_after,before_after_controller.dart,package:cattery_flutter/presentation/controllers/before_after_controller.dart,,S,reverse-evidence/package-paths.txt,imported,package path from AOT; source=reverse-evidence/package-paths.txt
PKG-0027,borrowed_cats,borrowed_cats_controller.dart,package:cattery_flutter/presentation/controllers/borrowed_cats_controller.dart,,S,reverse-evidence/package-paths.txt,imported,package path from AOT; source=reverse-evidence/package-paths.txt
PKG-0028,breed_management,breed_management_controller.dart,package:cattery_flutter/presentation/controllers/breed_management_controller.dart,,S,reverse-evidence/package-paths.txt,imported,package path from AOT; source=reverse-evidence/package-paths.txt
PKG-0029,breeding_plan,breeding_plan_controller.dart,package:cattery_flutter/presentation/controllers/breeding_plan_controller.dart,,S,reverse-evidence/package-paths.txt,imported,package path from AOT; source=reverse-evidence/package-paths.txt
PKG-0030,calendar,calendar_controller.dart,package:cattery_flutter/presentation/controllers/calendar_controller.dart,,S,reverse-evidence/package-paths.txt,imported,package path from AOT; source=reverse-evidence/package-paths.txt
PKG-0031,category_management,category_management_controller.dart,package:cattery_flutter/presentation/controllers/category_management_controller.dart,,S,reverse-evidence/package-paths.txt,imported,package path from AOT; source=reverse-evidence/package-paths.txt
PKG-0032,cats,cats_controller.dart,package:cattery_flutter/presentation/controllers/cats_controller.dart,,S,reverse-evidence/package-paths.txt,imported,package path from AOT; source=reverse-evidence/package-paths.txt
PKG-0033,door_list,door_list_controller.dart,package:cattery_flutter/presentation/controllers/door_list_controller.dart,,S,reverse-evidence/package-paths.txt,imported,package path from AOT; source=reverse-evidence/package-paths.txt
PKG-0034,event_reminder,event_reminder_controller.dart,package:cattery_flutter/presentation/controllers/event_reminder_controller.dart,,S,reverse-evidence/package-paths.txt,imported,package path from AOT; source=reverse-evidence/package-paths.txt
PKG-0035,financial_main,financial_main_controller.dart,package:cattery_flutter/presentation/controllers/financial_main_controller.dart,,S,reverse-evidence/package-paths.txt,imported,package path from AOT; source=reverse-evidence/package-paths.txt
PKG-0036,financial_overview,financial_overview_controller.dart,package:cattery_flutter/presentation/controllers/financial_overview_controller.dart,,S,reverse-evidence/package-paths.txt,imported,package path from AOT; source=reverse-evidence/package-paths.txt
PKG-0037,grooming_list,grooming_list_controller.dart,package:cattery_flutter/presentation/controllers/grooming_list_controller.dart,,S,reverse-evidence/package-paths.txt,imported,package path from AOT; source=reverse-evidence/package-paths.txt
PKG-0038,knife_list,knife_list_controller.dart,package:cattery_flutter/presentation/controllers/knife_list_controller.dart,,S,reverse-evidence/package-paths.txt,imported,package path from AOT; source=reverse-evidence/package-paths.txt
PKG-0039,level_management,level_management_controller.dart,package:cattery_flutter/presentation/controllers/level_management_controller.dart,,S,reverse-evidence/package-paths.txt,imported,package path from AOT; source=reverse-evidence/package-paths.txt
PKG-0040,litter_management,litter_management_controller.dart,package:cattery_flutter/presentation/controllers/litter_management_controller.dart,,S,reverse-evidence/package-paths.txt,imported,package path from AOT; source=reverse-evidence/package-paths.txt
PKG-0041,main,main_controller.dart,package:cattery_flutter/presentation/controllers/main_controller.dart,,S,reverse-evidence/package-paths.txt,imported,package path from AOT; source=reverse-evidence/package-paths.txt
PKG-0042,member_invite,member_invite_controller.dart,package:cattery_flutter/presentation/controllers/member_invite_controller.dart,,S,reverse-evidence/package-paths.txt,imported,package path from AOT; source=reverse-evidence/package-paths.txt
PKG-0043,member_level,member_level_controller.dart,package:cattery_flutter/presentation/controllers/member_level_controller.dart,,S,reverse-evidence/package-paths.txt,imported,package path from AOT; source=reverse-evidence/package-paths.txt
PKG-0044,merchant_onboarding,merchant_onboarding_controller.dart,package:cattery_flutter/presentation/controllers/merchant_onboarding_controller.dart,,S,reverse-evidence/package-paths.txt,imported,package path from AOT; source=reverse-evidence/package-paths.txt
PKG-0045,overview,overview_controller.dart,package:cattery_flutter/presentation/controllers/overview_controller.dart,,S,reverse-evidence/package-paths.txt,imported,package path from AOT; source=reverse-evidence/package-paths.txt
PKG-0046,queue_list,queue_list_controller.dart,package:cattery_flutter/presentation/controllers/queue_list_controller.dart,,S,reverse-evidence/package-paths.txt,imported,package path from AOT; source=reverse-evidence/package-paths.txt
PKG-0047,quick_record,quick_record_controller.dart,package:cattery_flutter/presentation/controllers/quick_record_controller.dart,,S,reverse-evidence/package-paths.txt,imported,package path from AOT; source=reverse-evidence/package-paths.txt
PKG-0048,rating_tag_management,rating_tag_management_controller.dart,package:cattery_flutter/presentation/controllers/rating_tag_management_controller.dart,,S,reverse-evidence/package-paths.txt,imported,package path from AOT; source=reverse-evidence/package-paths.txt
PKG-0049,record_list,record_list_controller.dart,package:cattery_flutter/presentation/controllers/record_list_controller.dart,,S,reverse-evidence/package-paths.txt,imported,package path from AOT; source=reverse-evidence/package-paths.txt
PKG-0050,tag_management,tag_management_controller.dart,package:cattery_flutter/presentation/controllers/tag_management_controller.dart,,S,reverse-evidence/package-paths.txt,imported,package path from AOT; source=reverse-evidence/package-paths.txt
PKG-0051,user_list,user_list_controller.dart,package:cattery_flutter/presentation/controllers/user_list_controller.dart,,S,reverse-evidence/package-paths.txt,imported,package path from AOT; source=reverse-evidence/package-paths.txt
PKG-0052,wish_list,wish_list_controller.dart,package:cattery_flutter/presentation/controllers/wish_list_controller.dart,,S,reverse-evidence/package-paths.txt,imported,package path from AOT; source=reverse-evidence/package-paths.txt
PKG-0053,cattery_flutter,membership_orchestrator.dart,package:cattery_flutter/presentation/orchestrators/membership_orchestrator.dart,,S,reverse-evidence/package-paths.txt,imported,package path from AOT; source=reverse-evidence/package-paths.txt
PKG-0054,cattery_flutter,webview_bridges.dart,package:cattery_flutter/presentation/orchestrators/webview_bridges.dart,,S,reverse-evidence/package-paths.txt,imported,package path from AOT; source=reverse-evidence/package-paths.txt
PKG-0055,agent,agent_workbench_page.dart,package:cattery_flutter/presentation/pages/agent/agent_workbench_page.dart,,S,reverse-evidence/package-paths.txt,imported,package path from AOT; source=reverse-evidence/package-paths.txt
PKG-0056,analytics,analytics_binding.dart,package:cattery_flutter/presentation/pages/analytics/analytics_binding.dart,,S,reverse-evidence/package-paths.txt,imported,package path from AOT; source=reverse-evidence/package-paths.txt
PKG-0057,analytics,analytics_controller.dart,package:cattery_flutter/presentation/pages/analytics/analytics_controller.dart,,S,reverse-evidence/package-paths.txt,imported,package path from AOT; source=reverse-evidence/package-paths.txt
PKG-0058,analytics,analytics_page.dart,package:cattery_flutter/presentation/pages/analytics/analytics_page.dart,,S,reverse-evidence/package-paths.txt,imported,package path from AOT; source=reverse-evidence/package-paths.txt
PKG-0059,auth,login_binding.dart,package:cattery_flutter/presentation/pages/auth/login_binding.dart,,S,reverse-evidence/package-paths.txt,imported,package path from AOT; source=reverse-evidence/package-paths.txt
PKG-0060,auth,login_code_page.dart,package:cattery_flutter/presentation/pages/auth/login_code_page.dart,,S,reverse-evidence/package-paths.txt,imported,package path from AOT; source=reverse-evidence/package-paths.txt
PKG-0061,auth,login_controller.dart,package:cattery_flutter/presentation/pages/auth/login_controller.dart,,S,reverse-evidence/package-paths.txt,imported,package path from AOT; source=reverse-evidence/package-paths.txt
PKG-0062,auth,login_page.dart,package:cattery_flutter/presentation/pages/auth/login_page.dart,,S,reverse-evidence/package-paths.txt,imported,package path from AOT; source=reverse-evidence/package-paths.txt
PKG-0063,balance_approval,balance_approval_binding.dart,package:cattery_flutter/presentation/pages/balance_approval/balance_approval_binding.dart,,S,reverse-evidence/package-paths.txt,imported,package path from AOT; source=reverse-evidence/package-paths.txt
PKG-0064,balance_approval,balance_approval_controller.dart,package:cattery_flutter/presentation/pages/balance_approval/balance_approval_controller.dart,,S,reverse-evidence/package-paths.txt,imported,package path from AOT; source=reverse-evidence/package-paths.txt
PKG-0065,balance_approval,balance_approval_page.dart,package:cattery_flutter/presentation/pages/balance_approval/balance_approval_page.dart,,S,reverse-evidence/package-paths.txt,imported,package path from AOT; source=reverse-evidence/package-paths.txt
PKG-0066,boarding_detail,boarding_detail_binding.dart,package:cattery_flutter/presentation/pages/boarding_detail/boarding_detail_binding.dart,,S,reverse-evidence/package-paths.txt,imported,package path from AOT; source=reverse-evidence/package-paths.txt
PKG-0067,boarding_detail,boarding_detail_controller.dart,package:cattery_flutter/presentation/pages/boarding_detail/boarding_detail_controller.dart,,S,reverse-evidence/package-paths.txt,imported,package path from AOT; source=reverse-evidence/package-paths.txt
PKG-0068,boarding_detail,boarding_detail_page.dart,package:cattery_flutter/presentation/pages/boarding_detail/boarding_detail_page.dart,,S,reverse-evidence/package-paths.txt,imported,package path from AOT; source=reverse-evidence/package-paths.txt
PKG-0069,boarding_list,boarding_list_binding.dart,package:cattery_flutter/presentation/pages/boarding_list/boarding_list_binding.dart,,S,reverse-evidence/package-paths.txt,imported,package path from AOT; source=reverse-evidence/package-paths.txt
PKG-0070,boarding_list,boarding_list_controller.dart,package:cattery_flutter/presentation/pages/boarding_list/boarding_list_controller.dart,,S,reverse-evidence/package-paths.txt,imported,package path from AOT; source=reverse-evidence/package-paths.txt
PKG-0071,boarding_list,boarding_list_page.dart,package:cattery_flutter/presentation/pages/boarding_list/boarding_list_page.dart,,S,reverse-evidence/package-paths.txt,imported,package path from AOT; source=reverse-evidence/package-paths.txt
PKG-0072,brand_task,brand_task_binding.dart,package:cattery_flutter/presentation/pages/brand_task/brand_task_binding.dart,,S,reverse-evidence/package-paths.txt,imported,package path from AOT; source=reverse-evidence/package-paths.txt
PKG-0073,brand_task,brand_task_controller.dart,package:cattery_flutter/presentation/pages/brand_task/brand_task_controller.dart,,S,reverse-evidence/package-paths.txt,imported,package path from AOT; source=reverse-evidence/package-paths.txt
PKG-0074,brand_task,brand_task_hall_page.dart,package:cattery_flutter/presentation/pages/brand_task/brand_task_hall_page.dart,,S,reverse-evidence/package-paths.txt,imported,package path from AOT; source=reverse-evidence/package-paths.txt
PKG-0075,brand_task,brand_task_detail_dialog.dart,package:cattery_flutter/presentation/pages/brand_task/widgets/brand_task_detail_dialog.dart,,S,reverse-evidence/package-paths.txt,imported,package path from AOT; source=reverse-evidence/package-paths.txt
PKG-0076,brand_task,my_task_detail_dialog.dart,package:cattery_flutter/presentation/pages/brand_task/widgets/my_task_detail_dialog.dart,,S,reverse-evidence/package-paths.txt,imported,package path from AOT; source=reverse-evidence/package-paths.txt
PKG-0077,breeding,breeding_simulator_page.dart,package:cattery_flutter/presentation/pages/breeding/breeding_simulator_page.dart,,S,reverse-evidence/package-paths.txt,imported,package path from AOT; source=reverse-evidence/package-paths.txt
PKG-0078,breeding_plan,breeding_plan_tab_page.dart,package:cattery_flutter/presentation/pages/breeding_plan/breeding_plan_tab_page.dart,,S,reverse-evidence/package-paths.txt,imported,package path from AOT; source=reverse-evidence/package-paths.txt
PKG-0079,calendar,calendar_binding.dart,package:cattery_flutter/presentation/pages/calendar/calendar_binding.dart,,S,reverse-evidence/package-paths.txt,imported,package path from AOT; source=reverse-evidence/package-paths.txt
PKG-0080,calendar,calendar_page.dart,package:cattery_flutter/presentation/pages/calendar/calendar_page.dart,,S,reverse-evidence/package-paths.txt,imported,package path from AOT; source=reverse-evidence/package-paths.txt
PKG-0081,calendar,calendar_header.dart,package:cattery_flutter/presentation/pages/calendar/widgets/calendar_header.dart,,S,reverse-evidence/package-paths.txt,imported,package path from AOT; source=reverse-evidence/package-paths.txt
PKG-0082,calendar,calendar_statistics_panel.dart,package:cattery_flutter/presentation/pages/calendar/widgets/calendar_statistics_panel.dart,,S,reverse-evidence/package-paths.txt,imported,package path from AOT; source=reverse-evidence/package-paths.txt
PKG-0083,cat_analytics,cat_analytics_binding.dart,package:cattery_flutter/presentation/pages/cat_analytics/cat_analytics_binding.dart,,S,reverse-evidence/package-paths.txt,imported,package path from AOT; source=reverse-evidence/package-paths.txt
PKG-0084,cat_analytics,cat_analytics_controller.dart,package:cattery_flutter/presentation/pages/cat_analytics/cat_analytics_controller.dart,,S,reverse-evidence/package-paths.txt,imported,package path from AOT; source=reverse-evidence/package-paths.txt
PKG-0085,cat_analytics,cat_analytics_page.dart,package:cattery_flutter/presentation/pages/cat_analytics/cat_analytics_page.dart,,S,reverse-evidence/package-paths.txt,imported,package path from AOT; source=reverse-evidence/package-paths.txt
PKG-0086,cat_detail,cat_detail_page.dart,package:cattery_flutter/presentation/pages/cat_detail/cat_detail_page.dart,,S,reverse-evidence/package-paths.txt,imported,package path from AOT; source=reverse-evidence/package-paths.txt
PKG-0087,cat_weight,cat_weight_binding.dart,package:cattery_flutter/presentation/pages/cat_weight/cat_weight_binding.dart,,S,reverse-evidence/package-paths.txt,imported,package path from AOT; source=reverse-evidence/package-paths.txt
PKG-0088,cat_weight,cat_weight_controller.dart,package:cattery_flutter/presentation/pages/cat_weight/cat_weight_controller.dart,,S,reverse-evidence/package-paths.txt,imported,package path from AOT; source=reverse-evidence/package-paths.txt
PKG-0089,cat_weight,cat_weight_page.dart,package:cattery_flutter/presentation/pages/cat_weight/cat_weight_page.dart,,S,reverse-evidence/package-paths.txt,imported,package path from AOT; source=reverse-evidence/package-paths.txt
PKG-0090,contract,contract_center_page.dart,package:cattery_flutter/presentation/pages/contract/contract_center_page.dart,,S,reverse-evidence/package-paths.txt,imported,package path from AOT; source=reverse-evidence/package-paths.txt
PKG-0091,contract,contract_controller.dart,package:cattery_flutter/presentation/pages/contract/contract_controller.dart,,S,reverse-evidence/package-paths.txt,imported,package path from AOT; source=reverse-evidence/package-paths.txt
PKG-0092,contract,contract_document_detail_page.dart,package:cattery_flutter/presentation/pages/contract/contract_document_detail_page.dart,,S,reverse-evidence/package-paths.txt,imported,package path from AOT; source=reverse-evidence/package-paths.txt
PKG-0093,contract,contract_editor_page.dart,package:cattery_flutter/presentation/pages/contract/contract_editor_page.dart,,S,reverse-evidence/package-paths.txt,imported,package path from AOT; source=reverse-evidence/package-paths.txt
PKG-0094,contract,contract_generate_page.dart,package:cattery_flutter/presentation/pages/contract/contract_generate_page.dart,,S,reverse-evidence/package-paths.txt,imported,package path from AOT; source=reverse-evidence/package-paths.txt
PKG-0095,data_backup,data_backup_controller.dart,package:cattery_flutter/presentation/pages/data_backup/data_backup_controller.dart,,S,reverse-evidence/package-paths.txt,imported,package path from AOT; source=reverse-evidence/package-paths.txt
PKG-0096,data_backup,data_backup_page.dart,package:cattery_flutter/presentation/pages/data_backup/data_backup_page.dart,,S,reverse-evidence/package-paths.txt,imported,package path from AOT; source=reverse-evidence/package-paths.txt
PKG-0097,data_backup,auto_backup_settings_card.dart,package:cattery_flutter/presentation/pages/data_backup/widgets/auto_backup_settings_card.dart,,S,reverse-evidence/package-paths.txt,imported,package path from AOT; source=reverse-evidence/package-paths.txt
PKG-0098,data_backup,auto_backup_settings_dialog.dart,package:cattery_flutter/presentation/pages/data_backup/widgets/auto_backup_settings_dialog.dart,,S,reverse-evidence/package-paths.txt,imported,package path from AOT; source=reverse-evidence/package-paths.txt
PKG-0099,data_backup,backup_history_card.dart,package:cattery_flutter/presentation/pages/data_backup/widgets/backup_history_card.dart,,S,reverse-evidence/package-paths.txt,imported,package path from AOT; source=reverse-evidence/package-paths.txt
PKG-0100,data_backup,backup_status_badge.dart,package:cattery_flutter/presentation/pages/data_backup/widgets/backup_status_badge.dart,,S,reverse-evidence/package-paths.txt,imported,package path from AOT; source=reverse-evidence/package-paths.txt
PKG-0101,data_backup,create_backup_sheet.dart,package:cattery_flutter/presentation/pages/data_backup/widgets/create_backup_sheet.dart,,S,reverse-evidence/package-paths.txt,imported,package path from AOT; source=reverse-evidence/package-paths.txt
PKG-0102,debug,push_debug_page.dart,package:cattery_flutter/presentation/pages/debug/push_debug_page.dart,,S,reverse-evidence/package-paths.txt,imported,package path from AOT; source=reverse-evidence/package-paths.txt
PKG-0103,door_list,door_list_binding.dart,package:cattery_flutter/presentation/pages/door_list/door_list_binding.dart,,S,reverse-evidence/package-paths.txt,imported,package path from AOT; source=reverse-evidence/package-paths.txt
PKG-0104,door_list,door_list_page.dart,package:cattery_flutter/presentation/pages/door_list/door_list_page.dart,,S,reverse-evidence/package-paths.txt,imported,package path from AOT; source=reverse-evidence/package-paths.txt
PKG-0105,event,event_record_detail_page.dart,package:cattery_flutter/presentation/pages/event/event_record_detail_page.dart,,S,reverse-evidence/package-paths.txt,imported,package path from AOT; source=reverse-evidence/package-paths.txt
PKG-0106,event,event_record_page.dart,package:cattery_flutter/presentation/pages/event/event_record_page.dart,,S,reverse-evidence/package-paths.txt,imported,package path from AOT; source=reverse-evidence/package-paths.txt
PKG-0107,event_reminder,event_reminder_binding.dart,package:cattery_flutter/presentation/pages/event_reminder/event_reminder_binding.dart,,S,reverse-evidence/package-paths.txt,imported,package path from AOT; source=reverse-evidence/package-paths.txt
PKG-0108,event_reminder,event_reminder_page.dart,package:cattery_flutter/presentation/pages/event_reminder/event_reminder_page.dart,,S,reverse-evidence/package-paths.txt,imported,package path from AOT; source=reverse-evidence/package-paths.txt
PKG-0109,feedback,feedback_binding.dart,package:cattery_flutter/presentation/pages/feedback/feedback_binding.dart,,S,reverse-evidence/package-paths.txt,imported,package path from AOT; source=reverse-evidence/package-paths.txt
PKG-0110,feedback,feedback_controller.dart,package:cattery_flutter/presentation/pages/feedback/feedback_controller.dart,,S,reverse-evidence/package-paths.txt,imported,package path from AOT; source=reverse-evidence/package-paths.txt
PKG-0111,feedback,feedback_page.dart,package:cattery_flutter/presentation/pages/feedback/feedback_page.dart,,S,reverse-evidence/package-paths.txt,imported,package path from AOT; source=reverse-evidence/package-paths.txt
PKG-0112,financial,category_management_page.dart,package:cattery_flutter/presentation/pages/financial/category_management_page.dart,,S,reverse-evidence/package-paths.txt,imported,package path from AOT; source=reverse-evidence/package-paths.txt
PKG-0113,financial,ecommerce_report_page.dart,package:cattery_flutter/presentation/pages/financial/ecommerce_report/ecommerce_report_page.dart,,S,reverse-evidence/package-paths.txt,imported,package path from AOT; source=reverse-evidence/package-paths.txt
PKG-0114,financial,financial_main_page.dart,package:cattery_flutter/presentation/pages/financial/financial_main_page.dart,,S,reverse-evidence/package-paths.txt,imported,package path from AOT; source=reverse-evidence/package-paths.txt
PKG-0115,financial,record_list_page.dart,package:cattery_flutter/presentation/pages/financial/record_list_page.dart,,S,reverse-evidence/package-paths.txt,imported,package path from AOT; source=reverse-evidence/package-paths.txt
PKG-0116,financial,bill_summary_section.dart,package:cattery_flutter/presentation/pages/financial/widgets/bill_summary_section.dart,,S,reverse-evidence/package-paths.txt,imported,package path from AOT; source=reverse-evidence/package-paths.txt
PKG-0117,financial,category_stats_section.dart,package:cattery_flutter/presentation/pages/financial/widgets/category_stats_section.dart,,S,reverse-evidence/package-paths.txt,imported,package path from AOT; source=reverse-evidence/package-paths.txt
PKG-0118,financial,core_stats_card.dart,package:cattery_flutter/presentation/pages/financial/widgets/core_stats_card.dart,,S,reverse-evidence/package-paths.txt,imported,package path from AOT; source=reverse-evidence/package-paths.txt
PKG-0119,financial,ecommerce_stats_card.dart,package:cattery_flutter/presentation/pages/financial/widgets/ecommerce_stats_card.dart,,S,reverse-evidence/package-paths.txt,imported,package path from AOT; source=reverse-evidence/package-paths.txt
PKG-0120,financial,record_filter_bottom_sheet.dart,package:cattery_flutter/presentation/pages/financial/widgets/record_filter_bottom_sheet.dart,,S,reverse-evidence/package-paths.txt,imported,package path from AOT; source=reverse-evidence/package-paths.txt
PKG-0121,financial,record_list_filter_bar.dart,package:cattery_flutter/presentation/pages/financial/widgets/record_list_filter_bar.dart,,S,reverse-evidence/package-paths.txt,imported,package path from AOT; source=reverse-evidence/package-paths.txt
PKG-0122,financial,record_list_item.dart,package:cattery_flutter/presentation/pages/financial/widgets/record_list_item.dart,,S,reverse-evidence/package-paths.txt,imported,package path from AOT; source=reverse-evidence/package-paths.txt
PKG-0123,financial,record_search_bar.dart,package:cattery_flutter/presentation/pages/financial/widgets/record_search_bar.dart,,S,reverse-evidence/package-paths.txt,imported,package path from AOT; source=reverse-evidence/package-paths.txt
PKG-0124,financial,time_range_selector.dart,package:cattery_flutter/presentation/pages/financial/widgets/time_range_selector.dart,,S,reverse-evidence/package-paths.txt,imported,package path from AOT; source=reverse-evidence/package-paths.txt
PKG-0125,financial,weekly_expense_chart.dart,package:cattery_flutter/presentation/pages/financial/widgets/weekly_expense_chart.dart,,S,reverse-evidence/package-paths.txt,imported,package path from AOT; source=reverse-evidence/package-paths.txt
PKG-0126,folder_detail,folder_detail_binding.dart,package:cattery_flutter/presentation/pages/folder_detail/folder_detail_binding.dart,,S,reverse-evidence/package-paths.txt,imported,package path from AOT; source=reverse-evidence/package-paths.txt
PKG-0127,folder_detail,folder_detail_controller.dart,package:cattery_flutter/presentation/pages/folder_detail/folder_detail_controller.dart,,S,reverse-evidence/package-paths.txt,imported,package path from AOT; source=reverse-evidence/package-paths.txt
PKG-0128,folder_detail,folder_detail_page.dart,package:cattery_flutter/presentation/pages/folder_detail/folder_detail_page.dart,,S,reverse-evidence/package-paths.txt,imported,package path from AOT; source=reverse-evidence/package-paths.txt
PKG-0129,grooming_detail,grooming_detail_binding.dart,package:cattery_flutter/presentation/pages/grooming_detail/grooming_detail_binding.dart,,S,reverse-evidence/package-paths.txt,imported,package path from AOT; source=reverse-evidence/package-paths.txt
PKG-0130,grooming_detail,grooming_detail_controller.dart,package:cattery_flutter/presentation/pages/grooming_detail/grooming_detail_controller.dart,,S,reverse-evidence/package-paths.txt,imported,package path from AOT; source=reverse-evidence/package-paths.txt
PKG-0131,grooming_detail,grooming_detail_page.dart,package:cattery_flutter/presentation/pages/grooming_detail/grooming_detail_page.dart,,S,reverse-evidence/package-paths.txt,imported,package path from AOT; source=reverse-evidence/package-paths.txt
PKG-0132,grooming_list,grooming_list_page.dart,package:cattery_flutter/presentation/pages/grooming_list/grooming_list_page.dart,,S,reverse-evidence/package-paths.txt,imported,package path from AOT; source=reverse-evidence/package-paths.txt
PKG-0133,health,health_record_form_page.dart,package:cattery_flutter/presentation/pages/health/health_record_form_page.dart,,S,reverse-evidence/package-paths.txt,imported,package path from AOT; source=reverse-evidence/package-paths.txt
PKG-0134,health,history_record_page.dart,package:cattery_flutter/presentation/pages/health/history_record_page.dart,,S,reverse-evidence/package-paths.txt,imported,package path from AOT; source=reverse-evidence/package-paths.txt
PKG-0135,invite_peer,invite_card_sheet.dart,package:cattery_flutter/presentation/pages/invite_peer/invite_card_sheet.dart,,S,reverse-evidence/package-paths.txt,imported,package path from AOT; source=reverse-evidence/package-paths.txt
PKG-0136,invite_peer,invite_peer_controller.dart,package:cattery_flutter/presentation/pages/invite_peer/invite_peer_controller.dart,,S,reverse-evidence/package-paths.txt,imported,package path from AOT; source=reverse-evidence/package-paths.txt
PKG-0137,invite_peer,invite_peer_page.dart,package:cattery_flutter/presentation/pages/invite_peer/invite_peer_page.dart,,S,reverse-evidence/package-paths.txt,imported,package path from AOT; source=reverse-evidence/package-paths.txt
PKG-0138,knife_list,knife_list_binding.dart,package:cattery_flutter/presentation/pages/knife_list/knife_list_binding.dart,,S,reverse-evidence/package-paths.txt,imported,package path from AOT; source=reverse-evidence/package-paths.txt
PKG-0139,knife_list,knife_list_page.dart,package:cattery_flutter/presentation/pages/knife_list/knife_list_page.dart,,S,reverse-evidence/package-paths.txt,imported,package path from AOT; source=reverse-evidence/package-paths.txt
PKG-0140,main,main_page.dart,package:cattery_flutter/presentation/pages/main/main_page.dart,,S,reverse-evidence/package-paths.txt,imported,package path from AOT; source=reverse-evidence/package-paths.txt
PKG-0141,main,pad_shell.dart,package:cattery_flutter/presentation/pages/main/pad_shell.dart,,S,reverse-evidence/package-paths.txt,imported,package path from AOT; source=reverse-evidence/package-paths.txt
PKG-0142,management,breed_management_page.dart,package:cattery_flutter/presentation/pages/management/breed_management_page.dart,,S,reverse-evidence/package-paths.txt,imported,package path from AOT; source=reverse-evidence/package-paths.txt
PKG-0143,management,breeding_plan_display_defaults_management_page.dart,package:cattery_flutter/presentation/pages/management/breeding_plan_display_defaults_management_page.dart,,S,reverse-evidence/package-paths.txt,imported,package path from AOT; source=reverse-evidence/package-paths.txt
PKG-0144,management,display_defaults_management_page.dart,package:cattery_flutter/presentation/pages/management/display_defaults_management_page.dart,,S,reverse-evidence/package-paths.txt,imported,package path from AOT; source=reverse-evidence/package-paths.txt
PKG-0145,management,level_management_page.dart,package:cattery_flutter/presentation/pages/management/level_management_page.dart,,S,reverse-evidence/package-paths.txt,imported,package path from AOT; source=reverse-evidence/package-paths.txt
PKG-0146,management,tag_management_page.dart,package:cattery_flutter/presentation/pages/management/tag_management_page.dart,,S,reverse-evidence/package-paths.txt,imported,package path from AOT; source=reverse-evidence/package-paths.txt
PKG-0147,marketing,marketing_binding.dart,package:cattery_flutter/presentation/pages/marketing/marketing_binding.dart,,S,reverse-evidence/package-paths.txt,imported,package path from AOT; source=reverse-evidence/package-paths.txt
PKG-0148,marketing,marketing_controller.dart,package:cattery_flutter/presentation/pages/marketing/marketing_controller.dart,,S,reverse-evidence/package-paths.txt,imported,package path from AOT; source=reverse-evidence/package-paths.txt
PKG-0149,marketing,marketing_page.dart,package:cattery_flutter/presentation/pages/marketing/marketing_page.dart,,S,reverse-evidence/package-paths.txt,imported,package path from AOT; source=reverse-evidence/package-paths.txt
PKG-0150,marketing,marketing_create_bottom_sheet.dart,package:cattery_flutter/presentation/pages/marketing/widgets/marketing_create_bottom_sheet.dart,,S,reverse-evidence/package-paths.txt,imported,package path from AOT; source=reverse-evidence/package-paths.txt
PKG-0151,member_invite,member_invite_page.dart,package:cattery_flutter/presentation/pages/member_invite/member_invite_page.dart,,S,reverse-evidence/package-paths.txt,imported,package path from AOT; source=reverse-evidence/package-paths.txt
PKG-0152,member_level,member_level_edit_page.dart,package:cattery_flutter/presentation/pages/member_level/member_level_edit_page.dart,,S,reverse-evidence/package-paths.txt,imported,package path from AOT; source=reverse-evidence/package-paths.txt
PKG-0153,member_level,member_level_list_page.dart,package:cattery_flutter/presentation/pages/member_level/member_level_list_page.dart,,S,reverse-evidence/package-paths.txt,imported,package path from AOT; source=reverse-evidence/package-paths.txt
PKG-0154,member_management,member_management_binding.dart,package:cattery_flutter/presentation/pages/member_management/member_management_binding.dart,,S,reverse-evidence/package-paths.txt,imported,package path from AOT; source=reverse-evidence/package-paths.txt
PKG-0155,member_management,member_management_controller.dart,package:cattery_flutter/presentation/pages/member_management/member_management_controller.dart,,S,reverse-evidence/package-paths.txt,imported,package path from AOT; source=reverse-evidence/package-paths.txt
PKG-0156,member_management,member_management_page.dart,package:cattery_flutter/presentation/pages/member_management/member_management_page.dart,,S,reverse-evidence/package-paths.txt,imported,package path from AOT; source=reverse-evidence/package-paths.txt
PKG-0157,member_management,member_profile_page.dart,package:cattery_flutter/presentation/pages/member_management/member_profile_page.dart,,S,reverse-evidence/package-paths.txt,imported,package path from AOT; source=reverse-evidence/package-paths.txt
PKG-0158,membership,membership_webview_page.dart,package:cattery_flutter/presentation/pages/membership/membership_webview_page.dart,,S,reverse-evidence/package-paths.txt,imported,package path from AOT; source=reverse-evidence/package-paths.txt
PKG-0159,merchant_settings,merchant_settings_binding.dart,package:cattery_flutter/presentation/pages/merchant_settings/merchant_settings_binding.dart,,S,reverse-evidence/package-paths.txt,imported,package path from AOT; source=reverse-evidence/package-paths.txt
PKG-0160,merchant_settings,merchant_settings_controller.dart,package:cattery_flutter/presentation/pages/merchant_settings/merchant_settings_controller.dart,,S,reverse-evidence/package-paths.txt,imported,package path from AOT; source=reverse-evidence/package-paths.txt
PKG-0161,merchant_settings,merchant_settings_page.dart,package:cattery_flutter/presentation/pages/merchant_settings/merchant_settings_page.dart,,S,reverse-evidence/package-paths.txt,imported,package path from AOT; source=reverse-evidence/package-paths.txt
PKG-0162,miniprogram_audit,miniprogram_audit_binding.dart,package:cattery_flutter/presentation/pages/miniprogram_audit/miniprogram_audit_binding.dart,,S,reverse-evidence/package-paths.txt,imported,package path from AOT; source=reverse-evidence/package-paths.txt
PKG-0163,miniprogram_audit,miniprogram_audit_controller.dart,package:cattery_flutter/presentation/pages/miniprogram_audit/miniprogram_audit_controller.dart,,S,reverse-evidence/package-paths.txt,imported,package path from AOT; source=reverse-evidence/package-paths.txt
PKG-0164,miniprogram_audit,miniprogram_audit_page.dart,package:cattery_flutter/presentation/pages/miniprogram_audit/miniprogram_audit_page.dart,,S,reverse-evidence/package-paths.txt,imported,package path from AOT; source=reverse-evidence/package-paths.txt
PKG-0165,miniprogram_manage,miniprogram_manage_binding.dart,package:cattery_flutter/presentation/pages/miniprogram_manage/miniprogram_manage_binding.dart,,S,reverse-evidence/package-paths.txt,imported,package path from AOT; source=reverse-evidence/package-paths.txt
PKG-0166,miniprogram_manage,miniprogram_manage_controller.dart,package:cattery_flutter/presentation/pages/miniprogram_manage/miniprogram_manage_controller.dart,,S,reverse-evidence/package-paths.txt,imported,package path from AOT; source=reverse-evidence/package-paths.txt
PKG-0167,miniprogram_manage,miniprogram_manage_page.dart,package:cattery_flutter/presentation/pages/miniprogram_manage/miniprogram_manage_page.dart,,S,reverse-evidence/package-paths.txt,imported,package path from AOT; source=reverse-evidence/package-paths.txt
PKG-0168,miniprogram_publish,miniprogram_publish_binding.dart,package:cattery_flutter/presentation/pages/miniprogram_publish/miniprogram_publish_binding.dart,,S,reverse-evidence/package-paths.txt,imported,package path from AOT; source=reverse-evidence/package-paths.txt
PKG-0169,miniprogram_publish,miniprogram_publish_controller.dart,package:cattery_flutter/presentation/pages/miniprogram_publish/miniprogram_publish_controller.dart,,S,reverse-evidence/package-paths.txt,imported,package path from AOT; source=reverse-evidence/package-paths.txt
PKG-0170,miniprogram_publish,miniprogram_publish_page.dart,package:cattery_flutter/presentation/pages/miniprogram_publish/miniprogram_publish_page.dart,,S,reverse-evidence/package-paths.txt,imported,package path from AOT; source=reverse-evidence/package-paths.txt
PKG-0171,miniprogram_shop,miniprogram_shop_binding.dart,package:cattery_flutter/presentation/pages/miniprogram_shop/miniprogram_shop_binding.dart,,S,reverse-evidence/package-paths.txt,imported,package path from AOT; source=reverse-evidence/package-paths.txt
PKG-0172,miniprogram_shop,miniprogram_shop_controller.dart,package:cattery_flutter/presentation/pages/miniprogram_shop/miniprogram_shop_controller.dart,,S,reverse-evidence/package-paths.txt,imported,package path from AOT; source=reverse-evidence/package-paths.txt
PKG-0173,miniprogram_shop,miniprogram_shop_page.dart,package:cattery_flutter/presentation/pages/miniprogram_shop/miniprogram_shop_page.dart,,S,reverse-evidence/package-paths.txt,imported,package path from AOT; source=reverse-evidence/package-paths.txt
PKG-0174,overview,overview_module_customization_page.dart,package:cattery_flutter/presentation/pages/overview/overview_module_customization_page.dart,,S,reverse-evidence/package-paths.txt,imported,package path from AOT; source=reverse-evidence/package-paths.txt
PKG-0175,cattery_flutter,pedigree_tree_page.dart,package:cattery_flutter/presentation/pages/pedigree_tree_page.dart,,S,reverse-evidence/package-paths.txt,imported,package path from AOT; source=reverse-evidence/package-paths.txt
PKG-0176,pet_art_gallery,pet_art_gallery_webview_page.dart,package:cattery_flutter/presentation/pages/pet_art_gallery/pet_art_gallery_webview_page.dart,,S,reverse-evidence/package-paths.txt,imported,package path from AOT; source=reverse-evidence/package-paths.txt
PKG-0177,pet_bean,pet_bean_webview_page.dart,package:cattery_flutter/presentation/pages/pet_bean/pet_bean_webview_page.dart,,S,reverse-evidence/package-paths.txt,imported,package path from AOT; source=reverse-evidence/package-paths.txt
PKG-0178,point_manage,point_manage_binding.dart,package:cattery_flutter/presentation/pages/point_manage/point_manage_binding.dart,,S,reverse-evidence/package-paths.txt,imported,package path from AOT; source=reverse-evidence/package-paths.txt
PKG-0179,point_manage,point_manage_page.dart,package:cattery_flutter/presentation/pages/point_manage/point_manage_page.dart,,S,reverse-evidence/package-paths.txt,imported,package path from AOT; source=reverse-evidence/package-paths.txt
PKG-0180,profile,profile_controller.dart,package:cattery_flutter/presentation/pages/profile/profile_controller.dart,,S,reverse-evidence/package-paths.txt,imported,package path from AOT; source=reverse-evidence/package-paths.txt
PKG-0181,profile,storage_management_page.dart,package:cattery_flutter/presentation/pages/profile/storage_management_page.dart,,S,reverse-evidence/package-paths.txt,imported,package path from AOT; source=reverse-evidence/package-paths.txt
PKG-0182,queue_list,queue_list_binding.dart,package:cattery_flutter/presentation/pages/queue_list/queue_list_binding.dart,,S,reverse-evidence/package-paths.txt,imported,package path from AOT; source=reverse-evidence/package-paths.txt
PKG-0183,queue_list,queue_list_page.dart,package:cattery_flutter/presentation/pages/queue_list/queue_list_page.dart,,S,reverse-evidence/package-paths.txt,imported,package path from AOT; source=reverse-evidence/package-paths.txt
PKG-0184,queue_list,queue_edit_bottom_sheet.dart,package:cattery_flutter/presentation/pages/queue_list/widgets/queue_edit_bottom_sheet.dart,,S,reverse-evidence/package-paths.txt,imported,package path from AOT; source=reverse-evidence/package-paths.txt
PKG-0185,rating,rating_tag_management_page.dart,package:cattery_flutter/presentation/pages/rating/rating_tag_management_page.dart,,S,reverse-evidence/package-paths.txt,imported,package path from AOT; source=reverse-evidence/package-paths.txt
PKG-0186,receipt_generator,preset_templates.dart,package:cattery_flutter/presentation/pages/receipt_generator/preset_templates.dart,,S,reverse-evidence/package-paths.txt,imported,package path from AOT; source=reverse-evidence/package-paths.txt
PKG-0187,receipt_generator,receipt_generator_controller.dart,package:cattery_flutter/presentation/pages/receipt_generator/receipt_generator_controller.dart,,S,reverse-evidence/package-paths.txt,imported,package path from AOT; source=reverse-evidence/package-paths.txt
PKG-0188,receipt_generator,receipt_generator_page.dart,package:cattery_flutter/presentation/pages/receipt_generator/receipt_generator_page.dart,,S,reverse-evidence/package-paths.txt,imported,package path from AOT; source=reverse-evidence/package-paths.txt
PKG-0189,receipt_generator,receipt_template_editor_page.dart,package:cattery_flutter/presentation/pages/receipt_generator/receipt_template_editor_page.dart,,S,reverse-evidence/package-paths.txt,imported,package path from AOT; source=reverse-evidence/package-paths.txt
PKG-0190,receipt_generator,receipt_template_list_page.dart,package:cattery_flutter/presentation/pages/receipt_generator/receipt_template_list_page.dart,,S,reverse-evidence/package-paths.txt,imported,package path from AOT; source=reverse-evidence/package-paths.txt
PKG-0191,receipt_generator,preview_editor.dart,package:cattery_flutter/presentation/pages/receipt_generator/widgets/preview_editor.dart,,S,reverse-evidence/package-paths.txt,imported,package path from AOT; source=reverse-evidence/package-paths.txt
PKG-0192,receipt_generator,variable_input_form.dart,package:cattery_flutter/presentation/pages/receipt_generator/widgets/variable_input_form.dart,,S,reverse-evidence/package-paths.txt,imported,package path from AOT; source=reverse-evidence/package-paths.txt
PKG-0193,scan,qr_scan_page.dart,package:cattery_flutter/presentation/pages/scan/qr_scan_page.dart,,S,reverse-evidence/package-paths.txt,imported,package path from AOT; source=reverse-evidence/package-paths.txt
PKG-0194,settings,home_theme_settings_binding.dart,package:cattery_flutter/presentation/pages/settings/home_theme_settings_binding.dart,,S,reverse-evidence/package-paths.txt,imported,package path from AOT; source=reverse-evidence/package-paths.txt
PKG-0195,settings,home_theme_settings_controller.dart,package:cattery_flutter/presentation/pages/settings/home_theme_settings_controller.dart,,S,reverse-evidence/package-paths.txt,imported,package path from AOT; source=reverse-evidence/package-paths.txt
PKG-0196,settings,home_theme_settings_page.dart,package:cattery_flutter/presentation/pages/settings/home_theme_settings_page.dart,,S,reverse-evidence/package-paths.txt,imported,package path from AOT; source=reverse-evidence/package-paths.txt
PKG-0197,settings,intro_splash_settings_binding.dart,package:cattery_flutter/presentation/pages/settings/intro_splash_settings_binding.dart,,S,reverse-evidence/package-paths.txt,imported,package path from AOT; source=reverse-evidence/package-paths.txt
PKG-0198,settings,intro_splash_settings_controller.dart,package:cattery_flutter/presentation/pages/settings/intro_splash_settings_controller.dart,,S,reverse-evidence/package-paths.txt,imported,package path from AOT; source=reverse-evidence/package-paths.txt
PKG-0199,settings,intro_splash_settings_page.dart,package:cattery_flutter/presentation/pages/settings/intro_splash_settings_page.dart,,S,reverse-evidence/package-paths.txt,imported,package path from AOT; source=reverse-evidence/package-paths.txt
PKG-0200,settings,language_setting_page.dart,package:cattery_flutter/presentation/pages/settings/language_setting_page.dart,,S,reverse-evidence/package-paths.txt,imported,package path from AOT; source=reverse-evidence/package-paths.txt
PKG-0201,settings,privacy_policy_page.dart,package:cattery_flutter/presentation/pages/settings/privacy_policy_page.dart,,S,reverse-evidence/package-paths.txt,imported,package path from AOT; source=reverse-evidence/package-paths.txt
PKG-0202,settings,theme_setting_page.dart,package:cattery_flutter/presentation/pages/settings/theme_setting_page.dart,,S,reverse-evidence/package-paths.txt,imported,package path from AOT; source=reverse-evidence/package-paths.txt
PKG-0203,settings,user_agreement_page.dart,package:cattery_flutter/presentation/pages/settings/user_agreement_page.dart,,S,reverse-evidence/package-paths.txt,imported,package path from AOT; source=reverse-evidence/package-paths.txt
PKG-0204,settings,weight_alert_settings_controller.dart,package:cattery_flutter/presentation/pages/settings/weight_alert_settings_controller.dart,,S,reverse-evidence/package-paths.txt,imported,package path from AOT; source=reverse-evidence/package-paths.txt
PKG-0205,settings,weight_alert_settings_page.dart,package:cattery_flutter/presentation/pages/settings/weight_alert_settings_page.dart,,S,reverse-evidence/package-paths.txt,imported,package path from AOT; source=reverse-evidence/package-paths.txt
PKG-0206,stud_service,stud_invite_accept_binding.dart,package:cattery_flutter/presentation/pages/stud_service/accept/stud_invite_accept_binding.dart,,S,reverse-evidence/package-paths.txt,imported,package path from AOT; source=reverse-evidence/package-paths.txt
PKG-0207,stud_service,stud_invite_accept_controller.dart,package:cattery_flutter/presentation/pages/stud_service/accept/stud_invite_accept_controller.dart,,S,reverse-evidence/package-paths.txt,imported,package path from AOT; source=reverse-evidence/package-paths.txt
PKG-0208,stud_service,stud_invite_accept_page.dart,package:cattery_flutter/presentation/pages/stud_service/accept/stud_invite_accept_page.dart,,S,reverse-evidence/package-paths.txt,imported,package path from AOT; source=reverse-evidence/package-paths.txt
PKG-0209,stud_service,fill_info_dialog.dart,package:cattery_flutter/presentation/pages/stud_service/detail/fill_info_dialog.dart,,S,reverse-evidence/package-paths.txt,imported,package path from AOT; source=reverse-evidence/package-paths.txt
PKG-0210,stud_service,mating_log_dialog.dart,package:cattery_flutter/presentation/pages/stud_service/detail/mating_log_dialog.dart,,S,reverse-evidence/package-paths.txt,imported,package path from AOT; source=reverse-evidence/package-paths.txt
PKG-0211,stud_service,stud_transaction_detail_binding.dart,package:cattery_flutter/presentation/pages/stud_service/detail/stud_transaction_detail_binding.dart,,S,reverse-evidence/package-paths.txt,imported,package path from AOT; source=reverse-evidence/package-paths.txt
PKG-0212,stud_service,stud_transaction_detail_controller.dart,package:cattery_flutter/presentation/pages/stud_service/detail/stud_transaction_detail_controller.dart,,S,reverse-evidence/package-paths.txt,imported,package path from AOT; source=reverse-evidence/package-paths.txt
PKG-0213,stud_service,stud_transaction_detail_page.dart,package:cattery_flutter/presentation/pages/stud_service/detail/stud_transaction_detail_page.dart,,S,reverse-evidence/package-paths.txt,imported,package path from AOT; source=reverse-evidence/package-paths.txt
PKG-0214,stud_service,stud_console_page.dart,package:cattery_flutter/presentation/pages/stud_service/stud_console_page.dart,,S,reverse-evidence/package-paths.txt,imported,package path from AOT; source=reverse-evidence/package-paths.txt
PKG-0215,stud_service,stud_invite_binding.dart,package:cattery_flutter/presentation/pages/stud_service/stud_invite_binding.dart,,S,reverse-evidence/package-paths.txt,imported,package path from AOT; source=reverse-evidence/package-paths.txt
PKG-0216,stud_service,stud_invite_controller.dart,package:cattery_flutter/presentation/pages/stud_service/stud_invite_controller.dart,,S,reverse-evidence/package-paths.txt,imported,package path from AOT; source=reverse-evidence/package-paths.txt
PKG-0217,stud_service,stud_invite_page.dart,package:cattery_flutter/presentation/pages/stud_service/stud_invite_page.dart,,S,reverse-evidence/package-paths.txt,imported,package path from AOT; source=reverse-evidence/package-paths.txt
PKG-0218,stud_service,stud_service_binding.dart,package:cattery_flutter/presentation/pages/stud_service/stud_service_binding.dart,,S,reverse-evidence/package-paths.txt,imported,package path from AOT; source=reverse-evidence/package-paths.txt
PKG-0219,stud_service,stud_service_controller.dart,package:cattery_flutter/presentation/pages/stud_service/stud_service_controller.dart,,S,reverse-evidence/package-paths.txt,imported,package path from AOT; source=reverse-evidence/package-paths.txt
PKG-0220,template,package_detail_sheet.dart,package:cattery_flutter/presentation/pages/template/components/package_detail_sheet.dart,,S,reverse-evidence/package-paths.txt,imported,package path from AOT; source=reverse-evidence/package-paths.txt
PKG-0221,template,template_detail_sheet.dart,package:cattery_flutter/presentation/pages/template/components/template_detail_sheet.dart,,S,reverse-evidence/package-paths.txt,imported,package path from AOT; source=reverse-evidence/package-paths.txt
PKG-0222,template,editor_webview_page.dart,package:cattery_flutter/presentation/pages/template/editor_webview_page.dart,,S,reverse-evidence/package-paths.txt,imported,package path from AOT; source=reverse-evidence/package-paths.txt
PKG-0223,template,template_store_page.dart,package:cattery_flutter/presentation/pages/template/template_store_page.dart,,S,reverse-evidence/package-paths.txt,imported,package path from AOT; source=reverse-evidence/package-paths.txt
PKG-0224,tool_config,ad_video_config_binding.dart,package:cattery_flutter/presentation/pages/tool_config/ad_video_config_binding.dart,,S,reverse-evidence/package-paths.txt,imported,package path from AOT; source=reverse-evidence/package-paths.txt
PKG-0225,tool_config,ad_video_config_controller.dart,package:cattery_flutter/presentation/pages/tool_config/ad_video_config_controller.dart,,S,reverse-evidence/package-paths.txt,imported,package path from AOT; source=reverse-evidence/package-paths.txt
PKG-0226,tool_config,ad_video_config_page.dart,package:cattery_flutter/presentation/pages/tool_config/ad_video_config_page.dart,,S,reverse-evidence/package-paths.txt,imported,package path from AOT; source=reverse-evidence/package-paths.txt
PKG-0227,tool_config,boarding_config_binding.dart,package:cattery_flutter/presentation/pages/tool_config/boarding_config_binding.dart,,S,reverse-evidence/package-paths.txt,imported,package path from AOT; source=reverse-evidence/package-paths.txt
PKG-0228,tool_config,boarding_config_controller.dart,package:cattery_flutter/presentation/pages/tool_config/boarding_config_controller.dart,,S,reverse-evidence/package-paths.txt,imported,package path from AOT; source=reverse-evidence/package-paths.txt
PKG-0229,tool_config,boarding_config_page.dart,package:cattery_flutter/presentation/pages/tool_config/boarding_config_page.dart,,S,reverse-evidence/package-paths.txt,imported,package path from AOT; source=reverse-evidence/package-paths.txt
PKG-0230,tool_config,door_rule_config_binding.dart,package:cattery_flutter/presentation/pages/tool_config/door_rule_config_binding.dart,,S,reverse-evidence/package-paths.txt,imported,package path from AOT; source=reverse-evidence/package-paths.txt
PKG-0231,tool_config,door_rule_config_controller.dart,package:cattery_flutter/presentation/pages/tool_config/door_rule_config_controller.dart,,S,reverse-evidence/package-paths.txt,imported,package path from AOT; source=reverse-evidence/package-paths.txt
PKG-0232,tool_config,door_rule_config_page.dart,package:cattery_flutter/presentation/pages/tool_config/door_rule_config_page.dart,,S,reverse-evidence/package-paths.txt,imported,package path from AOT; source=reverse-evidence/package-paths.txt
PKG-0233,tool_config,forward_config_binding.dart,package:cattery_flutter/presentation/pages/tool_config/forward_config_binding.dart,,S,reverse-evidence/package-paths.txt,imported,package path from AOT; source=reverse-evidence/package-paths.txt
PKG-0234,tool_config,forward_config_controller.dart,package:cattery_flutter/presentation/pages/tool_config/forward_config_controller.dart,,S,reverse-evidence/package-paths.txt,imported,package path from AOT; source=reverse-evidence/package-paths.txt
PKG-0235,tool_config,forward_config_page.dart,package:cattery_flutter/presentation/pages/tool_config/forward_config_page.dart,,S,reverse-evidence/package-paths.txt,imported,package path from AOT; source=reverse-evidence/package-paths.txt
PKG-0236,tool_config,grooming_config_binding.dart,package:cattery_flutter/presentation/pages/tool_config/grooming_config_binding.dart,,S,reverse-evidence/package-paths.txt,imported,package path from AOT; source=reverse-evidence/package-paths.txt
PKG-0237,tool_config,grooming_config_controller.dart,package:cattery_flutter/presentation/pages/tool_config/grooming_config_controller.dart,,S,reverse-evidence/package-paths.txt,imported,package path from AOT; source=reverse-evidence/package-paths.txt
PKG-0238,tool_config,grooming_config_page.dart,package:cattery_flutter/presentation/pages/tool_config/grooming_config_page.dart,,S,reverse-evidence/package-paths.txt,imported,package path from AOT; source=reverse-evidence/package-paths.txt
PKG-0239,tool_config,queue_rule_config_binding.dart,package:cattery_flutter/presentation/pages/tool_config/queue_rule_config_binding.dart,,S,reverse-evidence/package-paths.txt,imported,package path from AOT; source=reverse-evidence/package-paths.txt
PKG-0240,tool_config,queue_rule_config_controller.dart,package:cattery_flutter/presentation/pages/tool_config/queue_rule_config_controller.dart,,S,reverse-evidence/package-paths.txt,imported,package path from AOT; source=reverse-evidence/package-paths.txt
PKG-0241,tool_config,queue_rule_config_page.dart,package:cattery_flutter/presentation/pages/tool_config/queue_rule_config_page.dart,,S,reverse-evidence/package-paths.txt,imported,package path from AOT; source=reverse-evidence/package-paths.txt
PKG-0242,tool_config,watermark_config_binding.dart,package:cattery_flutter/presentation/pages/tool_config/watermark_config_binding.dart,,S,reverse-evidence/package-paths.txt,imported,package path from AOT; source=reverse-evidence/package-paths.txt
PKG-0243,tool_config,watermark_config_controller.dart,package:cattery_flutter/presentation/pages/tool_config/watermark_config_controller.dart,,S,reverse-evidence/package-paths.txt,imported,package path from AOT; source=reverse-evidence/package-paths.txt
PKG-0244,tool_config,watermark_config_page.dart,package:cattery_flutter/presentation/pages/tool_config/watermark_config_page.dart,,S,reverse-evidence/package-paths.txt,imported,package path from AOT; source=reverse-evidence/package-paths.txt
PKG-0245,tools,before_after_preview_page.dart,package:cattery_flutter/presentation/pages/tools/before_after_preview_page.dart,,S,reverse-evidence/package-paths.txt,imported,package path from AOT; source=reverse-evidence/package-paths.txt
PKG-0246,tools,photo_picker_for_compare_page.dart,package:cattery_flutter/presentation/pages/tools/photo_picker_for_compare_page.dart,,S,reverse-evidence/package-paths.txt,imported,package path from AOT; source=reverse-evidence/package-paths.txt
PKG-0247,transfer,transfer_history_binding.dart,package:cattery_flutter/presentation/pages/transfer/history/transfer_history_binding.dart,,S,reverse-evidence/package-paths.txt,imported,package path from AOT; source=reverse-evidence/package-paths.txt
PKG-0248,transfer,transfer_history_controller.dart,package:cattery_flutter/presentation/pages/transfer/history/transfer_history_controller.dart,,S,reverse-evidence/package-paths.txt,imported,package path from AOT; source=reverse-evidence/package-paths.txt
PKG-0249,transfer,transfer_history_page.dart,package:cattery_flutter/presentation/pages/transfer/history/transfer_history_page.dart,,S,reverse-evidence/package-paths.txt,imported,package path from AOT; source=reverse-evidence/package-paths.txt
PKG-0250,transfer,transfer_share_card_page.dart,package:cattery_flutter/presentation/pages/transfer/share_card/transfer_share_card_page.dart,,S,reverse-evidence/package-paths.txt,imported,package path from AOT; source=reverse-evidence/package-paths.txt
PKG-0251,transfer,transfer_accept_page.dart,package:cattery_flutter/presentation/pages/transfer/transfer_accept_page.dart,,S,reverse-evidence/package-paths.txt,imported,package path from AOT; source=reverse-evidence/package-paths.txt
PKG-0252,user_detail,user_detail_binding.dart,package:cattery_flutter/presentation/pages/user_detail/user_detail_binding.dart,,S,reverse-evidence/package-paths.txt,imported,package path from AOT; source=reverse-evidence/package-paths.txt
PKG-0253,user_detail,user_detail_controller.dart,package:cattery_flutter/presentation/pages/user_detail/user_detail_controller.dart,,S,reverse-evidence/package-paths.txt,imported,package path from AOT; source=reverse-evidence/package-paths.txt
PKG-0254,user_detail,user_detail_page.dart,package:cattery_flutter/presentation/pages/user_detail/user_detail_page.dart,,S,reverse-evidence/package-paths.txt,imported,package path from AOT; source=reverse-evidence/package-paths.txt
PKG-0255,user_list,user_list_binding.dart,package:cattery_flutter/presentation/pages/user_list/user_list_binding.dart,,S,reverse-evidence/package-paths.txt,imported,package path from AOT; source=reverse-evidence/package-paths.txt
PKG-0256,user_list,user_list_page.dart,package:cattery_flutter/presentation/pages/user_list/user_list_page.dart,,S,reverse-evidence/package-paths.txt,imported,package path from AOT; source=reverse-evidence/package-paths.txt
PKG-0257,wish_list,wish_detail_page.dart,package:cattery_flutter/presentation/pages/wish_list/wish_detail_page.dart,,S,reverse-evidence/package-paths.txt,imported,package path from AOT; source=reverse-evidence/package-paths.txt
PKG-0258,wish_list,wish_list_binding.dart,package:cattery_flutter/presentation/pages/wish_list/wish_list_binding.dart,,S,reverse-evidence/package-paths.txt,imported,package path from AOT; source=reverse-evidence/package-paths.txt
PKG-0259,wish_list,wish_list_page.dart,package:cattery_flutter/presentation/pages/wish_list/wish_list_page.dart,,S,reverse-evidence/package-paths.txt,imported,package path from AOT; source=reverse-evidence/package-paths.txt
PKG-0260,cattery_flutter,event_record_prompt_service.dart,package:cattery_flutter/presentation/services/event_record_prompt_service.dart,,S,reverse-evidence/package-paths.txt,imported,package path from AOT; source=reverse-evidence/package-paths.txt
PKG-0261,cattery_flutter,feature_events.dart,package:cattery_flutter/presentation/services/feature_events.dart,,S,reverse-evidence/package-paths.txt,imported,package path from AOT; source=reverse-evidence/package-paths.txt
PKG-0262,cattery_flutter,recent_pets_service.dart,package:cattery_flutter/presentation/services/recent_pets_service.dart,,S,reverse-evidence/package-paths.txt,imported,package path from AOT; source=reverse-evidence/package-paths.txt
PKG-0263,cattery_flutter,app_text_styles.dart,package:cattery_flutter/presentation/themes/app_text_styles.dart,,S,reverse-evidence/package-paths.txt,imported,package path from AOT; source=reverse-evidence/package-paths.txt
PKG-0264,cattery_flutter,app_theme.dart,package:cattery_flutter/presentation/themes/app_theme.dart,,S,reverse-evidence/package-paths.txt,imported,package path from AOT; source=reverse-evidence/package-paths.txt
PKG-0265,cattery_flutter,premium_theme.dart,package:cattery_flutter/presentation/themes/premium_theme.dart,,S,reverse-evidence/package-paths.txt,imported,package path from AOT; source=reverse-evidence/package-paths.txt
PKG-0266,cattery_flutter,theme_colors.dart,package:cattery_flutter/presentation/themes/theme_colors.dart,,S,reverse-evidence/package-paths.txt,imported,package path from AOT; source=reverse-evidence/package-paths.txt
PKG-0267,cattery_flutter,accounting_record_detail_dialog.dart,package:cattery_flutter/presentation/widgets/accounting/accounting_record_detail_dialog.dart,,S,reverse-evidence/package-paths.txt,imported,package path from AOT; source=reverse-evidence/package-paths.txt
PKG-0268,cattery_flutter,category_edit_dialog.dart,package:cattery_flutter/presentation/widgets/accounting/category_edit_dialog.dart,,S,reverse-evidence/package-paths.txt,imported,package path from AOT; source=reverse-evidence/package-paths.txt
PKG-0269,cattery_flutter,category_icon_selector.dart,package:cattery_flutter/presentation/widgets/accounting/category_icon_selector.dart,,S,reverse-evidence/package-paths.txt,imported,package path from AOT; source=reverse-evidence/package-paths.txt
PKG-0270,cattery_flutter,amount_display.dart,package:cattery_flutter/presentation/widgets/accounting/components/amount_display.dart,,S,reverse-evidence/package-paths.txt,imported,package path from AOT; source=reverse-evidence/package-paths.txt
PKG-0271,cattery_flutter,api_category_grid.dart,package:cattery_flutter/presentation/widgets/accounting/components/api_category_grid.dart,,S,reverse-evidence/package-paths.txt,imported,package path from AOT; source=reverse-evidence/package-paths.txt
PKG-0272,cattery_flutter,category_selector_dialog.dart,package:cattery_flutter/presentation/widgets/accounting/components/category_selector_dialog.dart,,S,reverse-evidence/package-paths.txt,imported,package path from AOT; source=reverse-evidence/package-paths.txt
PKG-0273,cattery_flutter,function_area.dart,package:cattery_flutter/presentation/widgets/accounting/components/function_area.dart,,S,reverse-evidence/package-paths.txt,imported,package path from AOT; source=reverse-evidence/package-paths.txt
PKG-0274,cattery_flutter,number_keyboard.dart,package:cattery_flutter/presentation/widgets/accounting/components/number_keyboard.dart,,S,reverse-evidence/package-paths.txt,imported,package path from AOT; source=reverse-evidence/package-paths.txt
PKG-0275,cattery_flutter,record_type_selector.dart,package:cattery_flutter/presentation/widgets/accounting/components/record_type_selector.dart,,S,reverse-evidence/package-paths.txt,imported,package path from AOT; source=reverse-evidence/package-paths.txt
PKG-0276,cattery_flutter,quick_record_bottom_sheet_refactored.dart,package:cattery_flutter/presentation/widgets/accounting/quick_record_bottom_sheet_refactored.dart,,S,reverse-evidence/package-paths.txt,imported,package path from AOT; source=reverse-evidence/package-paths.txt
PKG-0277,cattery_flutter,quick_record_with_preset_data.dart,package:cattery_flutter/presentation/widgets/accounting/quick_record_with_preset_data.dart,,S,reverse-evidence/package-paths.txt,imported,package path from AOT; source=reverse-evidence/package-paths.txt
PKG-0278,cattery_flutter,agent_chat_view.dart,package:cattery_flutter/presentation/widgets/agent/agent_chat_view.dart,,S,reverse-evidence/package-paths.txt,imported,package path from AOT; source=reverse-evidence/package-paths.txt
PKG-0279,cattery_flutter,agent_input_bar.dart,package:cattery_flutter/presentation/widgets/agent/agent_input_bar.dart,,S,reverse-evidence/package-paths.txt,imported,package path from AOT; source=reverse-evidence/package-paths.txt
PKG-0280,cattery_flutter,agent_message_item.dart,package:cattery_flutter/presentation/widgets/agent/agent_message_item.dart,,S,reverse-evidence/package-paths.txt,imported,package path from AOT; source=reverse-evidence/package-paths.txt
PKG-0281,cattery_flutter,text_block_widget.dart,package:cattery_flutter/presentation/widgets/agent/content_blocks/text_block_widget.dart,,S,reverse-evidence/package-paths.txt,imported,package path from AOT; source=reverse-evidence/package-paths.txt
PKG-0282,cattery_flutter,tool_result_block_widget.dart,package:cattery_flutter/presentation/widgets/agent/content_blocks/tool_result_block_widget.dart,,S,reverse-evidence/package-paths.txt,imported,package path from AOT; source=reverse-evidence/package-paths.txt
PKG-0283,cattery_flutter,tool_use_block_widget.dart,package:cattery_flutter/presentation/widgets/agent/content_blocks/tool_use_block_widget.dart,,S,reverse-evidence/package-paths.txt,imported,package path from AOT; source=reverse-evidence/package-paths.txt
PKG-0284,cattery_flutter,accounting_renderer.dart,package:cattery_flutter/presentation/widgets/agent/tool_renderers/accounting_renderer.dart,,S,reverse-evidence/package-paths.txt,imported,package path from AOT; source=reverse-evidence/package-paths.txt
PKG-0285,cattery_flutter,analytics_renderer.dart,package:cattery_flutter/presentation/widgets/agent/tool_renderers/analytics_renderer.dart,,S,reverse-evidence/package-paths.txt,imported,package path from AOT; source=reverse-evidence/package-paths.txt
PKG-0286,cattery_flutter,boarding_renderer.dart,package:cattery_flutter/presentation/widgets/agent/tool_renderers/boarding_renderer.dart,,S,reverse-evidence/package-paths.txt,imported,package path from AOT; source=reverse-evidence/package-paths.txt
PKG-0287,cattery_flutter,breeding_plan_renderer.dart,package:cattery_flutter/presentation/widgets/agent/tool_renderers/breeding_plan_renderer.dart,,S,reverse-evidence/package-paths.txt,imported,package path from AOT; source=reverse-evidence/package-paths.txt
PKG-0288,cattery_flutter,calendar_renderer.dart,package:cattery_flutter/presentation/widgets/agent/tool_renderers/calendar_renderer.dart,,S,reverse-evidence/package-paths.txt,imported,package path from AOT; source=reverse-evidence/package-paths.txt
PKG-0289,cattery_flutter,campaign_renderer.dart,package:cattery_flutter/presentation/widgets/agent/tool_renderers/campaign_renderer.dart,,S,reverse-evidence/package-paths.txt,imported,package path from AOT; source=reverse-evidence/package-paths.txt
PKG-0290,cattery_flutter,cat_detail_renderer.dart,package:cattery_flutter/presentation/widgets/agent/tool_renderers/cat_detail_renderer.dart,,S,reverse-evidence/package-paths.txt,imported,package path from AOT; source=reverse-evidence/package-paths.txt
PKG-0291,cattery_flutter,cat_list_renderer.dart,package:cattery_flutter/presentation/widgets/agent/tool_renderers/cat_list_renderer.dart,,S,reverse-evidence/package-paths.txt,imported,package path from AOT; source=reverse-evidence/package-paths.txt
PKG-0292,cattery_flutter,cat_records_renderer.dart,package:cattery_flutter/presentation/widgets/agent/tool_renderers/cat_records_renderer.dart,,S,reverse-evidence/package-paths.txt,imported,package path from AOT; source=reverse-evidence/package-paths.txt
PKG-0293,cattery_flutter,cat_select_renderer.dart,package:cattery_flutter/presentation/widgets/agent/tool_renderers/cat_select_renderer.dart,,S,reverse-evidence/package-paths.txt,imported,package path from AOT; source=reverse-evidence/package-paths.txt
PKG-0294,cattery_flutter,contract_renderer.dart,package:cattery_flutter/presentation/widgets/agent/tool_renderers/contract_renderer.dart,,S,reverse-evidence/package-paths.txt,imported,package path from AOT; source=reverse-evidence/package-paths.txt
PKG-0295,cattery_flutter,genetic_proposal_renderer.dart,package:cattery_flutter/presentation/widgets/agent/tool_renderers/genetic_proposal_renderer.dart,,S,reverse-evidence/package-paths.txt,imported,package path from AOT; source=reverse-evidence/package-paths.txt
PKG-0296,cattery_flutter,genetic_renderer.dart,package:cattery_flutter/presentation/widgets/agent/tool_renderers/genetic_renderer.dart,,S,reverse-evidence/package-paths.txt,imported,package path from AOT; source=reverse-evidence/package-paths.txt
PKG-0297,cattery_flutter,grooming_renderer.dart,package:cattery_flutter/presentation/widgets/agent/tool_renderers/grooming_renderer.dart,,S,reverse-evidence/package-paths.txt,imported,package path from AOT; source=reverse-evidence/package-paths.txt
PKG-0298,cattery_flutter,health_renderer.dart,package:cattery_flutter/presentation/widgets/agent/tool_renderers/health_renderer.dart,,S,reverse-evidence/package-paths.txt,imported,package path from AOT; source=reverse-evidence/package-paths.txt
PKG-0299,cattery_flutter,order_renderer.dart,package:cattery_flutter/presentation/widgets/agent/tool_renderers/order_renderer.dart,,S,reverse-evidence/package-paths.txt,imported,package path from AOT; source=reverse-evidence/package-paths.txt
PKG-0300,cattery_flutter,queue_renderer.dart,package:cattery_flutter/presentation/widgets/agent/tool_renderers/queue_renderer.dart,,S,reverse-evidence/package-paths.txt,imported,package path from AOT; source=reverse-evidence/package-paths.txt
PKG-0301,cattery_flutter,receipt_renderer.dart,package:cattery_flutter/presentation/widgets/agent/tool_renderers/receipt_renderer.dart,,S,reverse-evidence/package-paths.txt,imported,package path from AOT; source=reverse-evidence/package-paths.txt
PKG-0302,cattery_flutter,stats_renderer.dart,package:cattery_flutter/presentation/widgets/agent/tool_renderers/stats_renderer.dart,,S,reverse-evidence/package-paths.txt,imported,package path from AOT; source=reverse-evidence/package-paths.txt
PKG-0303,cattery_flutter,stud_renderer.dart,package:cattery_flutter/presentation/widgets/agent/tool_renderers/stud_renderer.dart,,S,reverse-evidence/package-paths.txt,imported,package path from AOT; source=reverse-evidence/package-paths.txt
PKG-0304,cattery_flutter,tag_renderer.dart,package:cattery_flutter/presentation/widgets/agent/tool_renderers/tag_renderer.dart,,S,reverse-evidence/package-paths.txt,imported,package path from AOT; source=reverse-evidence/package-paths.txt
PKG-0305,cattery_flutter,user_renderer.dart,package:cattery_flutter/presentation/widgets/agent/tool_renderers/user_renderer.dart,,S,reverse-evidence/package-paths.txt,imported,package path from AOT; source=reverse-evidence/package-paths.txt
PKG-0306,cattery_flutter,variety_renderer.dart,package:cattery_flutter/presentation/widgets/agent/tool_renderers/variety_renderer.dart,,S,reverse-evidence/package-paths.txt,imported,package path from AOT; source=reverse-evidence/package-paths.txt
PKG-0307,cattery_flutter,weight_renderer.dart,package:cattery_flutter/presentation/widgets/agent/tool_renderers/weight_renderer.dart,,S,reverse-evidence/package-paths.txt,imported,package path from AOT; source=reverse-evidence/package-paths.txt
PKG-0308,cattery_flutter,wish_renderer.dart,package:cattery_flutter/presentation/widgets/agent/tool_renderers/wish_renderer.dart,,S,reverse-evidence/package-paths.txt,imported,package path from AOT; source=reverse-evidence/package-paths.txt
PKG-0309,cattery_flutter,write_result_renderer.dart,package:cattery_flutter/presentation/widgets/agent/tool_renderers/write_result_renderer.dart,,S,reverse-evidence/package-paths.txt,imported,package path from AOT; source=reverse-evidence/package-paths.txt
PKG-0310,cattery_flutter,analytics_overview_card.dart,package:cattery_flutter/presentation/widgets/analytics/analytics_overview_card.dart,,S,reverse-evidence/package-paths.txt,imported,package path from AOT; source=reverse-evidence/package-paths.txt
PKG-0311,cattery_flutter,analytics_ranking_list.dart,package:cattery_flutter/presentation/widgets/analytics/analytics_ranking_list.dart,,S,reverse-evidence/package-paths.txt,imported,package path from AOT; source=reverse-evidence/package-paths.txt
PKG-0312,cattery_flutter,analytics_skeleton_page.dart,package:cattery_flutter/presentation/widgets/analytics/analytics_skeleton_page.dart,,S,reverse-evidence/package-paths.txt,imported,package path from AOT; source=reverse-evidence/package-paths.txt
PKG-0313,cattery_flutter,analytics_trend_chart.dart,package:cattery_flutter/presentation/widgets/analytics/analytics_trend_chart.dart,,S,reverse-evidence/package-paths.txt,imported,package path from AOT; source=reverse-evidence/package-paths.txt
PKG-0314,cattery_flutter,animated_style_preview.dart,package:cattery_flutter/presentation/widgets/before_after/animated_style_preview.dart,,S,reverse-evidence/package-paths.txt,imported,package path from AOT; source=reverse-evidence/package-paths.txt
PKG-0315,cattery_flutter,before_after_entry_card.dart,package:cattery_flutter/presentation/widgets/before_after/before_after_entry_card.dart,,S,reverse-evidence/package-paths.txt,imported,package path from AOT; source=reverse-evidence/package-paths.txt
PKG-0316,cattery_flutter,compare_style_specs.dart,package:cattery_flutter/presentation/widgets/before_after/compare_style_specs.dart,,S,reverse-evidence/package-paths.txt,imported,package path from AOT; source=reverse-evidence/package-paths.txt
PKG-0317,cattery_flutter,export_result_sheet.dart,package:cattery_flutter/presentation/widgets/before_after/export_result_sheet.dart,,S,reverse-evidence/package-paths.txt,imported,package path from AOT; source=reverse-evidence/package-paths.txt
PKG-0318,cattery_flutter,meta_diff_chip.dart,package:cattery_flutter/presentation/widgets/before_after/meta_diff_chip.dart,,S,reverse-evidence/package-paths.txt,imported,package path from AOT; source=reverse-evidence/package-paths.txt
PKG-0319,cattery_flutter,press_scale.dart,package:cattery_flutter/presentation/widgets/before_after/press_scale.dart,,S,reverse-evidence/package-paths.txt,imported,package path from AOT; source=reverse-evidence/package-paths.txt
PKG-0320,cattery_flutter,side_by_side_widget.dart,package:cattery_flutter/presentation/widgets/before_after/side_by_side_widget.dart,,S,reverse-evidence/package-paths.txt,imported,package path from AOT; source=reverse-evidence/package-paths.txt
PKG-0321,cattery_flutter,slider_reveal_widget.dart,package:cattery_flutter/presentation/widgets/before_after/slider_reveal_widget.dart,,S,reverse-evidence/package-paths.txt,imported,package path from AOT; source=reverse-evidence/package-paths.txt
PKG-0322,cattery_flutter,borrowed_cats_list_view.dart,package:cattery_flutter/presentation/widgets/borrowed_cats/borrowed_cats_list_view.dart,,S,reverse-evidence/package-paths.txt,imported,package path from AOT; source=reverse-evidence/package-paths.txt
PKG-0323,cattery_flutter,breed_input_dialog.dart,package:cattery_flutter/presentation/widgets/breed/breed_input_dialog.dart,,S,reverse-evidence/package-paths.txt,imported,package path from AOT; source=reverse-evidence/package-paths.txt
PKG-0324,cattery_flutter,birth_celebration_sheet.dart,package:cattery_flutter/presentation/widgets/breeding/birth_celebration_sheet.dart,,S,reverse-evidence/package-paths.txt,imported,package path from AOT; source=reverse-evidence/package-paths.txt
PKG-0325,cattery_flutter,birth_poster_sheet.dart,package:cattery_flutter/presentation/widgets/breeding/birth_poster_sheet.dart,,S,reverse-evidence/package-paths.txt,imported,package path from AOT; source=reverse-evidence/package-paths.txt
PKG-0326,cattery_flutter,breeding_animation_view.dart,package:cattery_flutter/presentation/widgets/breeding/breeding_animation_view.dart,,S,reverse-evidence/package-paths.txt,imported,package path from AOT; source=reverse-evidence/package-paths.txt
PKG-0327,cattery_flutter,breeding_detail_skeleton.dart,package:cattery_flutter/presentation/widgets/breeding/breeding_detail_skeleton.dart,,S,reverse-evidence/package-paths.txt,imported,package path from AOT; source=reverse-evidence/package-paths.txt
PKG-0328,cattery_flutter,breeding_plan_context_card.dart,package:cattery_flutter/presentation/widgets/breeding/breeding_plan_context_card.dart,,S,reverse-evidence/package-paths.txt,imported,package path from AOT; source=reverse-evidence/package-paths.txt
PKG-0329,cattery_flutter,breeding_plan_detail_content.dart,package:cattery_flutter/presentation/widgets/breeding/breeding_plan_detail_content.dart,,S,reverse-evidence/package-paths.txt,imported,package path from AOT; source=reverse-evidence/package-paths.txt
PKG-0330,cattery_flutter,breeding_plan_detail_dialog.dart,package:cattery_flutter/presentation/widgets/breeding/breeding_plan_detail_dialog.dart,,S,reverse-evidence/package-paths.txt,imported,package path from AOT; source=reverse-evidence/package-paths.txt
PKG-0331,cattery_flutter,breeding_plan_edit_dialog.dart,package:cattery_flutter/presentation/widgets/breeding/breeding_plan_edit_dialog.dart,,S,reverse-evidence/package-paths.txt,imported,package path from AOT; source=reverse-evidence/package-paths.txt
PKG-0332,cattery_flutter,breeding_plan_reminder_dialog.dart,package:cattery_flutter/presentation/widgets/breeding/breeding_plan_reminder_dialog.dart,,S,reverse-evidence/package-paths.txt,imported,package path from AOT; source=reverse-evidence/package-paths.txt
PKG-0333,cattery_flutter,confirm_archive_dialog.dart,package:cattery_flutter/presentation/widgets/breeding/confirm_archive_dialog.dart,,S,reverse-evidence/package-paths.txt,imported,package path from AOT; source=reverse-evidence/package-paths.txt
PKG-0334,cattery_flutter,confirm_breeding_dialog.dart,package:cattery_flutter/presentation/widgets/breeding/confirm_breeding_dialog.dart,,S,reverse-evidence/package-paths.txt,imported,package path from AOT; source=reverse-evidence/package-paths.txt
PKG-0335,cattery_flutter,confirm_production_dialog.dart,package:cattery_flutter/presentation/widgets/breeding/confirm_production_dialog.dart,,S,reverse-evidence/package-paths.txt,imported,package path from AOT; source=reverse-evidence/package-paths.txt
PKG-0336,cattery_flutter,offspring_card.dart,package:cattery_flutter/presentation/widgets/breeding/offspring_card.dart,,S,reverse-evidence/package-paths.txt,imported,package path from AOT; source=reverse-evidence/package-paths.txt
PKG-0337,cattery_flutter,parent_selection_card.dart,package:cattery_flutter/presentation/widgets/breeding/parent_selection_card.dart,,S,reverse-evidence/package-paths.txt,imported,package path from AOT; source=reverse-evidence/package-paths.txt
PKG-0338,cattery_flutter,simulation_result_view.dart,package:cattery_flutter/presentation/widgets/breeding/simulation_result_view.dart,,S,reverse-evidence/package-paths.txt,imported,package path from AOT; source=reverse-evidence/package-paths.txt
PKG-0339,cattery_flutter,smart_reminder_button.dart,package:cattery_flutter/presentation/widgets/breeding/smart_reminder_button.dart,,S,reverse-evidence/package-paths.txt,imported,package path from AOT; source=reverse-evidence/package-paths.txt
PKG-0340,cattery_flutter,streaming_text_widget.dart,package:cattery_flutter/presentation/widgets/breeding/streaming_text_widget.dart,,S,reverse-evidence/package-paths.txt,imported,package path from AOT; source=reverse-evidence/package-paths.txt
PKG-0341,cattery_flutter,vaccine_todo_dialog.dart,package:cattery_flutter/presentation/widgets/breeding/vaccine_todo_dialog.dart,,S,reverse-evidence/package-paths.txt,imported,package path from AOT; source=reverse-evidence/package-paths.txt
PKG-0342,cattery_flutter,weight_chart_card.dart,package:cattery_flutter/presentation/widgets/breeding/weight_chart_card.dart,,S,reverse-evidence/package-paths.txt,imported,package path from AOT; source=reverse-evidence/package-paths.txt
PKG-0343,cattery_flutter,weight_record_dialog.dart,package:cattery_flutter/presentation/widgets/breeding/weight_record_dialog.dart,,S,reverse-evidence/package-paths.txt,imported,package path from AOT; source=reverse-evidence/package-paths.txt
PKG-0344,cattery_flutter,breeding_breathing_dot.dart,package:cattery_flutter/presentation/widgets/breeding_plan/breeding_breathing_dot.dart,,S,reverse-evidence/package-paths.txt,imported,package path from AOT; source=reverse-evidence/package-paths.txt
PKG-0345,cattery_flutter,breeding_plan_empty_state.dart,package:cattery_flutter/presentation/widgets/breeding_plan/breeding_plan_empty_state.dart,,S,reverse-evidence/package-paths.txt,imported,package path from AOT; source=reverse-evidence/package-paths.txt
PKG-0346,cattery_flutter,breeding_plan_error_state.dart,package:cattery_flutter/presentation/widgets/breeding_plan/breeding_plan_error_state.dart,,S,reverse-evidence/package-paths.txt,imported,package path from AOT; source=reverse-evidence/package-paths.txt
PKG-0347,cattery_flutter,breeding_plan_grid_item.dart,package:cattery_flutter/presentation/widgets/breeding_plan/breeding_plan_grid_item.dart,,S,reverse-evidence/package-paths.txt,imported,package path from AOT; source=reverse-evidence/package-paths.txt
PKG-0348,cattery_flutter,breeding_plan_list_item.dart,package:cattery_flutter/presentation/widgets/breeding_plan/breeding_plan_list_item.dart,,S,reverse-evidence/package-paths.txt,imported,package path from AOT; source=reverse-evidence/package-paths.txt
PKG-0349,cattery_flutter,breeding_plan_list_view.dart,package:cattery_flutter/presentation/widgets/breeding_plan/breeding_plan_list_view.dart,,S,reverse-evidence/package-paths.txt,imported,package path from AOT; source=reverse-evidence/package-paths.txt
PKG-0350,cattery_flutter,breeding_plan_loading_state.dart,package:cattery_flutter/presentation/widgets/breeding_plan/breeding_plan_loading_state.dart,,S,reverse-evidence/package-paths.txt,imported,package path from AOT; source=reverse-evidence/package-paths.txt
PKG-0351,cattery_flutter,breeding_plan_share_helper.dart,package:cattery_flutter/presentation/widgets/breeding_plan/breeding_plan_share_helper.dart,,S,reverse-evidence/package-paths.txt,imported,package path from AOT; source=reverse-evidence/package-paths.txt
PKG-0352,cattery_flutter,breeding_plan_stats.dart,package:cattery_flutter/presentation/widgets/breeding_plan/breeding_plan_stats.dart,,S,reverse-evidence/package-paths.txt,imported,package path from AOT; source=reverse-evidence/package-paths.txt
PKG-0353,cattery_flutter,breeding_plan_table_item.dart,package:cattery_flutter/presentation/widgets/breeding_plan/breeding_plan_table_item.dart,,S,reverse-evidence/package-paths.txt,imported,package path from AOT; source=reverse-evidence/package-paths.txt
PKG-0354,cattery_flutter,breeding_plan_tabs.dart,package:cattery_flutter/presentation/widgets/breeding_plan/breeding_plan_tabs.dart,,S,reverse-evidence/package-paths.txt,imported,package path from AOT; source=reverse-evidence/package-paths.txt
PKG-0355,cattery_flutter,cat_detail_content.dart,package:cattery_flutter/presentation/widgets/cats/cat_detail_content.dart,,S,reverse-evidence/package-paths.txt,imported,package path from AOT; source=reverse-evidence/package-paths.txt
PKG-0356,cattery_flutter,cat_edit_dialog.dart,package:cattery_flutter/presentation/widgets/cats/cat_edit_dialog.dart,,S,reverse-evidence/package-paths.txt,imported,package path from AOT; source=reverse-evidence/package-paths.txt
PKG-0357,cattery_flutter,cat_edit_form_content.dart,package:cattery_flutter/presentation/widgets/cats/cat_edit_form_content.dart,,S,reverse-evidence/package-paths.txt,imported,package path from AOT; source=reverse-evidence/package-paths.txt
PKG-0358,cattery_flutter,cat_grid_item.dart,package:cattery_flutter/presentation/widgets/cats/cat_grid_item.dart,,S,reverse-evidence/package-paths.txt,imported,package path from AOT; source=reverse-evidence/package-paths.txt
PKG-0359,cattery_flutter,cat_list_item.dart,package:cattery_flutter/presentation/widgets/cats/cat_list_item.dart,,S,reverse-evidence/package-paths.txt,imported,package path from AOT; source=reverse-evidence/package-paths.txt
PKG-0360,cattery_flutter,cat_mini_program_share_dialog.dart,package:cattery_flutter/presentation/widgets/cats/cat_mini_program_share_dialog.dart,,S,reverse-evidence/package-paths.txt,imported,package path from AOT; source=reverse-evidence/package-paths.txt
PKG-0361,cattery_flutter,cat_parent_edit_sheet.dart,package:cattery_flutter/presentation/widgets/cats/cat_parent_edit_sheet.dart,,S,reverse-evidence/package-paths.txt,imported,package path from AOT; source=reverse-evidence/package-paths.txt
PKG-0362,cattery_flutter,cat_quick_update_dialog.dart,package:cattery_flutter/presentation/widgets/cats/cat_quick_update_dialog.dart,,S,reverse-evidence/package-paths.txt,imported,package path from AOT; source=reverse-evidence/package-paths.txt
PKG-0363,cattery_flutter,cat_transfer_config_dialog.dart,package:cattery_flutter/presentation/widgets/cats/cat_transfer_config_dialog.dart,,S,reverse-evidence/package-paths.txt,imported,package path from AOT; source=reverse-evidence/package-paths.txt
PKG-0364,cattery_flutter,cat_transfer_selector_sheet.dart,package:cattery_flutter/presentation/widgets/cats/cat_transfer_selector_sheet.dart,,S,reverse-evidence/package-paths.txt,imported,package path from AOT; source=reverse-evidence/package-paths.txt
PKG-0365,cattery_flutter,cats_list_view.dart,package:cattery_flutter/presentation/widgets/cats/cats_list_view.dart,,S,reverse-evidence/package-paths.txt,imported,package path from AOT; source=reverse-evidence/package-paths.txt
PKG-0366,cattery_flutter,cats_loading_state.dart,package:cattery_flutter/presentation/widgets/cats/cats_loading_state.dart,,S,reverse-evidence/package-paths.txt,imported,package path from AOT; source=reverse-evidence/package-paths.txt
PKG-0367,cattery_flutter,cats_page_content.dart,package:cattery_flutter/presentation/widgets/cats/cats_page_content.dart,,S,reverse-evidence/package-paths.txt,imported,package path from AOT; source=reverse-evidence/package-paths.txt
PKG-0368,cattery_flutter,cats_quick_filters.dart,package:cattery_flutter/presentation/widgets/cats/cats_quick_filters.dart,,S,reverse-evidence/package-paths.txt,imported,package path from AOT; source=reverse-evidence/package-paths.txt
PKG-0369,cattery_flutter,batch_action_bottom_sheet.dart,package:cattery_flutter/presentation/widgets/cats/components/batch/batch_action_bottom_sheet.dart,,S,reverse-evidence/package-paths.txt,imported,package path from AOT; source=reverse-evidence/package-paths.txt
PKG-0370,cattery_flutter,cat_breeding_plans_section.dart,package:cattery_flutter/presentation/widgets/cats/components/fullscreen/cat_breeding_plans_section.dart,,S,reverse-evidence/package-paths.txt,imported,package path from AOT; source=reverse-evidence/package-paths.txt
PKG-0371,cattery_flutter,cat_daily_records_timeline.dart,package:cattery_flutter/presentation/widgets/cats/components/fullscreen/cat_daily_records_timeline.dart,,S,reverse-evidence/package-paths.txt,imported,package path from AOT; source=reverse-evidence/package-paths.txt
PKG-0372,cattery_flutter,cat_detail_tab_view.dart,package:cattery_flutter/presentation/widgets/cats/components/fullscreen/cat_detail_tab_view.dart,,S,reverse-evidence/package-paths.txt,imported,package path from AOT; source=reverse-evidence/package-paths.txt
PKG-0373,cattery_flutter,cat_fixed_navbar.dart,package:cattery_flutter/presentation/widgets/cats/components/fullscreen/cat_fixed_navbar.dart,,S,reverse-evidence/package-paths.txt,imported,package path from AOT; source=reverse-evidence/package-paths.txt
PKG-0374,cattery_flutter,cat_hero_background.dart,package:cattery_flutter/presentation/widgets/cats/components/fullscreen/cat_hero_background.dart,,S,reverse-evidence/package-paths.txt,imported,package path from AOT; source=reverse-evidence/package-paths.txt
PKG-0375,cattery_flutter,cat_info_grid.dart,package:cattery_flutter/presentation/widgets/cats/components/fullscreen/cat_info_grid.dart,,S,reverse-evidence/package-paths.txt,imported,package path from AOT; source=reverse-evidence/package-paths.txt
PKG-0376,cattery_flutter,cat_offspring_wall_section.dart,package:cattery_flutter/presentation/widgets/cats/components/fullscreen/cat_offspring_wall_section.dart,,S,reverse-evidence/package-paths.txt,imported,package path from AOT; source=reverse-evidence/package-paths.txt
PKG-0377,cattery_flutter,cat_parents_fullscreen.dart,package:cattery_flutter/presentation/widgets/cats/components/fullscreen/cat_parents_fullscreen.dart,,S,reverse-evidence/package-paths.txt,imported,package path from AOT; source=reverse-evidence/package-paths.txt
PKG-0378,cattery_flutter,cat_rating_drawer.dart,package:cattery_flutter/presentation/widgets/cats/components/fullscreen/cat_rating_drawer.dart,,S,reverse-evidence/package-paths.txt,imported,package path from AOT; source=reverse-evidence/package-paths.txt
PKG-0379,cattery_flutter,breeding_tab_content.dart,package:cattery_flutter/presentation/widgets/cats/components/fullscreen/tabs/breeding_tab_content.dart,,S,reverse-evidence/package-paths.txt,imported,package path from AOT; source=reverse-evidence/package-paths.txt
PKG-0380,cattery_flutter,estrus_cycle_detail_page.dart,package:cattery_flutter/presentation/widgets/cats/components/fullscreen/tabs/estrus_cycle_detail_page.dart,,S,reverse-evidence/package-paths.txt,imported,package path from AOT; source=reverse-evidence/package-paths.txt
PKG-0381,cattery_flutter,estrus_tab_content.dart,package:cattery_flutter/presentation/widgets/cats/components/fullscreen/tabs/estrus_tab_content.dart,,S,reverse-evidence/package-paths.txt,imported,package path from AOT; source=reverse-evidence/package-paths.txt
PKG-0382,cattery_flutter,genetic_tab_content.dart,package:cattery_flutter/presentation/widgets/cats/components/fullscreen/tabs/genetic_tab_content.dart,,S,reverse-evidence/package-paths.txt,imported,package path from AOT; source=reverse-evidence/package-paths.txt
PKG-0383,cattery_flutter,health_tab_content.dart,package:cattery_flutter/presentation/widgets/cats/components/fullscreen/tabs/health_tab_content.dart,,S,reverse-evidence/package-paths.txt,imported,package path from AOT; source=reverse-evidence/package-paths.txt
PKG-0384,cattery_flutter,media_tab_content.dart,package:cattery_flutter/presentation/widgets/cats/components/fullscreen/tabs/media_tab_content.dart,,S,reverse-evidence/package-paths.txt,imported,package path from AOT; source=reverse-evidence/package-paths.txt
PKG-0385,cattery_flutter,rating_tab_content.dart,package:cattery_flutter/presentation/widgets/cats/components/fullscreen/tabs/rating_tab_content.dart,,S,reverse-evidence/package-paths.txt,imported,package path from AOT; source=reverse-evidence/package-paths.txt
PKG-0386,cattery_flutter,cat_detail_skeleton.dart,package:cattery_flutter/presentation/widgets/cats/components/loading/cat_detail_skeleton.dart,,S,reverse-evidence/package-paths.txt,imported,package path from AOT; source=reverse-evidence/package-paths.txt
PKG-0387,cattery_flutter,cat_daily_health_card.dart,package:cattery_flutter/presentation/widgets/cats/components/shared/cat_daily_health_card.dart,,S,reverse-evidence/package-paths.txt,imported,package path from AOT; source=reverse-evidence/package-paths.txt
PKG-0388,cattery_flutter,cat_gene_report_section.dart,package:cattery_flutter/presentation/widgets/cats/components/shared/cat_gene_report_section.dart,,S,reverse-evidence/package-paths.txt,imported,package path from AOT; source=reverse-evidence/package-paths.txt
PKG-0389,cattery_flutter,cat_health_management_section.dart,package:cattery_flutter/presentation/widgets/cats/components/shared/cat_health_management_section.dart,,S,reverse-evidence/package-paths.txt,imported,package path from AOT; source=reverse-evidence/package-paths.txt
PKG-0390,cattery_flutter,cat_health_quick_summary.dart,package:cattery_flutter/presentation/widgets/cats/components/shared/cat_health_quick_summary.dart,,S,reverse-evidence/package-paths.txt,imported,package path from AOT; source=reverse-evidence/package-paths.txt
PKG-0391,cattery_flutter,cat_image_gallery_section.dart,package:cattery_flutter/presentation/widgets/cats/components/shared/cat_image_gallery_section.dart,,S,reverse-evidence/package-paths.txt,imported,package path from AOT; source=reverse-evidence/package-paths.txt
PKG-0392,cattery_flutter,cat_pedigree_cert_section.dart,package:cattery_flutter/presentation/widgets/cats/components/shared/cat_pedigree_cert_section.dart,,S,reverse-evidence/package-paths.txt,imported,package path from AOT; source=reverse-evidence/package-paths.txt
PKG-0393,cattery_flutter,cat_video_gallery_section.dart,package:cattery_flutter/presentation/widgets/cats/components/shared/cat_video_gallery_section.dart,,S,reverse-evidence/package-paths.txt,imported,package path from AOT; source=reverse-evidence/package-paths.txt
PKG-0394,cattery_flutter,decease_record_sheet.dart,package:cattery_flutter/presentation/widgets/cats/decease_record_sheet.dart,,S,reverse-evidence/package-paths.txt,imported,package path from AOT; source=reverse-evidence/package-paths.txt
PKG-0395,cattery_flutter,edit_section.dart,package:cattery_flutter/presentation/widgets/cats/edit_section.dart,,S,reverse-evidence/package-paths.txt,imported,package path from AOT; source=reverse-evidence/package-paths.txt
PKG-0396,cattery_flutter,external_pet_health_actions.dart,package:cattery_flutter/presentation/widgets/cats/external_pet_health_actions.dart,,S,reverse-evidence/package-paths.txt,imported,package path from AOT; source=reverse-evidence/package-paths.txt
PKG-0397,cattery_flutter,quick_filter_config_sheet.dart,package:cattery_flutter/presentation/widgets/cats/quick_filter_config_sheet.dart,,S,reverse-evidence/package-paths.txt,imported,package path from AOT; source=reverse-evidence/package-paths.txt
PKG-0398,cattery_flutter,cat_cover_helper.dart,package:cattery_flutter/presentation/widgets/cats/services/cat_cover_helper.dart,,S,reverse-evidence/package-paths.txt,imported,package path from AOT; source=reverse-evidence/package-paths.txt
PKG-0399,cattery_flutter,cat_manage_permission.dart,package:cattery_flutter/presentation/widgets/cats/services/cat_manage_permission.dart,,S,reverse-evidence/package-paths.txt,imported,package path from AOT; source=reverse-evidence/package-paths.txt
PKG-0400,cattery_flutter,sale_accounting_helper.dart,package:cattery_flutter/presentation/widgets/cats/utils/sale_accounting_helper.dart,,S,reverse-evidence/package-paths.txt,imported,package path from AOT; source=reverse-evidence/package-paths.txt
PKG-0401,cattery_flutter,action_selector_dialog.dart,package:cattery_flutter/presentation/widgets/common/action_selector_dialog.dart,,S,reverse-evidence/package-paths.txt,imported,package path from AOT; source=reverse-evidence/package-paths.txt
PKG-0402,cattery_flutter,app_rating_dialog.dart,package:cattery_flutter/presentation/widgets/common/app_rating_dialog.dart,,S,reverse-evidence/package-paths.txt,imported,package path from AOT; source=reverse-evidence/package-paths.txt
PKG-0403,cattery_flutter,app_snackbar.dart,package:cattery_flutter/presentation/widgets/common/app_snackbar.dart,,S,reverse-evidence/package-paths.txt,imported,package path from AOT; source=reverse-evidence/package-paths.txt
PKG-0404,cattery_flutter,birthday_badge.dart,package:cattery_flutter/presentation/widgets/common/birthday_badge.dart,,S,reverse-evidence/package-paths.txt,imported,package path from AOT; source=reverse-evidence/package-paths.txt
PKG-0405,cattery_flutter,calendar_datetime_picker.dart,package:cattery_flutter/presentation/widgets/common/calendar_datetime_picker.dart,,S,reverse-evidence/package-paths.txt,imported,package path from AOT; source=reverse-evidence/package-paths.txt
PKG-0406,cattery_flutter,clickable_weight_display.dart,package:cattery_flutter/presentation/widgets/common/clickable_weight_display.dart,,S,reverse-evidence/package-paths.txt,imported,package path from AOT; source=reverse-evidence/package-paths.txt
PKG-0407,cattery_flutter,create_folder_dialog.dart,package:cattery_flutter/presentation/widgets/common/create_folder_dialog.dart,,S,reverse-evidence/package-paths.txt,imported,package path from AOT; source=reverse-evidence/package-paths.txt
PKG-0408,cattery_flutter,custom_image_picker_panel.dart,package:cattery_flutter/presentation/widgets/common/custom_image_picker_panel.dart,,S,reverse-evidence/package-paths.txt,imported,package path from AOT; source=reverse-evidence/package-paths.txt
PKG-0409,cattery_flutter,empty_error_state.dart,package:cattery_flutter/presentation/widgets/common/empty_error_state.dart,,S,reverse-evidence/package-paths.txt,imported,package path from AOT; source=reverse-evidence/package-paths.txt
PKG-0410,cattery_flutter,enhanced_image_preview.dart,package:cattery_flutter/presentation/widgets/common/enhanced_image_preview.dart,,S,reverse-evidence/package-paths.txt,imported,package path from AOT; source=reverse-evidence/package-paths.txt
PKG-0411,cattery_flutter,feature_guide.dart,package:cattery_flutter/presentation/widgets/common/feature_guide.dart,,S,reverse-evidence/package-paths.txt,imported,package path from AOT; source=reverse-evidence/package-paths.txt
PKG-0412,cattery_flutter,image_picker_bottom_sheet.dart,package:cattery_flutter/presentation/widgets/common/image_picker_bottom_sheet.dart,,S,reverse-evidence/package-paths.txt,imported,package path from AOT; source=reverse-evidence/package-paths.txt
PKG-0413,cattery_flutter,image_preview_page.dart,package:cattery_flutter/presentation/widgets/common/image_preview_page.dart,,S,reverse-evidence/package-paths.txt,imported,package path from AOT; source=reverse-evidence/package-paths.txt
PKG-0414,cattery_flutter,link_selector_dialog.dart,package:cattery_flutter/presentation/widgets/common/link_selector_dialog.dart,,S,reverse-evidence/package-paths.txt,imported,package path from AOT; source=reverse-evidence/package-paths.txt
PKG-0415,cattery_flutter,live_photo_viewer.dart,package:cattery_flutter/presentation/widgets/common/live_photo_viewer.dart,,S,reverse-evidence/package-paths.txt,imported,package path from AOT; source=reverse-evidence/package-paths.txt
PKG-0416,cattery_flutter,loading_widget.dart,package:cattery_flutter/presentation/widgets/common/loading_widget.dart,,S,reverse-evidence/package-paths.txt,imported,package path from AOT; source=reverse-evidence/package-paths.txt
PKG-0417,cattery_flutter,login_tip.dart,package:cattery_flutter/presentation/widgets/common/login_tip.dart,,S,reverse-evidence/package-paths.txt,imported,package path from AOT; source=reverse-evidence/package-paths.txt
PKG-0418,cattery_flutter,media_preview_page.dart,package:cattery_flutter/presentation/widgets/common/media_preview_page.dart,,S,reverse-evidence/package-paths.txt,imported,package path from AOT; source=reverse-evidence/package-paths.txt
PKG-0419,cattery_flutter,permission_upgrade_dialog.dart,package:cattery_flutter/presentation/widgets/common/permission_upgrade_dialog.dart,,S,reverse-evidence/package-paths.txt,imported,package path from AOT; source=reverse-evidence/package-paths.txt
PKG-0420,cattery_flutter,pro_badge.dart,package:cattery_flutter/presentation/widgets/common/pro_badge.dart,,S,reverse-evidence/package-paths.txt,imported,package path from AOT; source=reverse-evidence/package-paths.txt
PKG-0421,cattery_flutter,search_input.dart,package:cattery_flutter/presentation/widgets/common/search_input.dart,,S,reverse-evidence/package-paths.txt,imported,package path from AOT; source=reverse-evidence/package-paths.txt
PKG-0422,cattery_flutter,shimmer_loading.dart,package:cattery_flutter/presentation/widgets/common/shimmer_loading.dart,,S,reverse-evidence/package-paths.txt,imported,package path from AOT; source=reverse-evidence/package-paths.txt
PKG-0423,cattery_flutter,skeleton_loader.dart,package:cattery_flutter/presentation/widgets/common/skeleton_loader.dart,,S,reverse-evidence/package-paths.txt,imported,package path from AOT; source=reverse-evidence/package-paths.txt
PKG-0424,cattery_flutter,standard_app_bar.dart,package:cattery_flutter/presentation/widgets/common/standard_app_bar.dart,,S,reverse-evidence/package-paths.txt,imported,package path from AOT; source=reverse-evidence/package-paths.txt
PKG-0425,cattery_flutter,update_dialog.dart,package:cattery_flutter/presentation/widgets/common/update_dialog.dart,,S,reverse-evidence/package-paths.txt,imported,package path from AOT; source=reverse-evidence/package-paths.txt
PKG-0426,cattery_flutter,video_player_page.dart,package:cattery_flutter/presentation/widgets/common/video_player_page.dart,,S,reverse-evidence/package-paths.txt,imported,package path from AOT; source=reverse-evidence/package-paths.txt
PKG-0427,cattery_flutter,cat_select_complete_popup.dart,package:cattery_flutter/presentation/widgets/event/cat_select_complete_popup.dart,,S,reverse-evidence/package-paths.txt,imported,package path from AOT; source=reverse-evidence/package-paths.txt
PKG-0428,cattery_flutter,event_detail_dialog.dart,package:cattery_flutter/presentation/widgets/event/event_detail_dialog.dart,,S,reverse-evidence/package-paths.txt,imported,package path from AOT; source=reverse-evidence/package-paths.txt
PKG-0429,cattery_flutter,event_list_item.dart,package:cattery_flutter/presentation/widgets/event/event_list_item.dart,,S,reverse-evidence/package-paths.txt,imported,package path from AOT; source=reverse-evidence/package-paths.txt
PKG-0430,cattery_flutter,event_record_list_item.dart,package:cattery_flutter/presentation/widgets/event/event_record_list_item.dart,,S,reverse-evidence/package-paths.txt,imported,package path from AOT; source=reverse-evidence/package-paths.txt
PKG-0431,cattery_flutter,event_record_list_view.dart,package:cattery_flutter/presentation/widgets/event/event_record_list_view.dart,,S,reverse-evidence/package-paths.txt,imported,package path from AOT; source=reverse-evidence/package-paths.txt
PKG-0432,cattery_flutter,event_reminder_dialog.dart,package:cattery_flutter/presentation/widgets/event/event_reminder_dialog.dart,,S,reverse-evidence/package-paths.txt,imported,package path from AOT; source=reverse-evidence/package-paths.txt
PKG-0433,cattery_flutter,event_type_selector_dialog.dart,package:cattery_flutter/presentation/widgets/event/event_type_selector_dialog.dart,,S,reverse-evidence/package-paths.txt,imported,package path from AOT; source=reverse-evidence/package-paths.txt
PKG-0434,cattery_flutter,record_comment_item.dart,package:cattery_flutter/presentation/widgets/event/record_comment_item.dart,,S,reverse-evidence/package-paths.txt,imported,package path from AOT; source=reverse-evidence/package-paths.txt
PKG-0435,cattery_flutter,genetic_edit_dialog.dart,package:cattery_flutter/presentation/widgets/genetic/genetic_edit_dialog.dart,,S,reverse-evidence/package-paths.txt,imported,package path from AOT; source=reverse-evidence/package-paths.txt
PKG-0436,cattery_flutter,genetic_edit_form_content.dart,package:cattery_flutter/presentation/widgets/genetic/genetic_edit_form_content.dart,,S,reverse-evidence/package-paths.txt,imported,package path from AOT; source=reverse-evidence/package-paths.txt
PKG-0437,cattery_flutter,scale_connect_sheet.dart,package:cattery_flutter/presentation/widgets/hardware/bluetooth_scale/scale_connect_sheet.dart,,S,reverse-evidence/package-paths.txt,imported,package path from AOT; source=reverse-evidence/package-paths.txt
PKG-0438,cattery_flutter,health_record_accounting_prompt_dialog.dart,package:cattery_flutter/presentation/widgets/health/dialogs/health_record_accounting_prompt_dialog.dart,,S,reverse-evidence/package-paths.txt,imported,package path from AOT; source=reverse-evidence/package-paths.txt
PKG-0439,cattery_flutter,health_record_accounting_helper.dart,package:cattery_flutter/presentation/widgets/health/utils/health_record_accounting_helper.dart,,S,reverse-evidence/package-paths.txt,imported,package path from AOT; source=reverse-evidence/package-paths.txt
PKG-0440,cattery_flutter,health_record_accounting_mapper.dart,package:cattery_flutter/presentation/widgets/health/utils/health_record_accounting_mapper.dart,,S,reverse-evidence/package-paths.txt,imported,package path from AOT; source=reverse-evidence/package-paths.txt
PKG-0441,cattery_flutter,intro_splash_preview.dart,package:cattery_flutter/presentation/widgets/intro_splash/intro_splash_preview.dart,,S,reverse-evidence/package-paths.txt,imported,package path from AOT; source=reverse-evidence/package-paths.txt
PKG-0442,cattery_flutter,level_input_dialog.dart,package:cattery_flutter/presentation/widgets/level/level_input_dialog.dart,,S,reverse-evidence/package-paths.txt,imported,package path from AOT; source=reverse-evidence/package-paths.txt
PKG-0443,cattery_flutter,management_tools_dialog.dart,package:cattery_flutter/presentation/widgets/management/management_tools_dialog.dart,,S,reverse-evidence/package-paths.txt,imported,package path from AOT; source=reverse-evidence/package-paths.txt
PKG-0444,cattery_flutter,merchant_onboarding_sheet.dart,package:cattery_flutter/presentation/widgets/merchant/merchant_onboarding_sheet.dart,,S,reverse-evidence/package-paths.txt,imported,package path from AOT; source=reverse-evidence/package-paths.txt
PKG-0445,cattery_flutter,balance_adjust_dialog.dart,package:cattery_flutter/presentation/widgets/operation/balance_adjust_dialog.dart,,S,reverse-evidence/package-paths.txt,imported,package path from AOT; source=reverse-evidence/package-paths.txt
PKG-0446,cattery_flutter,bind_pet_dialog.dart,package:cattery_flutter/presentation/widgets/operation/bind_pet_dialog.dart,,S,reverse-evidence/package-paths.txt,imported,package path from AOT; source=reverse-evidence/package-paths.txt
PKG-0447,cattery_flutter,boarding_list_item.dart,package:cattery_flutter/presentation/widgets/operation/boarding_list_item.dart,,S,reverse-evidence/package-paths.txt,imported,package path from AOT; source=reverse-evidence/package-paths.txt
PKG-0448,cattery_flutter,boarding_selector_dialog.dart,package:cattery_flutter/presentation/widgets/operation/boarding_selector_dialog.dart,,S,reverse-evidence/package-paths.txt,imported,package path from AOT; source=reverse-evidence/package-paths.txt
PKG-0449,cattery_flutter,breeding_plan_selector_dialog.dart,package:cattery_flutter/presentation/widgets/operation/breeding_plan_selector_dialog.dart,,S,reverse-evidence/package-paths.txt,imported,package path from AOT; source=reverse-evidence/package-paths.txt
PKG-0450,cattery_flutter,customer_selector_dialog.dart,package:cattery_flutter/presentation/widgets/operation/customer_selector_dialog.dart,,S,reverse-evidence/package-paths.txt,imported,package path from AOT; source=reverse-evidence/package-paths.txt
PKG-0451,cattery_flutter,door_list_item.dart,package:cattery_flutter/presentation/widgets/operation/door_list_item.dart,,S,reverse-evidence/package-paths.txt,imported,package path from AOT; source=reverse-evidence/package-paths.txt
PKG-0452,cattery_flutter,goods_selector_dialog.dart,package:cattery_flutter/presentation/widgets/operation/goods_selector_dialog.dart,,S,reverse-evidence/package-paths.txt,imported,package path from AOT; source=reverse-evidence/package-paths.txt
PKG-0453,cattery_flutter,grooming_list_item.dart,package:cattery_flutter/presentation/widgets/operation/grooming_list_item.dart,,S,reverse-evidence/package-paths.txt,imported,package path from AOT; source=reverse-evidence/package-paths.txt
PKG-0454,cattery_flutter,knife_list_item.dart,package:cattery_flutter/presentation/widgets/operation/knife_list_item.dart,,S,reverse-evidence/package-paths.txt,imported,package path from AOT; source=reverse-evidence/package-paths.txt
PKG-0455,cattery_flutter,member_level_dialog.dart,package:cattery_flutter/presentation/widgets/operation/member_level_dialog.dart,,S,reverse-evidence/package-paths.txt,imported,package path from AOT; source=reverse-evidence/package-paths.txt
PKG-0456,cattery_flutter,operation_register_sheets.dart,package:cattery_flutter/presentation/widgets/operation/operation_register_sheets.dart,,S,reverse-evidence/package-paths.txt,imported,package path from AOT; source=reverse-evidence/package-paths.txt
PKG-0457,cattery_flutter,pet_selector_dialog.dart,package:cattery_flutter/presentation/widgets/operation/pet_selector_dialog.dart,,S,reverse-evidence/package-paths.txt,imported,package path from AOT; source=reverse-evidence/package-paths.txt
PKG-0458,cattery_flutter,point_adjust_dialog.dart,package:cattery_flutter/presentation/widgets/operation/point_adjust_dialog.dart,,S,reverse-evidence/package-paths.txt,imported,package path from AOT; source=reverse-evidence/package-paths.txt
PKG-0459,cattery_flutter,point_logs_dialog.dart,package:cattery_flutter/presentation/widgets/operation/point_logs_dialog.dart,,S,reverse-evidence/package-paths.txt,imported,package path from AOT; source=reverse-evidence/package-paths.txt
PKG-0460,cattery_flutter,queue_list_item.dart,package:cattery_flutter/presentation/widgets/operation/queue_list_item.dart,,S,reverse-evidence/package-paths.txt,imported,package path from AOT; source=reverse-evidence/package-paths.txt
PKG-0461,cattery_flutter,user_list_item.dart,package:cattery_flutter/presentation/widgets/operation/user_list_item.dart,,S,reverse-evidence/package-paths.txt,imported,package path from AOT; source=reverse-evidence/package-paths.txt
PKG-0462,cattery_flutter,user_picker_sheet.dart,package:cattery_flutter/presentation/widgets/operation/user_picker_sheet.dart,,S,reverse-evidence/package-paths.txt,imported,package path from AOT; source=reverse-evidence/package-paths.txt
PKG-0463,cattery_flutter,borrowed_cats_page.dart,package:cattery_flutter/presentation/widgets/overview/borrowed_cats_page.dart,,S,reverse-evidence/package-paths.txt,imported,package path from AOT; source=reverse-evidence/package-paths.txt
PKG-0464,cattery_flutter,breeding_mothers_module.dart,package:cattery_flutter/presentation/widgets/overview/breeding_mothers_module.dart,,S,reverse-evidence/package-paths.txt,imported,package path from AOT; source=reverse-evidence/package-paths.txt
PKG-0465,cattery_flutter,calendar_cache_manager.dart,package:cattery_flutter/presentation/widgets/overview/calendar/calendar_cache_manager.dart,,S,reverse-evidence/package-paths.txt,imported,package path from AOT; source=reverse-evidence/package-paths.txt
PKG-0466,cattery_flutter,calendar_data_aggregator.dart,package:cattery_flutter/presentation/widgets/overview/calendar/calendar_data_aggregator.dart,,S,reverse-evidence/package-paths.txt,imported,package path from AOT; source=reverse-evidence/package-paths.txt
PKG-0467,cattery_flutter,calendar_event_mapper.dart,package:cattery_flutter/presentation/widgets/overview/calendar/calendar_event_mapper.dart,,S,reverse-evidence/package-paths.txt,imported,package path from AOT; source=reverse-evidence/package-paths.txt
PKG-0468,cattery_flutter,calendar_module.dart,package:cattery_flutter/presentation/widgets/overview/calendar_module.dart,,S,reverse-evidence/package-paths.txt,imported,package path from AOT; source=reverse-evidence/package-paths.txt
PKG-0469,cattery_flutter,financial_overview_module.dart,package:cattery_flutter/presentation/widgets/overview/financial_overview_module.dart,,S,reverse-evidence/package-paths.txt,imported,package path from AOT; source=reverse-evidence/package-paths.txt
PKG-0470,cattery_flutter,litter_management_module.dart,package:cattery_flutter/presentation/widgets/overview/litter_management_module.dart,,S,reverse-evidence/package-paths.txt,imported,package path from AOT; source=reverse-evidence/package-paths.txt
PKG-0471,cattery_flutter,membership_expiry_banner.dart,package:cattery_flutter/presentation/widgets/overview/membership_expiry_banner.dart,,S,reverse-evidence/package-paths.txt,imported,package path from AOT; source=reverse-evidence/package-paths.txt
PKG-0472,cattery_flutter,operation_overview_module.dart,package:cattery_flutter/presentation/widgets/overview/operation_overview_module.dart,,S,reverse-evidence/package-paths.txt,imported,package path from AOT; source=reverse-evidence/package-paths.txt
PKG-0473,cattery_flutter,operations_banner.dart,package:cattery_flutter/presentation/widgets/overview/operations_banner.dart,,S,reverse-evidence/package-paths.txt,imported,package path from AOT; source=reverse-evidence/package-paths.txt
PKG-0474,cattery_flutter,other_pages.dart,package:cattery_flutter/presentation/widgets/overview/other_pages.dart,,S,reverse-evidence/package-paths.txt,imported,package path from AOT; source=reverse-evidence/package-paths.txt
PKG-0475,cattery_flutter,overview_module_builders.dart,package:cattery_flutter/presentation/widgets/overview/overview_module_builders.dart,,S,reverse-evidence/package-paths.txt,imported,package path from AOT; source=reverse-evidence/package-paths.txt
PKG-0476,cattery_flutter,overview_page.dart,package:cattery_flutter/presentation/widgets/overview/overview_page.dart,,S,reverse-evidence/package-paths.txt,imported,package path from AOT; source=reverse-evidence/package-paths.txt
PKG-0477,cattery_flutter,population_overview_module.dart,package:cattery_flutter/presentation/widgets/overview/population_overview_module.dart,,S,reverse-evidence/package-paths.txt,imported,package path from AOT; source=reverse-evidence/package-paths.txt
PKG-0478,cattery_flutter,stud_service_overview_module.dart,package:cattery_flutter/presentation/widgets/overview/stud_service_overview_module.dart,,S,reverse-evidence/package-paths.txt,imported,package path from AOT; source=reverse-evidence/package-paths.txt
PKG-0479,cattery_flutter,suggested_offspring_section.dart,package:cattery_flutter/presentation/widgets/overview/suggested_offspring_section.dart,,S,reverse-evidence/package-paths.txt,imported,package path from AOT; source=reverse-evidence/package-paths.txt
PKG-0480,cattery_flutter,tags_overview_controller.dart,package:cattery_flutter/presentation/widgets/overview/tags_overview_controller.dart,,S,reverse-evidence/package-paths.txt,imported,package path from AOT; source=reverse-evidence/package-paths.txt
PKG-0481,cattery_flutter,tags_overview_module.dart,package:cattery_flutter/presentation/widgets/overview/tags_overview_module.dart,,S,reverse-evidence/package-paths.txt,imported,package path from AOT; source=reverse-evidence/package-paths.txt
PKG-0482,cattery_flutter,todo_module.dart,package:cattery_flutter/presentation/widgets/overview/todo_module.dart,,S,reverse-evidence/package-paths.txt,imported,package path from AOT; source=reverse-evidence/package-paths.txt
PKG-0483,cattery_flutter,tools_module.dart,package:cattery_flutter/presentation/widgets/overview/tools_module.dart,,S,reverse-evidence/package-paths.txt,imported,package path from AOT; source=reverse-evidence/package-paths.txt
PKG-0484,cattery_flutter,weight_sparkline.dart,package:cattery_flutter/presentation/widgets/overview/weight_sparkline.dart,,S,reverse-evidence/package-paths.txt,imported,package path from AOT; source=reverse-evidence/package-paths.txt
PKG-0485,cattery_flutter,payment_method_selector_sheet.dart,package:cattery_flutter/presentation/widgets/payment/payment_method_selector_sheet.dart,,S,reverse-evidence/package-paths.txt,imported,package path from AOT; source=reverse-evidence/package-paths.txt
PKG-0486,cattery_flutter,privacy_agreement_sheet.dart,package:cattery_flutter/presentation/widgets/privacy/privacy_agreement_sheet.dart,,S,reverse-evidence/package-paths.txt,imported,package path from AOT; source=reverse-evidence/package-paths.txt
PKG-0487,cattery_flutter,file_filter_tabs.dart,package:cattery_flutter/presentation/widgets/profile/components/file_filter_tabs.dart,,S,reverse-evidence/package-paths.txt,imported,package path from AOT; source=reverse-evidence/package-paths.txt
PKG-0488,cattery_flutter,file_grid.dart,package:cattery_flutter/presentation/widgets/profile/components/file_grid.dart,,S,reverse-evidence/package-paths.txt,imported,package path from AOT; source=reverse-evidence/package-paths.txt
PKG-0489,cattery_flutter,folder_grid.dart,package:cattery_flutter/presentation/widgets/profile/components/folder_grid.dart,,S,reverse-evidence/package-paths.txt,imported,package path from AOT; source=reverse-evidence/package-paths.txt
PKG-0490,cattery_flutter,invite_peer_card.dart,package:cattery_flutter/presentation/widgets/profile/components/invite_peer_card.dart,,S,reverse-evidence/package-paths.txt,imported,package path from AOT; source=reverse-evidence/package-paths.txt
PKG-0491,cattery_flutter,membership_card.dart,package:cattery_flutter/presentation/widgets/profile/components/membership_card.dart,,S,reverse-evidence/package-paths.txt,imported,package path from AOT; source=reverse-evidence/package-paths.txt
PKG-0492,cattery_flutter,profile_floating_action_button.dart,package:cattery_flutter/presentation/widgets/profile/components/profile_floating_action_button.dart,,S,reverse-evidence/package-paths.txt,imported,package path from AOT; source=reverse-evidence/package-paths.txt
PKG-0493,cattery_flutter,space_header.dart,package:cattery_flutter/presentation/widgets/profile/components/space_header.dart,,S,reverse-evidence/package-paths.txt,imported,package path from AOT; source=reverse-evidence/package-paths.txt
PKG-0494,cattery_flutter,traffic_usage_card.dart,package:cattery_flutter/presentation/widgets/profile/components/traffic_usage_card.dart,,S,reverse-evidence/package-paths.txt,imported,package path from AOT; source=reverse-evidence/package-paths.txt
PKG-0495,cattery_flutter,organization_switch_dialog.dart,package:cattery_flutter/presentation/widgets/profile/organization_switch_dialog.dart,,S,reverse-evidence/package-paths.txt,imported,package path from AOT; source=reverse-evidence/package-paths.txt
PKG-0496,cattery_flutter,profile_page_content.dart,package:cattery_flutter/presentation/widgets/profile/profile_page_content.dart,,S,reverse-evidence/package-paths.txt,imported,package path from AOT; source=reverse-evidence/package-paths.txt
PKG-0497,cattery_flutter,side_menu_drawer.dart,package:cattery_flutter/presentation/widgets/profile/side_menu_drawer.dart,,S,reverse-evidence/package-paths.txt,imported,package path from AOT; source=reverse-evidence/package-paths.txt
PKG-0498,cattery_flutter,custom_tag_dialog.dart,package:cattery_flutter/presentation/widgets/rating/custom_tag_dialog.dart,,S,reverse-evidence/package-paths.txt,imported,package path from AOT; source=reverse-evidence/package-paths.txt
PKG-0499,cattery_flutter,template_selector_dialog.dart,package:cattery_flutter/presentation/widgets/rating/template_selector_dialog.dart,,S,reverse-evidence/package-paths.txt,imported,package path from AOT; source=reverse-evidence/package-paths.txt
PKG-0500,cattery_flutter,custom_tab_bar.dart,package:cattery_flutter/presentation/widgets/tabbar/custom_tab_bar.dart,,S,reverse-evidence/package-paths.txt,imported,package path from AOT; source=reverse-evidence/package-paths.txt
PKG-0501,cattery_flutter,tag_input_dialog.dart,package:cattery_flutter/presentation/widgets/tag/tag_input_dialog.dart,,S,reverse-evidence/package-paths.txt,imported,package path from AOT; source=reverse-evidence/package-paths.txt
PKG-0502,cattery_flutter,upgrade_dialog.dart,package:cattery_flutter/presentation/widgets/template/upgrade_dialog.dart,,S,reverse-evidence/package-paths.txt,imported,package path from AOT; source=reverse-evidence/package-paths.txt
PKG-0503,cattery_flutter,fm_webview.dart,package:cattery_flutter/presentation/widgets/webview/fm_webview.dart,,S,reverse-evidence/package-paths.txt,imported,package path from AOT; source=reverse-evidence/package-paths.txt
PKG-0504,cattery_flutter,bluetooth_scale_service.dart,package:cattery_flutter/services/bluetooth_scale_service.dart,,S,reverse-evidence/package-paths.txt,imported,package path from AOT; source=reverse-evidence/package-paths.txt
PKG-0505,cattery_mobile,image_save_service.dart,package:cattery_mobile/core/services/image_save_service.dart,,S,reverse-evidence/package-paths.txt,imported,package path from AOT; source=reverse-evidence/package-paths.txt
PKG-0506,cattery_mobile,pangle_ad_service.dart,package:cattery_mobile/core/services/pangle_ad_service.dart,,S,reverse-evidence/package-paths.txt,imported,package path from AOT; source=reverse-evidence/package-paths.txt
PKG-0507,cattery_mobile,video_exporter.dart,package:cattery_mobile/data/exporters/video_exporter.dart,,S,reverse-evidence/package-paths.txt,imported,package path from AOT; source=reverse-evidence/package-paths.txt
PKG-0508,image_crop,image_crop_service.dart,package:cattery_mobile/data/services/image_crop_service.dart,,S,reverse-evidence/package-paths.txt,imported,package path from AOT; source=reverse-evidence/package-paths.txt
PKG-0509,video_compression,video_compression_service.dart,package:cattery_mobile/data/services/video_compression_service.dart,,S,reverse-evidence/package-paths.txt,imported,package path from AOT; source=reverse-evidence/package-paths.txt
PKG-0510,video_thumbnail,video_thumbnail_service.dart,package:cattery_mobile/data/services/video_thumbnail_service.dart,,S,reverse-evidence/package-paths.txt,imported,package path from AOT; source=reverse-evidence/package-paths.txt
PKG-0511,cattery_shared,category_icons.dart,package:cattery_shared/core/constants/category_icons.dart,,S,reverse-evidence/package-paths.txt,imported,package path from AOT; source=reverse-evidence/package-paths.txt
PKG-0512,cattery_shared,cat_face_vector_mixin.dart,package:cattery_shared/core/mixins/cat_face_vector_mixin.dart,,S,reverse-evidence/package-paths.txt,imported,package path from AOT; source=reverse-evidence/package-paths.txt
PKG-0513,cattery_shared,app_rating_service.dart,package:cattery_shared/core/services/app_rating_service.dart,,S,reverse-evidence/package-paths.txt,imported,package path from AOT; source=reverse-evidence/package-paths.txt
PKG-0514,cattery_shared,cache_manager_service.dart,package:cattery_shared/core/services/cache_manager_service.dart,,S,reverse-evidence/package-paths.txt,imported,package path from AOT; source=reverse-evidence/package-paths.txt
PKG-0515,cattery_shared,deep_link_service.dart,package:cattery_shared/core/services/deep_link_service.dart,,S,reverse-evidence/package-paths.txt,imported,package path from AOT; source=reverse-evidence/package-paths.txt
PKG-0516,cattery_shared,file_upload_service.dart,package:cattery_shared/core/services/file_upload_service.dart,,S,reverse-evidence/package-paths.txt,imported,package path from AOT; source=reverse-evidence/package-paths.txt
PKG-0517,cattery_shared,locale_service.dart,package:cattery_shared/core/services/locale_service.dart,,S,reverse-evidence/package-paths.txt,imported,package path from AOT; source=reverse-evidence/package-paths.txt
PKG-0518,cattery_shared,alipay_payment_service.dart,package:cattery_shared/core/services/payment/alipay_payment_service.dart,,S,reverse-evidence/package-paths.txt,imported,package path from AOT; source=reverse-evidence/package-paths.txt
PKG-0519,cattery_shared,apple_iap_service.dart,package:cattery_shared/core/services/payment/apple_iap_service.dart,,S,reverse-evidence/package-paths.txt,imported,package path from AOT; source=reverse-evidence/package-paths.txt
PKG-0520,cattery_shared,payment_coordinator.dart,package:cattery_shared/core/services/payment/payment_coordinator.dart,,S,reverse-evidence/package-paths.txt,imported,package path from AOT; source=reverse-evidence/package-paths.txt
PKG-0521,cattery_shared,payment_models.dart,package:cattery_shared/core/services/payment/payment_models.dart,,S,reverse-evidence/package-paths.txt,imported,package path from AOT; source=reverse-evidence/package-paths.txt
PKG-0522,cattery_shared,payment_service_interface.dart,package:cattery_shared/core/services/payment/payment_service_interface.dart,,S,reverse-evidence/package-paths.txt,imported,package path from AOT; source=reverse-evidence/package-paths.txt
PKG-0523,cattery_shared,wechat_payment_service.dart,package:cattery_shared/core/services/payment/wechat_payment_service.dart,,S,reverse-evidence/package-paths.txt,imported,package path from AOT; source=reverse-evidence/package-paths.txt
PKG-0524,cattery_shared,permission_monitor_service.dart,package:cattery_shared/core/services/permission_monitor_service.dart,,S,reverse-evidence/package-paths.txt,imported,package path from AOT; source=reverse-evidence/package-paths.txt
PKG-0525,cattery_shared,privacy_policy_service.dart,package:cattery_shared/core/services/privacy_policy_service.dart,,S,reverse-evidence/package-paths.txt,imported,package path from AOT; source=reverse-evidence/package-paths.txt
PKG-0526,cattery_shared,smart_notification_service.dart,package:cattery_shared/core/services/smart_notification_service.dart,,S,reverse-evidence/package-paths.txt,imported,package path from AOT; source=reverse-evidence/package-paths.txt
PKG-0527,cattery_shared,toast_service.dart,package:cattery_shared/core/services/toast_service.dart,,S,reverse-evidence/package-paths.txt,imported,package path from AOT; source=reverse-evidence/package-paths.txt
PKG-0528,cattery_shared,umeng_push_service.dart,package:cattery_shared/core/services/umeng_push_service.dart,,S,reverse-evidence/package-paths.txt,imported,package path from AOT; source=reverse-evidence/package-paths.txt
PKG-0529,cattery_shared,widget_business_sync_service.dart,package:cattery_shared/core/services/widget_business_sync_service.dart,,S,reverse-evidence/package-paths.txt,imported,package path from AOT; source=reverse-evidence/package-paths.txt
PKG-0530,cattery_shared,app_logger.dart,package:cattery_shared/core/utils/app_logger.dart,,S,reverse-evidence/package-paths.txt,imported,package path from AOT; source=reverse-evidence/package-paths.txt
PKG-0531,cattery_shared,cat_display_utils.dart,package:cattery_shared/core/utils/cat_display_utils.dart,,S,reverse-evidence/package-paths.txt,imported,package path from AOT; source=reverse-evidence/package-paths.txt
PKG-0532,cattery_shared,dio_client.dart,package:cattery_shared/core/utils/dio_client.dart,,S,reverse-evidence/package-paths.txt,imported,package path from AOT; source=reverse-evidence/package-paths.txt
PKG-0533,cattery_shared,get_fix.dart,package:cattery_shared/core/utils/get_fix.dart,,S,reverse-evidence/package-paths.txt,imported,package path from AOT; source=reverse-evidence/package-paths.txt
PKG-0534,cattery_shared,image_utils.dart,package:cattery_shared/core/utils/image_utils.dart,,S,reverse-evidence/package-paths.txt,imported,package path from AOT; source=reverse-evidence/package-paths.txt
PKG-0535,cattery_shared,logger.dart,package:cattery_shared/core/utils/logger.dart,,S,reverse-evidence/package-paths.txt,imported,package path from AOT; source=reverse-evidence/package-paths.txt
PKG-0536,cattery_shared,navigation_utils.dart,package:cattery_shared/core/utils/navigation_utils.dart,,S,reverse-evidence/package-paths.txt,imported,package path from AOT; source=reverse-evidence/package-paths.txt
PKG-0537,cattery_shared,pet_terms.dart,package:cattery_shared/core/utils/pet_terms.dart,,S,reverse-evidence/package-paths.txt,imported,package path from AOT; source=reverse-evidence/package-paths.txt
PKG-0538,cattery_shared,qr_image_generator.dart,package:cattery_shared/core/utils/qr_image_generator.dart,,S,reverse-evidence/package-paths.txt,imported,package path from AOT; source=reverse-evidence/package-paths.txt
PKG-0539,cattery_shared,storage_service.dart,package:cattery_shared/core/utils/storage_service.dart,,S,reverse-evidence/package-paths.txt,imported,package path from AOT; source=reverse-evidence/package-paths.txt
PKG-0540,cattery_shared,weight_unit_preference.dart,package:cattery_shared/core/utils/weight_unit_preference.dart,,S,reverse-evidence/package-paths.txt,imported,package path from AOT; source=reverse-evidence/package-paths.txt
PKG-0541,cattery_shared,bridge_handler.dart,package:cattery_shared/core/webview/bridge_handler.dart,,S,reverse-evidence/package-paths.txt,imported,package path from AOT; source=reverse-evidence/package-paths.txt
PKG-0542,cattery_shared,cat_handler.dart,package:cattery_shared/core/webview/cat_handler.dart,,S,reverse-evidence/package-paths.txt,imported,package path from AOT; source=reverse-evidence/package-paths.txt
PKG-0543,cattery_shared,device_handler.dart,package:cattery_shared/core/webview/device_handler.dart,,S,reverse-evidence/package-paths.txt,imported,package path from AOT; source=reverse-evidence/package-paths.txt
PKG-0544,cattery_shared,media_handler.dart,package:cattery_shared/core/webview/media_handler.dart,,S,reverse-evidence/package-paths.txt,imported,package path from AOT; source=reverse-evidence/package-paths.txt
PKG-0545,cattery_shared,store_trade_handler.dart,package:cattery_shared/core/webview/store_trade_handler.dart,,S,reverse-evidence/package-paths.txt,imported,package path from AOT; source=reverse-evidence/package-paths.txt
PKG-0546,cattery_shared,template_handler.dart,package:cattery_shared/core/webview/template_handler.dart,,S,reverse-evidence/package-paths.txt,imported,package path from AOT; source=reverse-evidence/package-paths.txt
PKG-0547,cattery_shared,ui_handler.dart,package:cattery_shared/core/webview/ui_handler.dart,,S,reverse-evidence/package-paths.txt,imported,package path from AOT; source=reverse-evidence/package-paths.txt
PKG-0548,cattery_shared,user_handler.dart,package:cattery_shared/core/webview/user_handler.dart,,S,reverse-evidence/package-paths.txt,imported,package path from AOT; source=reverse-evidence/package-paths.txt
PKG-0549,cattery_shared,long_image_exporter.dart,package:cattery_shared/data/exporters/long_image_exporter.dart,,S,reverse-evidence/package-paths.txt,imported,package path from AOT; source=reverse-evidence/package-paths.txt
PKG-0550,cattery_shared,app_tool_badge.dart,package:cattery_shared/data/models/app_tool_badge.dart,,S,reverse-evidence/package-paths.txt,imported,package path from AOT; source=reverse-evidence/package-paths.txt
PKG-0551,cattery_shared,cat_dto.dart,package:cattery_shared/data/models/cat_dto.dart,,S,reverse-evidence/package-paths.txt,imported,package path from AOT; source=reverse-evidence/package-paths.txt
PKG-0552,cattery_shared,decoration_package_model.dart,package:cattery_shared/data/models/decoration_package/decoration_package_model.dart,,S,reverse-evidence/package-paths.txt,imported,package path from AOT; source=reverse-evidence/package-paths.txt
PKG-0553,cattery_shared,event_filter.dart,package:cattery_shared/data/models/event_filter.dart,,S,reverse-evidence/package-paths.txt,imported,package path from AOT; source=reverse-evidence/package-paths.txt
PKG-0554,cattery_shared,selected_image_item.dart,package:cattery_shared/data/models/selected_image_item.dart,,S,reverse-evidence/package-paths.txt,imported,package path from AOT; source=reverse-evidence/package-paths.txt
PKG-0555,cattery_shared,template_model.dart,package:cattery_shared/data/models/template/template_model.dart,,S,reverse-evidence/package-paths.txt,imported,package path from AOT; source=reverse-evidence/package-paths.txt
PKG-0556,cattery_shared,user_model.dart,package:cattery_shared/data/models/user_model.dart,,S,reverse-evidence/package-paths.txt,imported,package path from AOT; source=reverse-evidence/package-paths.txt
PKG-0557,cattery_shared,auth_repository_impl.dart,package:cattery_shared/data/repositories/auth_repository_impl.dart,,S,reverse-evidence/package-paths.txt,imported,package path from AOT; source=reverse-evidence/package-paths.txt
PKG-0558,cattery_shared,backup_repository_impl.dart,package:cattery_shared/data/repositories/backup_repository_impl.dart,,S,reverse-evidence/package-paths.txt,imported,package path from AOT; source=reverse-evidence/package-paths.txt
PKG-0559,cattery_shared,cat_repository_impl.dart,package:cattery_shared/data/repositories/cat_repository_impl.dart,,S,reverse-evidence/package-paths.txt,imported,package path from AOT; source=reverse-evidence/package-paths.txt
PKG-0560,cattery_shared,door_repository_impl.dart,package:cattery_shared/data/repositories/door_repository_impl.dart,,S,reverse-evidence/package-paths.txt,imported,package path from AOT; source=reverse-evidence/package-paths.txt
PKG-0561,cattery_shared,estrus_repository_impl.dart,package:cattery_shared/data/repositories/estrus_repository_impl.dart,,S,reverse-evidence/package-paths.txt,imported,package path from AOT; source=reverse-evidence/package-paths.txt
PKG-0562,cattery_shared,knife_repository_impl.dart,package:cattery_shared/data/repositories/knife_repository_impl.dart,,S,reverse-evidence/package-paths.txt,imported,package path from AOT; source=reverse-evidence/package-paths.txt
PKG-0563,cattery_shared,merchant_repository_impl.dart,package:cattery_shared/data/repositories/merchant_repository_impl.dart,,S,reverse-evidence/package-paths.txt,imported,package path from AOT; source=reverse-evidence/package-paths.txt
PKG-0564,cattery_shared,overview_repository_impl.dart,package:cattery_shared/data/repositories/overview_repository_impl.dart,,S,reverse-evidence/package-paths.txt,imported,package path from AOT; source=reverse-evidence/package-paths.txt
PKG-0565,cattery_shared,queue_repository_impl.dart,package:cattery_shared/data/repositories/queue_repository_impl.dart,,S,reverse-evidence/package-paths.txt,imported,package path from AOT; source=reverse-evidence/package-paths.txt
PKG-0566,cattery_shared,receipt_repository_impl.dart,package:cattery_shared/data/repositories/receipt_repository_impl.dart,,S,reverse-evidence/package-paths.txt,imported,package path from AOT; source=reverse-evidence/package-paths.txt
PKG-0567,cattery_shared,user_repository_impl.dart,package:cattery_shared/data/repositories/user_repository_impl.dart,,S,reverse-evidence/package-paths.txt,imported,package path from AOT; source=reverse-evidence/package-paths.txt
PKG-0568,accounting,accounting_api_service.dart,package:cattery_shared/data/services/accounting_api_service.dart,,S,reverse-evidence/package-paths.txt,imported,package path from AOT; source=reverse-evidence/package-paths.txt
PKG-0569,agent,agent_api_service.dart,package:cattery_shared/data/services/agent_api_service.dart,,S,reverse-evidence/package-paths.txt,imported,package path from AOT; source=reverse-evidence/package-paths.txt
PKG-0570,ai,ai_api_service.dart,package:cattery_shared/data/services/ai_api_service.dart,,S,reverse-evidence/package-paths.txt,imported,package path from AOT; source=reverse-evidence/package-paths.txt
PKG-0571,analytics,analytics_api_service.dart,package:cattery_shared/data/services/analytics_api_service.dart,,S,reverse-evidence/package-paths.txt,imported,package path from AOT; source=reverse-evidence/package-paths.txt
PKG-0572,api,api_service.dart,package:cattery_shared/data/services/api_service.dart,,S,reverse-evidence/package-paths.txt,imported,package path from AOT; source=reverse-evidence/package-paths.txt
PKG-0573,app_tool_badge,app_tool_badge_api_service.dart,package:cattery_shared/data/services/app_tool_badge_api_service.dart,,S,reverse-evidence/package-paths.txt,imported,package path from AOT; source=reverse-evidence/package-paths.txt
PKG-0574,article,article_api_service.dart,package:cattery_shared/data/services/article_api_service.dart,,S,reverse-evidence/package-paths.txt,imported,package path from AOT; source=reverse-evidence/package-paths.txt
PKG-0575,auth,auth_api_service.dart,package:cattery_shared/data/services/auth_api_service.dart,,S,reverse-evidence/package-paths.txt,imported,package path from AOT; source=reverse-evidence/package-paths.txt
PKG-0576,backup,backup_api_service.dart,package:cattery_shared/data/services/backup_api_service.dart,,S,reverse-evidence/package-paths.txt,imported,package path from AOT; source=reverse-evidence/package-paths.txt
PKG-0577,before_after_video,before_after_video_api_service.dart,package:cattery_shared/data/services/before_after_video_api_service.dart,,S,reverse-evidence/package-paths.txt,imported,package path from AOT; source=reverse-evidence/package-paths.txt
PKG-0578,boarding,boarding_api_service.dart,package:cattery_shared/data/services/boarding_api_service.dart,,S,reverse-evidence/package-paths.txt,imported,package path from AOT; source=reverse-evidence/package-paths.txt
PKG-0579,brand_task,brand_task_api_service.dart,package:cattery_shared/data/services/brand_task_api_service.dart,,S,reverse-evidence/package-paths.txt,imported,package path from AOT; source=reverse-evidence/package-paths.txt
PKG-0580,breed,breed_api_service.dart,package:cattery_shared/data/services/breed_api_service.dart,,S,reverse-evidence/package-paths.txt,imported,package path from AOT; source=reverse-evidence/package-paths.txt
PKG-0581,breeding_plan,breeding_plan_api_service.dart,package:cattery_shared/data/services/breeding_plan_api_service.dart,,S,reverse-evidence/package-paths.txt,imported,package path from AOT; source=reverse-evidence/package-paths.txt
PKG-0582,calendar,calendar_api_service.dart,package:cattery_shared/data/services/calendar_api_service.dart,,S,reverse-evidence/package-paths.txt,imported,package path from AOT; source=reverse-evidence/package-paths.txt
PKG-0583,cat,cat_api_service.dart,package:cattery_shared/data/services/cat_api_service.dart,,S,reverse-evidence/package-paths.txt,imported,package path from AOT; source=reverse-evidence/package-paths.txt
PKG-0584,cat_face_feature,cat_face_feature_api_service.dart,package:cattery_shared/data/services/cat_face_feature_api_service.dart,,S,reverse-evidence/package-paths.txt,imported,package path from AOT; source=reverse-evidence/package-paths.txt
PKG-0585,cat_weight,cat_weight_api_service.dart,package:cattery_shared/data/services/cat_weight_api_service.dart,,S,reverse-evidence/package-paths.txt,imported,package path from AOT; source=reverse-evidence/package-paths.txt
PKG-0586,cdn,cdn_api_service.dart,package:cattery_shared/data/services/cdn_api_service.dart,,S,reverse-evidence/package-paths.txt,imported,package path from AOT; source=reverse-evidence/package-paths.txt
PKG-0587,cloud_gallery,cloud_gallery_service.dart,package:cattery_shared/data/services/cloud_gallery_service.dart,,S,reverse-evidence/package-paths.txt,imported,package path from AOT; source=reverse-evidence/package-paths.txt
PKG-0588,contract,contract_api_service.dart,package:cattery_shared/data/services/contract_api_service.dart,,S,reverse-evidence/package-paths.txt,imported,package path from AOT; source=reverse-evidence/package-paths.txt
PKG-0589,cos_multipart_upload,cos_multipart_upload_service.dart,package:cattery_shared/data/services/cos_multipart_upload_service.dart,,S,reverse-evidence/package-paths.txt,imported,package path from AOT; source=reverse-evidence/package-paths.txt
PKG-0590,dam,dam_api_service.dart,package:cattery_shared/data/services/dam_api_service.dart,,S,reverse-evidence/package-paths.txt,imported,package path from AOT; source=reverse-evidence/package-paths.txt
PKG-0591,door,door_api_service.dart,package:cattery_shared/data/services/door_api_service.dart,,S,reverse-evidence/package-paths.txt,imported,package path from AOT; source=reverse-evidence/package-paths.txt
PKG-0592,estrus,estrus_api_service.dart,package:cattery_shared/data/services/estrus_api_service.dart,,S,reverse-evidence/package-paths.txt,imported,package path from AOT; source=reverse-evidence/package-paths.txt
PKG-0593,event_record,event_record_api_service.dart,package:cattery_shared/data/services/event_record_api_service.dart,,S,reverse-evidence/package-paths.txt,imported,package path from AOT; source=reverse-evidence/package-paths.txt
PKG-0594,event_reminder,event_reminder_api_service.dart,package:cattery_shared/data/services/event_reminder_api_service.dart,,S,reverse-evidence/package-paths.txt,imported,package path from AOT; source=reverse-evidence/package-paths.txt
PKG-0595,feedback,feedback_api_service.dart,package:cattery_shared/data/services/feedback_api_service.dart,,S,reverse-evidence/package-paths.txt,imported,package path from AOT; source=reverse-evidence/package-paths.txt
PKG-0596,file,file_api_service.dart,package:cattery_shared/data/services/file_api_service.dart,,S,reverse-evidence/package-paths.txt,imported,package path from AOT; source=reverse-evidence/package-paths.txt
PKG-0597,genetic,genetic_api_service.dart,package:cattery_shared/data/services/genetic_api_service.dart,,S,reverse-evidence/package-paths.txt,imported,package path from AOT; source=reverse-evidence/package-paths.txt
PKG-0598,goods,goods_api_service.dart,package:cattery_shared/data/services/goods_api_service.dart,,S,reverse-evidence/package-paths.txt,imported,package path from AOT; source=reverse-evidence/package-paths.txt
PKG-0599,grooming,grooming_api_service.dart,package:cattery_shared/data/services/grooming_api_service.dart,,S,reverse-evidence/package-paths.txt,imported,package path from AOT; source=reverse-evidence/package-paths.txt
PKG-0600,health_record,health_record_api_service.dart,package:cattery_shared/data/services/health_record_api_service.dart,,S,reverse-evidence/package-paths.txt,imported,package path from AOT; source=reverse-evidence/package-paths.txt
PKG-0601,image_upload,image_upload_service.dart,package:cattery_shared/data/services/image_upload_service.dart,,S,reverse-evidence/package-paths.txt,imported,package path from AOT; source=reverse-evidence/package-paths.txt
PKG-0602,intro_splash,intro_splash_api_service.dart,package:cattery_shared/data/services/intro_splash_api_service.dart,,S,reverse-evidence/package-paths.txt,imported,package path from AOT; source=reverse-evidence/package-paths.txt
PKG-0603,knife,knife_api_service.dart,package:cattery_shared/data/services/knife_api_service.dart,,S,reverse-evidence/package-paths.txt,imported,package path from AOT; source=reverse-evidence/package-paths.txt
PKG-0604,level,level_api_service.dart,package:cattery_shared/data/services/level_api_service.dart,,S,reverse-evidence/package-paths.txt,imported,package path from AOT; source=reverse-evidence/package-paths.txt
PKG-0605,marketing,marketing_api_service.dart,package:cattery_shared/data/services/marketing_api_service.dart,,S,reverse-evidence/package-paths.txt,imported,package path from AOT; source=reverse-evidence/package-paths.txt
PKG-0606,member,member_api_service.dart,package:cattery_shared/data/services/member_api_service.dart,,S,reverse-evidence/package-paths.txt,imported,package path from AOT; source=reverse-evidence/package-paths.txt
PKG-0607,merchant,merchant_api_service.dart,package:cattery_shared/data/services/merchant_api_service.dart,,S,reverse-evidence/package-paths.txt,imported,package path from AOT; source=reverse-evidence/package-paths.txt
PKG-0608,mini_program_qrcode,mini_program_qrcode_api_service.dart,package:cattery_shared/data/services/mini_program_qrcode_api_service.dart,,S,reverse-evidence/package-paths.txt,imported,package path from AOT; source=reverse-evidence/package-paths.txt
PKG-0609,operation,operation_api_service.dart,package:cattery_shared/data/services/operation_api_service.dart,,S,reverse-evidence/package-paths.txt,imported,package path from AOT; source=reverse-evidence/package-paths.txt
PKG-0610,overview,overview_api_service.dart,package:cattery_shared/data/services/overview_api_service.dart,,S,reverse-evidence/package-paths.txt,imported,package path from AOT; source=reverse-evidence/package-paths.txt
PKG-0611,pet_transfer,pet_transfer_api_service.dart,package:cattery_shared/data/services/pet_transfer_api_service.dart,,S,reverse-evidence/package-paths.txt,imported,package path from AOT; source=reverse-evidence/package-paths.txt
PKG-0612,point,point_api_service.dart,package:cattery_shared/data/services/point_api_service.dart,,S,reverse-evidence/package-paths.txt,imported,package path from AOT; source=reverse-evidence/package-paths.txt
PKG-0613,product,product_api_service.dart,package:cattery_shared/data/services/product_api_service.dart,,S,reverse-evidence/package-paths.txt,imported,package path from AOT; source=reverse-evidence/package-paths.txt
PKG-0614,queue,queue_api_service.dart,package:cattery_shared/data/services/queue_api_service.dart,,S,reverse-evidence/package-paths.txt,imported,package path from AOT; source=reverse-evidence/package-paths.txt
PKG-0615,rating_tag,rating_tag_api_service.dart,package:cattery_shared/data/services/rating_tag_api_service.dart,,S,reverse-evidence/package-paths.txt,imported,package path from AOT; source=reverse-evidence/package-paths.txt
PKG-0616,receipt,receipt_api_service.dart,package:cattery_shared/data/services/receipt_api_service.dart,,S,reverse-evidence/package-paths.txt,imported,package path from AOT; source=reverse-evidence/package-paths.txt
PKG-0617,record_interaction,record_interaction_api_service.dart,package:cattery_shared/data/services/record_interaction_api_service.dart,,S,reverse-evidence/package-paths.txt,imported,package path from AOT; source=reverse-evidence/package-paths.txt
PKG-0618,referral,referral_api_service.dart,package:cattery_shared/data/services/referral_api_service.dart,,S,reverse-evidence/package-paths.txt,imported,package path from AOT; source=reverse-evidence/package-paths.txt
PKG-0619,seo,seo_api_service.dart,package:cattery_shared/data/services/seo_api_service.dart,,S,reverse-evidence/package-paths.txt,imported,package path from AOT; source=reverse-evidence/package-paths.txt
PKG-0620,shop,shop_api_service.dart,package:cattery_shared/data/services/shop_api_service.dart,,S,reverse-evidence/package-paths.txt,imported,package path from AOT; source=reverse-evidence/package-paths.txt
PKG-0621,storage,storage_service.dart,package:cattery_shared/data/services/storage_service.dart,,S,reverse-evidence/package-paths.txt,imported,package path from AOT; source=reverse-evidence/package-paths.txt
PKG-0622,stud_service,stud_service_api_service.dart,package:cattery_shared/data/services/stud_service_api_service.dart,,S,reverse-evidence/package-paths.txt,imported,package path from AOT; source=reverse-evidence/package-paths.txt
PKG-0623,tag,tag_api_service.dart,package:cattery_shared/data/services/tag_api_service.dart,,S,reverse-evidence/package-paths.txt,imported,package path from AOT; source=reverse-evidence/package-paths.txt
PKG-0624,template,template_api_service.dart,package:cattery_shared/data/services/template_api_service.dart,,S,reverse-evidence/package-paths.txt,imported,package path from AOT; source=reverse-evidence/package-paths.txt
PKG-0625,theme,theme_api_service.dart,package:cattery_shared/data/services/theme_api_service.dart,,S,reverse-evidence/package-paths.txt,imported,package path from AOT; source=reverse-evidence/package-paths.txt
PKG-0626,todo_event,todo_event_service.dart,package:cattery_shared/data/services/todo_event_service.dart,,S,reverse-evidence/package-paths.txt,imported,package path from AOT; source=reverse-evidence/package-paths.txt
PKG-0627,tool,tool_api_service.dart,package:cattery_shared/data/services/tool_api_service.dart,,S,reverse-evidence/package-paths.txt,imported,package path from AOT; source=reverse-evidence/package-paths.txt
PKG-0628,user,user_api_service.dart,package:cattery_shared/data/services/user_api_service.dart,,S,reverse-evidence/package-paths.txt,imported,package path from AOT; source=reverse-evidence/package-paths.txt
PKG-0629,vector_process_queue.dart,vector_process_queue.dart,package:cattery_shared/data/services/vector_process_queue.dart,,S,reverse-evidence/package-paths.txt,imported,package path from AOT; source=reverse-evidence/package-paths.txt
PKG-0630,version,version_api_service.dart,package:cattery_shared/data/services/version_api_service.dart,,S,reverse-evidence/package-paths.txt,imported,package path from AOT; source=reverse-evidence/package-paths.txt
PKG-0631,weight_alert,weight_alert_api_service.dart,package:cattery_shared/data/services/weight_alert_api_service.dart,,S,reverse-evidence/package-paths.txt,imported,package path from AOT; source=reverse-evidence/package-paths.txt
PKG-0632,weixin,weixin_api_service.dart,package:cattery_shared/data/services/weixin_api_service.dart,,S,reverse-evidence/package-paths.txt,imported,package path from AOT; source=reverse-evidence/package-paths.txt
PKG-0633,wish,wish_api_service.dart,package:cattery_shared/data/services/wish_api_service.dart,,S,reverse-evidence/package-paths.txt,imported,package path from AOT; source=reverse-evidence/package-paths.txt
PKG-0634,agent_message,agent_message.dart,package:cattery_shared/domain/entities/agent_message.dart,,S,reverse-evidence/package-paths.txt,imported,package path from AOT; source=reverse-evidence/package-paths.txt
PKG-0635,app_version,app_version.dart,package:cattery_shared/domain/entities/app_version.dart,,S,reverse-evidence/package-paths.txt,imported,package path from AOT; source=reverse-evidence/package-paths.txt
PKG-0636,article,article.dart,package:cattery_shared/domain/entities/article.dart,,S,reverse-evidence/package-paths.txt,imported,package path from AOT; source=reverse-evidence/package-paths.txt
PKG-0637,article,article.g.dart,package:cattery_shared/domain/entities/article.g.dart,,S,reverse-evidence/package-paths.txt,imported,package path from AOT; source=reverse-evidence/package-paths.txt
PKG-0638,audit_info,audit_info.dart,package:cattery_shared/domain/entities/audit_info.dart,,S,reverse-evidence/package-paths.txt,imported,package path from AOT; source=reverse-evidence/package-paths.txt
PKG-0639,audit_info,audit_info.g.dart,package:cattery_shared/domain/entities/audit_info.g.dart,,S,reverse-evidence/package-paths.txt,imported,package path from AOT; source=reverse-evidence/package-paths.txt
PKG-0640,auto_backup_config,auto_backup_config.dart,package:cattery_shared/domain/entities/auto_backup_config.dart,,S,reverse-evidence/package-paths.txt,imported,package path from AOT; source=reverse-evidence/package-paths.txt
PKG-0641,backup_task,backup_task.dart,package:cattery_shared/domain/entities/backup_task.dart,,S,reverse-evidence/package-paths.txt,imported,package path from AOT; source=reverse-evidence/package-paths.txt
PKG-0642,banner,banner.dart,package:cattery_shared/domain/entities/banner.dart,,S,reverse-evidence/package-paths.txt,imported,package path from AOT; source=reverse-evidence/package-paths.txt
PKG-0643,banner,banner.g.dart,package:cattery_shared/domain/entities/banner.g.dart,,S,reverse-evidence/package-paths.txt,imported,package path from AOT; source=reverse-evidence/package-paths.txt
PKG-0644,batch_config_response,batch_config_response.dart,package:cattery_shared/domain/entities/batch_config_response.dart,,S,reverse-evidence/package-paths.txt,imported,package path from AOT; source=reverse-evidence/package-paths.txt
PKG-0645,batch_config_response,batch_config_response.g.dart,package:cattery_shared/domain/entities/batch_config_response.g.dart,,S,reverse-evidence/package-paths.txt,imported,package path from AOT; source=reverse-evidence/package-paths.txt
PKG-0646,before_after_recipe,before_after_recipe.dart,package:cattery_shared/domain/entities/before_after_recipe.dart,,S,reverse-evidence/package-paths.txt,imported,package path from AOT; source=reverse-evidence/package-paths.txt
PKG-0647,breeding_plan,breeding_plan.dart,package:cattery_shared/domain/entities/breeding_plan.dart,,S,reverse-evidence/package-paths.txt,imported,package path from AOT; source=reverse-evidence/package-paths.txt
PKG-0648,breeding_plan_filter,breeding_plan_filter.dart,package:cattery_shared/domain/entities/breeding_plan_filter.dart,,S,reverse-evidence/package-paths.txt,imported,package path from AOT; source=reverse-evidence/package-paths.txt
PKG-0649,breeding_plan_form,breeding_plan_form.dart,package:cattery_shared/domain/entities/breeding_plan_form.dart,,S,reverse-evidence/package-paths.txt,imported,package path from AOT; source=reverse-evidence/package-paths.txt
PKG-0650,breeding_plan_reminder,breeding_plan_reminder.dart,package:cattery_shared/domain/entities/breeding_plan_reminder.dart,,S,reverse-evidence/package-paths.txt,imported,package path from AOT; source=reverse-evidence/package-paths.txt
PKG-0651,breeding_transaction,breeding_transaction.dart,package:cattery_shared/domain/entities/breeding_transaction.dart,,S,reverse-evidence/package-paths.txt,imported,package path from AOT; source=reverse-evidence/package-paths.txt
PKG-0652,campaign,campaign.dart,package:cattery_shared/domain/entities/campaign.dart,,S,reverse-evidence/package-paths.txt,imported,package path from AOT; source=reverse-evidence/package-paths.txt
PKG-0653,campaign,campaign.g.dart,package:cattery_shared/domain/entities/campaign.g.dart,,S,reverse-evidence/package-paths.txt,imported,package path from AOT; source=reverse-evidence/package-paths.txt
PKG-0654,campaign_material,campaign_material.dart,package:cattery_shared/domain/entities/campaign_material.dart,,S,reverse-evidence/package-paths.txt,imported,package path from AOT; source=reverse-evidence/package-paths.txt
PKG-0655,campaign_material,campaign_material.g.dart,package:cattery_shared/domain/entities/campaign_material.g.dart,,S,reverse-evidence/package-paths.txt,imported,package path from AOT; source=reverse-evidence/package-paths.txt
PKG-0656,cat,cat.dart,package:cattery_shared/domain/entities/cat.dart,,S,reverse-evidence/package-paths.txt,imported,package path from AOT; source=reverse-evidence/package-paths.txt
PKG-0657,cat_sort_item,cat_sort_item.dart,package:cattery_shared/domain/entities/cat_sort_item.dart,,S,reverse-evidence/package-paths.txt,imported,package path from AOT; source=reverse-evidence/package-paths.txt
PKG-0658,cat_sort_item,cat_sort_item.g.dart,package:cattery_shared/domain/entities/cat_sort_item.g.dart,,S,reverse-evidence/package-paths.txt,imported,package path from AOT; source=reverse-evidence/package-paths.txt
PKG-0659,cat_tag,cat_tag.dart,package:cattery_shared/domain/entities/cat_tag.dart,,S,reverse-evidence/package-paths.txt,imported,package path from AOT; source=reverse-evidence/package-paths.txt
PKG-0660,cat_variety,cat_variety.dart,package:cattery_shared/domain/entities/cat_variety.dart,,S,reverse-evidence/package-paths.txt,imported,package path from AOT; source=reverse-evidence/package-paths.txt
PKG-0661,cat_weight,cat_weight.dart,package:cattery_shared/domain/entities/cat_weight.dart,,S,reverse-evidence/package-paths.txt,imported,package path from AOT; source=reverse-evidence/package-paths.txt
PKG-0662,cat_with_weight,cat_with_weight.dart,package:cattery_shared/domain/entities/cat_with_weight.dart,,S,reverse-evidence/package-paths.txt,imported,package path from AOT; source=reverse-evidence/package-paths.txt
PKG-0663,cdn_traffic_info,cdn_traffic_info.dart,package:cattery_shared/domain/entities/cdn_traffic_info.dart,,S,reverse-evidence/package-paths.txt,imported,package path from AOT; source=reverse-evidence/package-paths.txt
PKG-0664,confirm_production_request,confirm_production_request.dart,package:cattery_shared/domain/entities/confirm_production_request.dart,,S,reverse-evidence/package-paths.txt,imported,package path from AOT; source=reverse-evidence/package-paths.txt
PKG-0665,contract_template,contract_template.dart,package:cattery_shared/domain/entities/contract_template.dart,,S,reverse-evidence/package-paths.txt,imported,package path from AOT; source=reverse-evidence/package-paths.txt
PKG-0666,daily_health_status,daily_health_status.dart,package:cattery_shared/domain/entities/daily_health_status.dart,,S,reverse-evidence/package-paths.txt,imported,package path from AOT; source=reverse-evidence/package-paths.txt
PKG-0667,daily_health_status,daily_health_status.g.dart,package:cattery_shared/domain/entities/daily_health_status.g.dart,,S,reverse-evidence/package-paths.txt,imported,package path from AOT; source=reverse-evidence/package-paths.txt
PKG-0668,door_info,door_info.dart,package:cattery_shared/domain/entities/door_info.dart,,S,reverse-evidence/package-paths.txt,imported,package path from AOT; source=reverse-evidence/package-paths.txt
PKG-0669,door_info,door_info.g.dart,package:cattery_shared/domain/entities/door_info.g.dart,,S,reverse-evidence/package-paths.txt,imported,package path from AOT; source=reverse-evidence/package-paths.txt
PKG-0670,estrus_cycle,estrus_cycle.dart,package:cattery_shared/domain/entities/estrus_cycle.dart,,S,reverse-evidence/package-paths.txt,imported,package path from AOT; source=reverse-evidence/package-paths.txt
PKG-0671,event_record,event_record.dart,package:cattery_shared/domain/entities/event_record.dart,,S,reverse-evidence/package-paths.txt,imported,package path from AOT; source=reverse-evidence/package-paths.txt
PKG-0672,event_reminder,event_reminder.dart,package:cattery_shared/domain/entities/event_reminder.dart,,S,reverse-evidence/package-paths.txt,imported,package path from AOT; source=reverse-evidence/package-paths.txt
PKG-0673,event_reminder,event_reminder.g.dart,package:cattery_shared/domain/entities/event_reminder.g.dart,,S,reverse-evidence/package-paths.txt,imported,package path from AOT; source=reverse-evidence/package-paths.txt
PKG-0674,genetic,genetic.dart,package:cattery_shared/domain/entities/genetic.dart,,S,reverse-evidence/package-paths.txt,imported,package path from AOT; source=reverse-evidence/package-paths.txt
PKG-0675,health_records,health_records.dart,package:cattery_shared/domain/entities/health_records.dart,,S,reverse-evidence/package-paths.txt,imported,package path from AOT; source=reverse-evidence/package-paths.txt
PKG-0676,intro_splash_config,intro_splash_config.dart,package:cattery_shared/domain/entities/intro_splash_config.dart,,S,reverse-evidence/package-paths.txt,imported,package path from AOT; source=reverse-evidence/package-paths.txt
PKG-0677,intro_splash_config,intro_splash_config.g.dart,package:cattery_shared/domain/entities/intro_splash_config.g.dart,,S,reverse-evidence/package-paths.txt,imported,package path from AOT; source=reverse-evidence/package-paths.txt
PKG-0678,knife_info,knife_info.dart,package:cattery_shared/domain/entities/knife_info.dart,,S,reverse-evidence/package-paths.txt,imported,package path from AOT; source=reverse-evidence/package-paths.txt
PKG-0679,knife_info,knife_info.g.dart,package:cattery_shared/domain/entities/knife_info.g.dart,,S,reverse-evidence/package-paths.txt,imported,package path from AOT; source=reverse-evidence/package-paths.txt
PKG-0680,link_type,link_type.dart,package:cattery_shared/domain/entities/link_type.dart,,S,reverse-evidence/package-paths.txt,imported,package path from AOT; source=reverse-evidence/package-paths.txt
PKG-0681,mating_log,mating_log.dart,package:cattery_shared/domain/entities/mating_log.dart,,S,reverse-evidence/package-paths.txt,imported,package path from AOT; source=reverse-evidence/package-paths.txt
PKG-0682,member_info,member_info.dart,package:cattery_shared/domain/entities/member_info.dart,,S,reverse-evidence/package-paths.txt,imported,package path from AOT; source=reverse-evidence/package-paths.txt
PKG-0683,member_info,member_info.g.dart,package:cattery_shared/domain/entities/member_info.g.dart,,S,reverse-evidence/package-paths.txt,imported,package path from AOT; source=reverse-evidence/package-paths.txt
PKG-0684,member_level,member_level.dart,package:cattery_shared/domain/entities/member_level.dart,,S,reverse-evidence/package-paths.txt,imported,package path from AOT; source=reverse-evidence/package-paths.txt
PKG-0685,member_level,member_level.g.dart,package:cattery_shared/domain/entities/member_level.g.dart,,S,reverse-evidence/package-paths.txt,imported,package path from AOT; source=reverse-evidence/package-paths.txt
PKG-0686,membership,membership.dart,package:cattery_shared/domain/entities/membership.dart,,S,reverse-evidence/package-paths.txt,imported,package path from AOT; source=reverse-evidence/package-paths.txt
PKG-0687,membership_info,membership_info.dart,package:cattery_shared/domain/entities/membership_info.dart,,S,reverse-evidence/package-paths.txt,imported,package path from AOT; source=reverse-evidence/package-paths.txt
PKG-0688,membership_info,membership_info.g.dart,package:cattery_shared/domain/entities/membership_info.g.dart,,S,reverse-evidence/package-paths.txt,imported,package path from AOT; source=reverse-evidence/package-paths.txt
PKG-0689,merchant_info,merchant_info.dart,package:cattery_shared/domain/entities/merchant_info.dart,,S,reverse-evidence/package-paths.txt,imported,package path from AOT; source=reverse-evidence/package-paths.txt
PKG-0690,mini_program_info,mini_program_info.dart,package:cattery_shared/domain/entities/mini_program_info.dart,,S,reverse-evidence/package-paths.txt,imported,package path from AOT; source=reverse-evidence/package-paths.txt
PKG-0691,mini_program_info,mini_program_info.g.dart,package:cattery_shared/domain/entities/mini_program_info.g.dart,,S,reverse-evidence/package-paths.txt,imported,package path from AOT; source=reverse-evidence/package-paths.txt
PKG-0692,offspring_wall,offspring_wall.dart,package:cattery_shared/domain/entities/offspring_wall.dart,,S,reverse-evidence/package-paths.txt,imported,package path from AOT; source=reverse-evidence/package-paths.txt
PKG-0693,organization,organization.dart,package:cattery_shared/domain/entities/organization.dart,,S,reverse-evidence/package-paths.txt,imported,package path from AOT; source=reverse-evidence/package-paths.txt
PKG-0694,organization,organization.g.dart,package:cattery_shared/domain/entities/organization.g.dart,,S,reverse-evidence/package-paths.txt,imported,package path from AOT; source=reverse-evidence/package-paths.txt
PKG-0695,paginated_breeding_plan_response,paginated_breeding_plan_response.dart,package:cattery_shared/domain/entities/paginated_breeding_plan_response.dart,,S,reverse-evidence/package-paths.txt,imported,package path from AOT; source=reverse-evidence/package-paths.txt
PKG-0696,pedigree_tree,pedigree_tree.dart,package:cattery_shared/domain/entities/pedigree_tree.dart,,S,reverse-evidence/package-paths.txt,imported,package path from AOT; source=reverse-evidence/package-paths.txt
PKG-0697,pedigree_tree,pedigree_tree.g.dart,package:cattery_shared/domain/entities/pedigree_tree.g.dart,,S,reverse-evidence/package-paths.txt,imported,package path from AOT; source=reverse-evidence/package-paths.txt
PKG-0698,product_info,product_info.dart,package:cattery_shared/domain/entities/product_info.dart,,S,reverse-evidence/package-paths.txt,imported,package path from AOT; source=reverse-evidence/package-paths.txt
PKG-0699,product_info,product_info.g.dart,package:cattery_shared/domain/entities/product_info.g.dart,,S,reverse-evidence/package-paths.txt,imported,package path from AOT; source=reverse-evidence/package-paths.txt
PKG-0700,queue_info,queue_info.dart,package:cattery_shared/domain/entities/queue_info.dart,,S,reverse-evidence/package-paths.txt,imported,package path from AOT; source=reverse-evidence/package-paths.txt
PKG-0701,queue_info,queue_info.g.dart,package:cattery_shared/domain/entities/queue_info.g.dart,,S,reverse-evidence/package-paths.txt,imported,package path from AOT; source=reverse-evidence/package-paths.txt
PKG-0702,rating_tag,rating_tag.dart,package:cattery_shared/domain/entities/rating_tag.dart,,S,reverse-evidence/package-paths.txt,imported,package path from AOT; source=reverse-evidence/package-paths.txt
PKG-0703,receipt_template,receipt_template.dart,package:cattery_shared/domain/entities/receipt_template.dart,,S,reverse-evidence/package-paths.txt,imported,package path from AOT; source=reverse-evidence/package-paths.txt
PKG-0704,record_comment,record_comment.dart,package:cattery_shared/domain/entities/record_comment.dart,,S,reverse-evidence/package-paths.txt,imported,package path from AOT; source=reverse-evidence/package-paths.txt
PKG-0705,shop_page,shop_page.dart,package:cattery_shared/domain/entities/shop_page.dart,,S,reverse-evidence/package-paths.txt,imported,package path from AOT; source=reverse-evidence/package-paths.txt
PKG-0706,tag,tag.dart,package:cattery_shared/domain/entities/tag.dart,,S,reverse-evidence/package-paths.txt,imported,package path from AOT; source=reverse-evidence/package-paths.txt
PKG-0707,template_info,template_info.dart,package:cattery_shared/domain/entities/template_info.dart,,S,reverse-evidence/package-paths.txt,imported,package path from AOT; source=reverse-evidence/package-paths.txt
PKG-0708,template_info,template_info.g.dart,package:cattery_shared/domain/entities/template_info.g.dart,,S,reverse-evidence/package-paths.txt,imported,package path from AOT; source=reverse-evidence/package-paths.txt
PKG-0709,theme_info,theme_info.dart,package:cattery_shared/domain/entities/theme_info.dart,,S,reverse-evidence/package-paths.txt,imported,package path from AOT; source=reverse-evidence/package-paths.txt
PKG-0710,theme_info,theme_info.g.dart,package:cattery_shared/domain/entities/theme_info.g.dart,,S,reverse-evidence/package-paths.txt,imported,package path from AOT; source=reverse-evidence/package-paths.txt
PKG-0711,tool_item,tool_item.dart,package:cattery_shared/domain/entities/tool_item.dart,,S,reverse-evidence/package-paths.txt,imported,package path from AOT; source=reverse-evidence/package-paths.txt
PKG-0712,tool_item,tool_item.g.dart,package:cattery_shared/domain/entities/tool_item.g.dart,,S,reverse-evidence/package-paths.txt,imported,package path from AOT; source=reverse-evidence/package-paths.txt
PKG-0713,uploaded_image,uploaded_image.dart,package:cattery_shared/domain/entities/uploaded_image.dart,,S,reverse-evidence/package-paths.txt,imported,package path from AOT; source=reverse-evidence/package-paths.txt
PKG-0714,user,user.dart,package:cattery_shared/domain/entities/user.dart,,S,reverse-evidence/package-paths.txt,imported,package path from AOT; source=reverse-evidence/package-paths.txt
PKG-0715,user_info,user_info.dart,package:cattery_shared/domain/entities/user_info.dart,,S,reverse-evidence/package-paths.txt,imported,package path from AOT; source=reverse-evidence/package-paths.txt
PKG-0716,user_info,user_info.g.dart,package:cattery_shared/domain/entities/user_info.g.dart,,S,reverse-evidence/package-paths.txt,imported,package path from AOT; source=reverse-evidence/package-paths.txt
PKG-0717,version_info,version_info.dart,package:cattery_shared/domain/entities/version_info.dart,,S,reverse-evidence/package-paths.txt,imported,package path from AOT; source=reverse-evidence/package-paths.txt
PKG-0718,version_info,version_info.g.dart,package:cattery_shared/domain/entities/version_info.g.dart,,S,reverse-evidence/package-paths.txt,imported,package path from AOT; source=reverse-evidence/package-paths.txt
PKG-0719,wish_request,wish_request.dart,package:cattery_shared/domain/entities/wish_request.dart,,S,reverse-evidence/package-paths.txt,imported,package path from AOT; source=reverse-evidence/package-paths.txt
PKG-0720,wish_request,wish_request.g.dart,package:cattery_shared/domain/entities/wish_request.g.dart,,S,reverse-evidence/package-paths.txt,imported,package path from AOT; source=reverse-evidence/package-paths.txt
PKG-0721,cattery_shared,accounting_models.dart,package:cattery_shared/domain/models/accounting_models.dart,,S,reverse-evidence/package-paths.txt,imported,package path from AOT; source=reverse-evidence/package-paths.txt
PKG-0722,cattery_shared,accounting_models.g.dart,package:cattery_shared/domain/models/accounting_models.g.dart,,S,reverse-evidence/package-paths.txt,imported,package path from AOT; source=reverse-evidence/package-paths.txt
PKG-0723,cattery_shared,breeding_check_models.dart,package:cattery_shared/domain/models/breeding_check_models.dart,,S,reverse-evidence/package-paths.txt,imported,package path from AOT; source=reverse-evidence/package-paths.txt
PKG-0724,cattery_shared,calendar_models.dart,package:cattery_shared/domain/models/calendar_models.dart,,S,reverse-evidence/package-paths.txt,imported,package path from AOT; source=reverse-evidence/package-paths.txt
PKG-0725,cattery_shared,calendar_models.g.dart,package:cattery_shared/domain/models/calendar_models.g.dart,,S,reverse-evidence/package-paths.txt,imported,package path from AOT; source=reverse-evidence/package-paths.txt
PKG-0726,cattery_shared,cat_filter_models.dart,package:cattery_shared/domain/models/cat_filter_models.dart,,S,reverse-evidence/package-paths.txt,imported,package path from AOT; source=reverse-evidence/package-paths.txt
PKG-0727,cattery_shared,overview_models.dart,package:cattery_shared/domain/models/overview_models.dart,,S,reverse-evidence/package-paths.txt,imported,package path from AOT; source=reverse-evidence/package-paths.txt
PKG-0728,cattery_shared,overview_models.g.dart,package:cattery_shared/domain/models/overview_models.g.dart,,S,reverse-evidence/package-paths.txt,imported,package path from AOT; source=reverse-evidence/package-paths.txt
PKG-0729,cattery_shared,overview_module_config.dart,package:cattery_shared/domain/models/overview_module_config.dart,,S,reverse-evidence/package-paths.txt,imported,package path from AOT; source=reverse-evidence/package-paths.txt
PKG-0730,cattery_shared,auth_repository.dart,package:cattery_shared/domain/repositories/auth_repository.dart,,S,reverse-evidence/package-paths.txt,imported,package path from AOT; source=reverse-evidence/package-paths.txt
PKG-0731,cattery_shared,backup_repository.dart,package:cattery_shared/domain/repositories/backup_repository.dart,,S,reverse-evidence/package-paths.txt,imported,package path from AOT; source=reverse-evidence/package-paths.txt
PKG-0732,cattery_shared,cat_repository.dart,package:cattery_shared/domain/repositories/cat_repository.dart,,S,reverse-evidence/package-paths.txt,imported,package path from AOT; source=reverse-evidence/package-paths.txt
PKG-0733,cattery_shared,door_repository.dart,package:cattery_shared/domain/repositories/door_repository.dart,,S,reverse-evidence/package-paths.txt,imported,package path from AOT; source=reverse-evidence/package-paths.txt
PKG-0734,cattery_shared,estrus_repository.dart,package:cattery_shared/domain/repositories/estrus_repository.dart,,S,reverse-evidence/package-paths.txt,imported,package path from AOT; source=reverse-evidence/package-paths.txt
PKG-0735,cattery_shared,knife_repository.dart,package:cattery_shared/domain/repositories/knife_repository.dart,,S,reverse-evidence/package-paths.txt,imported,package path from AOT; source=reverse-evidence/package-paths.txt
PKG-0736,cattery_shared,merchant_repository.dart,package:cattery_shared/domain/repositories/merchant_repository.dart,,S,reverse-evidence/package-paths.txt,imported,package path from AOT; source=reverse-evidence/package-paths.txt
PKG-0737,cattery_shared,overview_repository.dart,package:cattery_shared/domain/repositories/overview_repository.dart,,S,reverse-evidence/package-paths.txt,imported,package path from AOT; source=reverse-evidence/package-paths.txt
PKG-0738,cattery_shared,queue_repository.dart,package:cattery_shared/domain/repositories/queue_repository.dart,,S,reverse-evidence/package-paths.txt,imported,package path from AOT; source=reverse-evidence/package-paths.txt
PKG-0739,cattery_shared,receipt_repository.dart,package:cattery_shared/domain/repositories/receipt_repository.dart,,S,reverse-evidence/package-paths.txt,imported,package path from AOT; source=reverse-evidence/package-paths.txt
PKG-0740,cattery_shared,user_repository.dart,package:cattery_shared/domain/repositories/user_repository.dart,,S,reverse-evidence/package-paths.txt,imported,package path from AOT; source=reverse-evidence/package-paths.txt
PKG-0741,cattery_shared,estrus_service.dart,package:cattery_shared/domain/services/estrus_service.dart,,S,reverse-evidence/package-paths.txt,imported,package path from AOT; source=reverse-evidence/package-paths.txt
PKG-0742,cattery_shared,exporter.dart,package:cattery_shared/domain/services/exporter.dart,,S,reverse-evidence/package-paths.txt,imported,package path from AOT; source=reverse-evidence/package-paths.txt
PKG-0743,cattery_shared,home_module_registry.dart,package:cattery_shared/domain/services/home_module_registry.dart,,S,reverse-evidence/package-paths.txt,imported,package path from AOT; source=reverse-evidence/package-paths.txt
PKG-0744,cattery_shared,membership_permission_service.dart,package:cattery_shared/domain/services/membership_permission_service.dart,,S,reverse-evidence/package-paths.txt,imported,package path from AOT; source=reverse-evidence/package-paths.txt
PKG-0745,cattery_shared,merchant_service.dart,package:cattery_shared/domain/services/merchant_service.dart,,S,reverse-evidence/package-paths.txt,imported,package path from AOT; source=reverse-evidence/package-paths.txt
PKG-0746,cattery_shared,overview_module_config_service.dart,package:cattery_shared/domain/services/overview_module_config_service.dart,,S,reverse-evidence/package-paths.txt,imported,package path from AOT; source=reverse-evidence/package-paths.txt
PKG-0747,cattery_shared,role_permission_service.dart,package:cattery_shared/domain/services/role_permission_service.dart,,S,reverse-evidence/package-paths.txt,imported,package path from AOT; source=reverse-evidence/package-paths.txt
PKG-0748,cattery_shared,get_current_user_usecase.dart,package:cattery_shared/domain/usecases/auth/get_current_user_usecase.dart,,S,reverse-evidence/package-paths.txt,imported,package path from AOT; source=reverse-evidence/package-paths.txt
PKG-0749,cattery_shared,login_usecase.dart,package:cattery_shared/domain/usecases/auth/login_usecase.dart,,S,reverse-evidence/package-paths.txt,imported,package path from AOT; source=reverse-evidence/package-paths.txt
PKG-0750,cattery_shared,logout_usecase.dart,package:cattery_shared/domain/usecases/auth/logout_usecase.dart,,S,reverse-evidence/package-paths.txt,imported,package path from AOT; source=reverse-evidence/package-paths.txt
PKG-0751,cattery_shared,send_sms_code_usecase.dart,package:cattery_shared/domain/usecases/auth/send_sms_code_usecase.dart,,S,reverse-evidence/package-paths.txt,imported,package path from AOT; source=reverse-evidence/package-paths.txt
PKG-0752,cattery_shared,cat_usecase_manager.dart,package:cattery_shared/domain/usecases/cat_usecase_manager.dart,,S,reverse-evidence/package-paths.txt,imported,package path from AOT; source=reverse-evidence/package-paths.txt
PKG-0753,cattery_shared,cat_usecases.dart,package:cattery_shared/domain/usecases/cat_usecases.dart,,S,reverse-evidence/package-paths.txt,imported,package path from AOT; source=reverse-evidence/package-paths.txt
PKG-0754,cattery_shared,app_localizations.dart,package:cattery_shared/l10n/app_localizations.dart,,S,reverse-evidence/package-paths.txt,imported,package path from AOT; source=reverse-evidence/package-paths.txt
PKG-0755,cattery_shared,app_localizations_en.dart,package:cattery_shared/l10n/app_localizations_en.dart,,S,reverse-evidence/package-paths.txt,imported,package path from AOT; source=reverse-evidence/package-paths.txt
PKG-0756,cattery_shared,app_localizations_zh.dart,package:cattery_shared/l10n/app_localizations_zh.dart,,S,reverse-evidence/package-paths.txt,imported,package path from AOT; source=reverse-evidence/package-paths.txt
PKG-0757,characters,characters.dart,package:characters/src/characters.dart,,S,reverse-evidence/package-paths.txt,imported,package path from AOT; source=reverse-evidence/package-paths.txt
PKG-0758,characters,characters_impl.dart,package:characters/src/characters_impl.dart,,S,reverse-evidence/package-paths.txt,imported,package path from AOT; source=reverse-evidence/package-paths.txt
PKG-0759,characters,extensions.dart,package:characters/src/extensions.dart,,S,reverse-evidence/package-paths.txt,imported,package path from AOT; source=reverse-evidence/package-paths.txt
PKG-0760,characters,breaks.dart,package:characters/src/grapheme_clusters/breaks.dart,,S,reverse-evidence/package-paths.txt,imported,package path from AOT; source=reverse-evidence/package-paths.txt
PKG-0761,chewie,animated_play_pause.dart,package:chewie/src/animated_play_pause.dart,,S,reverse-evidence/package-paths.txt,imported,package path from AOT; source=reverse-evidence/package-paths.txt
PKG-0762,chewie,center_play_button.dart,package:chewie/src/center_play_button.dart,,S,reverse-evidence/package-paths.txt,imported,package path from AOT; source=reverse-evidence/package-paths.txt
PKG-0763,chewie,center_seek_button.dart,package:chewie/src/center_seek_button.dart,,S,reverse-evidence/package-paths.txt,imported,package path from AOT; source=reverse-evidence/package-paths.txt
PKG-0764,chewie,chewie_player.dart,package:chewie/src/chewie_player.dart,,S,reverse-evidence/package-paths.txt,imported,package path from AOT; source=reverse-evidence/package-paths.txt
PKG-0765,chewie,chewie_progress_colors.dart,package:chewie/src/chewie_progress_colors.dart,,S,reverse-evidence/package-paths.txt,imported,package path from AOT; source=reverse-evidence/package-paths.txt
PKG-0766,chewie,cupertino_controls.dart,package:chewie/src/cupertino/cupertino_controls.dart,,S,reverse-evidence/package-paths.txt,imported,package path from AOT; source=reverse-evidence/package-paths.txt
PKG-0767,chewie,cupertino_progress_bar.dart,package:chewie/src/cupertino/cupertino_progress_bar.dart,,S,reverse-evidence/package-paths.txt,imported,package path from AOT; source=reverse-evidence/package-paths.txt
PKG-0768,chewie,adaptive_controls.dart,package:chewie/src/helpers/adaptive_controls.dart,,S,reverse-evidence/package-paths.txt,imported,package path from AOT; source=reverse-evidence/package-paths.txt
PKG-0769,chewie,utils.dart,package:chewie/src/helpers/utils.dart,,S,reverse-evidence/package-paths.txt,imported,package path from AOT; source=reverse-evidence/package-paths.txt
PKG-0770,chewie,material_controls.dart,package:chewie/src/material/material_controls.dart,,S,reverse-evidence/package-paths.txt,imported,package path from AOT; source=reverse-evidence/package-paths.txt
PKG-0771,chewie,material_desktop_controls.dart,package:chewie/src/material/material_desktop_controls.dart,,S,reverse-evidence/package-paths.txt,imported,package path from AOT; source=reverse-evidence/package-paths.txt
PKG-0772,chewie,material_progress_bar.dart,package:chewie/src/material/material_progress_bar.dart,,S,reverse-evidence/package-paths.txt,imported,package path from AOT; source=reverse-evidence/package-paths.txt
PKG-0773,chewie,options_dialog.dart,package:chewie/src/material/widgets/options_dialog.dart,,S,reverse-evidence/package-paths.txt,imported,package path from AOT; source=reverse-evidence/package-paths.txt
PKG-0774,chewie,playback_speed_dialog.dart,package:chewie/src/material/widgets/playback_speed_dialog.dart,,S,reverse-evidence/package-paths.txt,imported,package path from AOT; source=reverse-evidence/package-paths.txt
PKG-0775,chewie,option_item.dart,package:chewie/src/models/option_item.dart,,S,reverse-evidence/package-paths.txt,imported,package path from AOT; source=reverse-evidence/package-paths.txt
PKG-0776,chewie,player_notifier.dart,package:chewie/src/notifiers/player_notifier.dart,,S,reverse-evidence/package-paths.txt,imported,package path from AOT; source=reverse-evidence/package-paths.txt
PKG-0777,chewie,player_with_controls.dart,package:chewie/src/player_with_controls.dart,,S,reverse-evidence/package-paths.txt,imported,package path from AOT; source=reverse-evidence/package-paths.txt
PKG-0778,chewie,progress_bar.dart,package:chewie/src/progress_bar.dart,,S,reverse-evidence/package-paths.txt,imported,package path from AOT; source=reverse-evidence/package-paths.txt
PKG-0779,clock,clock.dart,package:clock/clock.dart,,S,reverse-evidence/package-paths.txt,imported,package path from AOT; source=reverse-evidence/package-paths.txt
PKG-0780,clock,clock.dart,package:clock/src/clock.dart,,S,reverse-evidence/package-paths.txt,imported,package path from AOT; source=reverse-evidence/package-paths.txt
PKG-0781,clock,default.dart,package:clock/src/default.dart,,S,reverse-evidence/package-paths.txt,imported,package path from AOT; source=reverse-evidence/package-paths.txt
PKG-0782,collection,boollist.dart,package:collection/src/boollist.dart,,S,reverse-evidence/package-paths.txt,imported,package path from AOT; source=reverse-evidence/package-paths.txt
PKG-0783,collection,canonicalized_map.dart,package:collection/src/canonicalized_map.dart,,S,reverse-evidence/package-paths.txt,imported,package path from AOT; source=reverse-evidence/package-paths.txt
PKG-0784,collection,equality.dart,package:collection/src/equality.dart,,S,reverse-evidence/package-paths.txt,imported,package path from AOT; source=reverse-evidence/package-paths.txt
PKG-0785,collection,functions.dart,package:collection/src/functions.dart,,S,reverse-evidence/package-paths.txt,imported,package path from AOT; source=reverse-evidence/package-paths.txt
PKG-0786,collection,iterable_extensions.dart,package:collection/src/iterable_extensions.dart,,S,reverse-evidence/package-paths.txt,imported,package path from AOT; source=reverse-evidence/package-paths.txt
PKG-0787,collection,priority_queue.dart,package:collection/src/priority_queue.dart,,S,reverse-evidence/package-paths.txt,imported,package path from AOT; source=reverse-evidence/package-paths.txt
PKG-0788,cross_file,base.dart,package:cross_file/src/types/base.dart,,S,reverse-evidence/package-paths.txt,imported,package path from AOT; source=reverse-evidence/package-paths.txt
PKG-0789,cross_file,io.dart,package:cross_file/src/types/io.dart,,S,reverse-evidence/package-paths.txt,imported,package path from AOT; source=reverse-evidence/package-paths.txt
PKG-0790,crypto,digest.dart,package:crypto/src/digest.dart,,S,reverse-evidence/package-paths.txt,imported,package path from AOT; source=reverse-evidence/package-paths.txt
PKG-0791,crypto,digest_sink.dart,package:crypto/src/digest_sink.dart,,S,reverse-evidence/package-paths.txt,imported,package path from AOT; source=reverse-evidence/package-paths.txt
PKG-0792,crypto,hash.dart,package:crypto/src/hash.dart,,S,reverse-evidence/package-paths.txt,imported,package path from AOT; source=reverse-evidence/package-paths.txt
PKG-0793,crypto,hash_sink.dart,package:crypto/src/hash_sink.dart,,S,reverse-evidence/package-paths.txt,imported,package path from AOT; source=reverse-evidence/package-paths.txt
PKG-0794,crypto,hmac.dart,package:crypto/src/hmac.dart,,S,reverse-evidence/package-paths.txt,imported,package path from AOT; source=reverse-evidence/package-paths.txt
PKG-0795,crypto,sha1.dart,package:crypto/src/sha1.dart,,S,reverse-evidence/package-paths.txt,imported,package path from AOT; source=reverse-evidence/package-paths.txt
PKG-0796,crypto,sha256.dart,package:crypto/src/sha256.dart,,S,reverse-evidence/package-paths.txt,imported,package path from AOT; source=reverse-evidence/package-paths.txt
PKG-0797,device_info_plus,device_info_plus.dart,package:device_info_plus/device_info_plus.dart,,S,reverse-evidence/package-paths.txt,imported,package path from AOT; source=reverse-evidence/package-paths.txt
PKG-0798,device_info_plus,ios_device_info.dart,package:device_info_plus/src/model/ios_device_info.dart,,S,reverse-evidence/package-paths.txt,imported,package path from AOT; source=reverse-evidence/package-paths.txt
PKG-0799,device_info_plus_platform_interface,device_info_plus_platform_interface.dart,package:device_info_plus_platform_interface/device_info_plus_platform_interface.dart,,S,reverse-evidence/package-paths.txt,imported,package path from AOT; source=reverse-evidence/package-paths.txt
PKG-0800,device_info_plus_platform_interface,method_channel_device_info.dart,package:device_info_plus_platform_interface/method_channel/method_channel_device_info.dart,,S,reverse-evidence/package-paths.txt,imported,package path from AOT; source=reverse-evidence/package-paths.txt
PKG-0801,device_info_plus_platform_interface,base_device_info.dart,package:device_info_plus_platform_interface/model/base_device_info.dart,,S,reverse-evidence/package-paths.txt,imported,package path from AOT; source=reverse-evidence/package-paths.txt
PKG-0802,dio,adapter.dart,package:dio/src/adapter.dart,,S,reverse-evidence/package-paths.txt,imported,package path from AOT; source=reverse-evidence/package-paths.txt
PKG-0803,dio,io_adapter.dart,package:dio/src/adapters/io_adapter.dart,,S,reverse-evidence/package-paths.txt,imported,package path from AOT; source=reverse-evidence/package-paths.txt
PKG-0804,dio,cancel_token.dart,package:dio/src/cancel_token.dart,,S,reverse-evidence/package-paths.txt,imported,package path from AOT; source=reverse-evidence/package-paths.txt
PKG-0805,dio,compute_io.dart,package:dio/src/compute/compute_io.dart,,S,reverse-evidence/package-paths.txt,imported,package path from AOT; source=reverse-evidence/package-paths.txt
PKG-0806,dio,dio.dart,package:dio/src/dio.dart,,S,reverse-evidence/package-paths.txt,imported,package path from AOT; source=reverse-evidence/package-paths.txt
PKG-0807,dio,dio_for_native.dart,package:dio/src/dio/dio_for_native.dart,,S,reverse-evidence/package-paths.txt,imported,package path from AOT; source=reverse-evidence/package-paths.txt
PKG-0808,dio,dio_exception.dart,package:dio/src/dio_exception.dart,,S,reverse-evidence/package-paths.txt,imported,package path from AOT; source=reverse-evidence/package-paths.txt
PKG-0809,dio,dio_mixin.dart,package:dio/src/dio_mixin.dart,,S,reverse-evidence/package-paths.txt,imported,package path from AOT; source=reverse-evidence/package-paths.txt
PKG-0810,dio,headers.dart,package:dio/src/headers.dart,,S,reverse-evidence/package-paths.txt,imported,package path from AOT; source=reverse-evidence/package-paths.txt
PKG-0811,dio,interceptor.dart,package:dio/src/interceptor.dart,,S,reverse-evidence/package-paths.txt,imported,package path from AOT; source=reverse-evidence/package-paths.txt
PKG-0812,dio,imply_content_type.dart,package:dio/src/interceptors/imply_content_type.dart,,S,reverse-evidence/package-paths.txt,imported,package path from AOT; source=reverse-evidence/package-paths.txt
PKG-0813,dio,options.dart,package:dio/src/options.dart,,S,reverse-evidence/package-paths.txt,imported,package path from AOT; source=reverse-evidence/package-paths.txt
PKG-0814,dio,io_progress_stream.dart,package:dio/src/progress_stream/io_progress_stream.dart,,S,reverse-evidence/package-paths.txt,imported,package path from AOT; source=reverse-evidence/package-paths.txt
PKG-0815,dio,redirect_record.dart,package:dio/src/redirect_record.dart,,S,reverse-evidence/package-paths.txt,imported,package path from AOT; source=reverse-evidence/package-paths.txt
PKG-0816,dio,response.dart,package:dio/src/response.dart,,S,reverse-evidence/package-paths.txt,imported,package path from AOT; source=reverse-evidence/package-paths.txt
PKG-0817,dio,response_stream_handler.dart,package:dio/src/response/response_stream_handler.dart,,S,reverse-evidence/package-paths.txt,imported,package path from AOT; source=reverse-evidence/package-paths.txt
PKG-0818,dio,transformer.dart,package:dio/src/transformer.dart,,S,reverse-evidence/package-paths.txt,imported,package path from AOT; source=reverse-evidence/package-paths.txt
PKG-0819,dio,fused_transformer.dart,package:dio/src/transformers/fused_transformer.dart,,S,reverse-evidence/package-paths.txt,imported,package path from AOT; source=reverse-evidence/package-paths.txt
PKG-0820,dio,consolidate_bytes.dart,package:dio/src/transformers/util/consolidate_bytes.dart,,S,reverse-evidence/package-paths.txt,imported,package path from AOT; source=reverse-evidence/package-paths.txt
PKG-0821,dio,transform_empty_to_null.dart,package:dio/src/transformers/util/transform_empty_to_null.dart,,S,reverse-evidence/package-paths.txt,imported,package path from AOT; source=reverse-evidence/package-paths.txt
PKG-0822,dio,utils.dart,package:dio/src/utils.dart,,S,reverse-evidence/package-paths.txt,imported,package path from AOT; source=reverse-evidence/package-paths.txt
PKG-0823,equatable,equatable_mixin.dart,package:equatable/src/equatable_mixin.dart,,S,reverse-evidence/package-paths.txt,imported,package path from AOT; source=reverse-evidence/package-paths.txt
PKG-0824,equatable,equatable_utils.dart,package:equatable/src/equatable_utils.dart,,S,reverse-evidence/package-paths.txt,imported,package path from AOT; source=reverse-evidence/package-paths.txt
PKG-0825,ffi,allocation.dart,package:ffi/src/allocation.dart,,S,reverse-evidence/package-paths.txt,imported,package path from AOT; source=reverse-evidence/package-paths.txt
PKG-0826,ffi,utf16.dart,package:ffi/src/utf16.dart,,S,reverse-evidence/package-paths.txt,imported,package path from AOT; source=reverse-evidence/package-paths.txt
PKG-0827,ffi,utf8.dart,package:ffi/src/utf8.dart,,S,reverse-evidence/package-paths.txt,imported,package path from AOT; source=reverse-evidence/package-paths.txt
PKG-0828,file,local_directory.dart,package:file/src/backends/local/local_directory.dart,,S,reverse-evidence/package-paths.txt,imported,package path from AOT; source=reverse-evidence/package-paths.txt
PKG-0829,file,local_file.dart,package:file/src/backends/local/local_file.dart,,S,reverse-evidence/package-paths.txt,imported,package path from AOT; source=reverse-evidence/package-paths.txt
PKG-0830,file,local_file_system.dart,package:file/src/backends/local/local_file_system.dart,,S,reverse-evidence/package-paths.txt,imported,package path from AOT; source=reverse-evidence/package-paths.txt
PKG-0831,file,local_file_system_entity.dart,package:file/src/backends/local/local_file_system_entity.dart,,S,reverse-evidence/package-paths.txt,imported,package path from AOT; source=reverse-evidence/package-paths.txt
PKG-0832,file,local_link.dart,package:file/src/backends/local/local_link.dart,,S,reverse-evidence/package-paths.txt,imported,package path from AOT; source=reverse-evidence/package-paths.txt
PKG-0833,file,common.dart,package:file/src/common.dart,,S,reverse-evidence/package-paths.txt,imported,package path from AOT; source=reverse-evidence/package-paths.txt
PKG-0834,file,forwarding_directory.dart,package:file/src/forwarding/forwarding_directory.dart,,S,reverse-evidence/package-paths.txt,imported,package path from AOT; source=reverse-evidence/package-paths.txt
PKG-0835,file,forwarding_file.dart,package:file/src/forwarding/forwarding_file.dart,,S,reverse-evidence/package-paths.txt,imported,package path from AOT; source=reverse-evidence/package-paths.txt
PKG-0836,file,forwarding_file_system_entity.dart,package:file/src/forwarding/forwarding_file_system_entity.dart,,S,reverse-evidence/package-paths.txt,imported,package path from AOT; source=reverse-evidence/package-paths.txt
PKG-0837,file,forwarding_link.dart,package:file/src/forwarding/forwarding_link.dart,,S,reverse-evidence/package-paths.txt,imported,package path from AOT; source=reverse-evidence/package-paths.txt
PKG-0838,file,directory.dart,package:file/src/interface/directory.dart,,S,reverse-evidence/package-paths.txt,imported,package path from AOT; source=reverse-evidence/package-paths.txt
PKG-0839,file,file.dart,package:file/src/interface/file.dart,,S,reverse-evidence/package-paths.txt,imported,package path from AOT; source=reverse-evidence/package-paths.txt
PKG-0840,file,file_system.dart,package:file/src/interface/file_system.dart,,S,reverse-evidence/package-paths.txt,imported,package path from AOT; source=reverse-evidence/package-paths.txt
PKG-0841,file,file_system_entity.dart,package:file/src/interface/file_system_entity.dart,,S,reverse-evidence/package-paths.txt,imported,package path from AOT; source=reverse-evidence/package-paths.txt
PKG-0842,file,link.dart,package:file/src/interface/link.dart,,S,reverse-evidence/package-paths.txt,imported,package path from AOT; source=reverse-evidence/package-paths.txt
PKG-0843,file_picker,file_picker.dart,package:file_picker/src/file_picker.dart,,S,reverse-evidence/package-paths.txt,imported,package path from AOT; source=reverse-evidence/package-paths.txt
PKG-0844,file_picker,file_picker_io.dart,package:file_picker/src/file_picker_io.dart,,S,reverse-evidence/package-paths.txt,imported,package path from AOT; source=reverse-evidence/package-paths.txt
PKG-0845,file_picker,file_picker_result.dart,package:file_picker/src/file_picker_result.dart,,S,reverse-evidence/package-paths.txt,imported,package path from AOT; source=reverse-evidence/package-paths.txt
PKG-0846,file_picker,platform_file.dart,package:file_picker/src/platform_file.dart,,S,reverse-evidence/package-paths.txt,imported,package path from AOT; source=reverse-evidence/package-paths.txt
PKG-0847,fl_chart,bar_chart.dart,package:fl_chart/src/chart/bar_chart/bar_chart.dart,,S,reverse-evidence/package-paths.txt,imported,package path from AOT; source=reverse-evidence/package-paths.txt
PKG-0848,fl_chart,bar_chart_data.dart,package:fl_chart/src/chart/bar_chart/bar_chart_data.dart,,S,reverse-evidence/package-paths.txt,imported,package path from AOT; source=reverse-evidence/package-paths.txt
PKG-0849,fl_chart,bar_chart_helper.dart,package:fl_chart/src/chart/bar_chart/bar_chart_helper.dart,,S,reverse-evidence/package-paths.txt,imported,package path from AOT; source=reverse-evidence/package-paths.txt
PKG-0850,fl_chart,bar_chart_painter.dart,package:fl_chart/src/chart/bar_chart/bar_chart_painter.dart,,S,reverse-evidence/package-paths.txt,imported,package path from AOT; source=reverse-evidence/package-paths.txt
PKG-0851,fl_chart,bar_chart_renderer.dart,package:fl_chart/src/chart/bar_chart/bar_chart_renderer.dart,,S,reverse-evidence/package-paths.txt,imported,package path from AOT; source=reverse-evidence/package-paths.txt
PKG-0852,fl_chart,axis_chart_data.dart,package:fl_chart/src/chart/base/axis_chart/axis_chart_data.dart,,S,reverse-evidence/package-paths.txt,imported,package path from AOT; source=reverse-evidence/package-paths.txt
PKG-0853,fl_chart,axis_chart_extensions.dart,package:fl_chart/src/chart/base/axis_chart/axis_chart_extensions.dart,,S,reverse-evidence/package-paths.txt,imported,package path from AOT; source=reverse-evidence/package-paths.txt
PKG-0854,fl_chart,axis_chart_helper.dart,package:fl_chart/src/chart/base/axis_chart/axis_chart_helper.dart,,S,reverse-evidence/package-paths.txt,imported,package path from AOT; source=reverse-evidence/package-paths.txt
PKG-0855,fl_chart,axis_chart_painter.dart,package:fl_chart/src/chart/base/axis_chart/axis_chart_painter.dart,,S,reverse-evidence/package-paths.txt,imported,package path from AOT; source=reverse-evidence/package-paths.txt
PKG-0856,fl_chart,axis_chart_scaffold_widget.dart,package:fl_chart/src/chart/base/axis_chart/axis_chart_scaffold_widget.dart,,S,reverse-evidence/package-paths.txt,imported,package path from AOT; source=reverse-evidence/package-paths.txt
PKG-0857,fl_chart,axis_chart_widgets.dart,package:fl_chart/src/chart/base/axis_chart/axis_chart_widgets.dart,,S,reverse-evidence/package-paths.txt,imported,package path from AOT; source=reverse-evidence/package-paths.txt
PKG-0858,fl_chart,side_titles_flex.dart,package:fl_chart/src/chart/base/axis_chart/side_titles/side_titles_flex.dart,,S,reverse-evidence/package-paths.txt,imported,package path from AOT; source=reverse-evidence/package-paths.txt
PKG-0859,fl_chart,side_titles_widget.dart,package:fl_chart/src/chart/base/axis_chart/side_titles/side_titles_widget.dart,,S,reverse-evidence/package-paths.txt,imported,package path from AOT; source=reverse-evidence/package-paths.txt
PKG-0860,fl_chart,base_chart_data.dart,package:fl_chart/src/chart/base/base_chart/base_chart_data.dart,,S,reverse-evidence/package-paths.txt,imported,package path from AOT; source=reverse-evidence/package-paths.txt
PKG-0861,fl_chart,base_chart_painter.dart,package:fl_chart/src/chart/base/base_chart/base_chart_painter.dart,,S,reverse-evidence/package-paths.txt,imported,package path from AOT; source=reverse-evidence/package-paths.txt
PKG-0862,fl_chart,fl_touch_event.dart,package:fl_chart/src/chart/base/base_chart/fl_touch_event.dart,,S,reverse-evidence/package-paths.txt,imported,package path from AOT; source=reverse-evidence/package-paths.txt
PKG-0863,fl_chart,render_base_chart.dart,package:fl_chart/src/chart/base/base_chart/render_base_chart.dart,,S,reverse-evidence/package-paths.txt,imported,package path from AOT; source=reverse-evidence/package-paths.txt
PKG-0864,fl_chart,line.dart,package:fl_chart/src/chart/base/line.dart,,S,reverse-evidence/package-paths.txt,imported,package path from AOT; source=reverse-evidence/package-paths.txt
PKG-0865,fl_chart,line_chart.dart,package:fl_chart/src/chart/line_chart/line_chart.dart,,S,reverse-evidence/package-paths.txt,imported,package path from AOT; source=reverse-evidence/package-paths.txt
PKG-0866,fl_chart,line_chart_data.dart,package:fl_chart/src/chart/line_chart/line_chart_data.dart,,S,reverse-evidence/package-paths.txt,imported,package path from AOT; source=reverse-evidence/package-paths.txt
PKG-0867,fl_chart,line_chart_helper.dart,package:fl_chart/src/chart/line_chart/line_chart_helper.dart,,S,reverse-evidence/package-paths.txt,imported,package path from AOT; source=reverse-evidence/package-paths.txt
PKG-0868,fl_chart,line_chart_painter.dart,package:fl_chart/src/chart/line_chart/line_chart_painter.dart,,S,reverse-evidence/package-paths.txt,imported,package path from AOT; source=reverse-evidence/package-paths.txt
PKG-0869,fl_chart,line_chart_renderer.dart,package:fl_chart/src/chart/line_chart/line_chart_renderer.dart,,S,reverse-evidence/package-paths.txt,imported,package path from AOT; source=reverse-evidence/package-paths.txt
PKG-0870,fl_chart,pie_chart.dart,package:fl_chart/src/chart/pie_chart/pie_chart.dart,,S,reverse-evidence/package-paths.txt,imported,package path from AOT; source=reverse-evidence/package-paths.txt
PKG-0871,fl_chart,pie_chart_data.dart,package:fl_chart/src/chart/pie_chart/pie_chart_data.dart,,S,reverse-evidence/package-paths.txt,imported,package path from AOT; source=reverse-evidence/package-paths.txt
PKG-0872,fl_chart,pie_chart_helper.dart,package:fl_chart/src/chart/pie_chart/pie_chart_helper.dart,,S,reverse-evidence/package-paths.txt,imported,package path from AOT; source=reverse-evidence/package-paths.txt
PKG-0873,fl_chart,pie_chart_painter.dart,package:fl_chart/src/chart/pie_chart/pie_chart_painter.dart,,S,reverse-evidence/package-paths.txt,imported,package path from AOT; source=reverse-evidence/package-paths.txt
PKG-0874,fl_chart,pie_chart_renderer.dart,package:fl_chart/src/chart/pie_chart/pie_chart_renderer.dart,,S,reverse-evidence/package-paths.txt,imported,package path from AOT; source=reverse-evidence/package-paths.txt
PKG-0875,fl_chart,radar_chart.dart,package:fl_chart/src/chart/radar_chart/radar_chart.dart,,S,reverse-evidence/package-paths.txt,imported,package path from AOT; source=reverse-evidence/package-paths.txt
PKG-0876,fl_chart,radar_chart_data.dart,package:fl_chart/src/chart/radar_chart/radar_chart_data.dart,,S,reverse-evidence/package-paths.txt,imported,package path from AOT; source=reverse-evidence/package-paths.txt
PKG-0877,fl_chart,radar_chart_painter.dart,package:fl_chart/src/chart/radar_chart/radar_chart_painter.dart,,S,reverse-evidence/package-paths.txt,imported,package path from AOT; source=reverse-evidence/package-paths.txt
PKG-0878,fl_chart,radar_chart_renderer.dart,package:fl_chart/src/chart/radar_chart/radar_chart_renderer.dart,,S,reverse-evidence/package-paths.txt,imported,package path from AOT; source=reverse-evidence/package-paths.txt
PKG-0879,fl_chart,bar_chart_data_extension.dart,package:fl_chart/src/extensions/bar_chart_data_extension.dart,,S,reverse-evidence/package-paths.txt,imported,package path from AOT; source=reverse-evidence/package-paths.txt
PKG-0880,fl_chart,color_extension.dart,package:fl_chart/src/extensions/color_extension.dart,,S,reverse-evidence/package-paths.txt,imported,package path from AOT; source=reverse-evidence/package-paths.txt
PKG-0881,fl_chart,edge_insets_extension.dart,package:fl_chart/src/extensions/edge_insets_extension.dart,,S,reverse-evidence/package-paths.txt,imported,package path from AOT; source=reverse-evidence/package-paths.txt
PKG-0882,fl_chart,fl_border_data_extension.dart,package:fl_chart/src/extensions/fl_border_data_extension.dart,,S,reverse-evidence/package-paths.txt,imported,package path from AOT; source=reverse-evidence/package-paths.txt
PKG-0883,fl_chart,fl_titles_data_extension.dart,package:fl_chart/src/extensions/fl_titles_data_extension.dart,,S,reverse-evidence/package-paths.txt,imported,package path from AOT; source=reverse-evidence/package-paths.txt
PKG-0884,fl_chart,paint_extension.dart,package:fl_chart/src/extensions/paint_extension.dart,,S,reverse-evidence/package-paths.txt,imported,package path from AOT; source=reverse-evidence/package-paths.txt
PKG-0885,fl_chart,path_extension.dart,package:fl_chart/src/extensions/path_extension.dart,,S,reverse-evidence/package-paths.txt,imported,package path from AOT; source=reverse-evidence/package-paths.txt
PKG-0886,fl_chart,side_titles_extension.dart,package:fl_chart/src/extensions/side_titles_extension.dart,,S,reverse-evidence/package-paths.txt,imported,package path from AOT; source=reverse-evidence/package-paths.txt
PKG-0887,fl_chart,text_align_extension.dart,package:fl_chart/src/extensions/text_align_extension.dart,,S,reverse-evidence/package-paths.txt,imported,package path from AOT; source=reverse-evidence/package-paths.txt
PKG-0888,fl_chart,canvas_wrapper.dart,package:fl_chart/src/utils/canvas_wrapper.dart,,S,reverse-evidence/package-paths.txt,imported,package path from AOT; source=reverse-evidence/package-paths.txt
PKG-0889,fl_chart,lerp.dart,package:fl_chart/src/utils/lerp.dart,,S,reverse-evidence/package-paths.txt,imported,package path from AOT; source=reverse-evidence/package-paths.txt
PKG-0890,fl_chart,list_wrapper.dart,package:fl_chart/src/utils/list_wrapper.dart,,S,reverse-evidence/package-paths.txt,imported,package path from AOT; source=reverse-evidence/package-paths.txt
PKG-0891,fl_chart,dash_path.dart,package:fl_chart/src/utils/path_drawing/dash_path.dart,,S,reverse-evidence/package-paths.txt,imported,package path from AOT; source=reverse-evidence/package-paths.txt
PKG-0892,fl_chart,utils.dart,package:fl_chart/src/utils/utils.dart,,S,reverse-evidence/package-paths.txt,imported,package path from AOT; source=reverse-evidence/package-paths.txt
PKG-0893,flutter,animation.dart,package:flutter/src/animation/animation.dart,,S,reverse-evidence/package-paths.txt,imported,package path from AOT; source=reverse-evidence/package-paths.txt
PKG-0894,flutter,animation_controller.dart,package:flutter/src/animation/animation_controller.dart,,S,reverse-evidence/package-paths.txt,imported,package path from AOT; source=reverse-evidence/package-paths.txt
PKG-0895,flutter,animation_style.dart,package:flutter/src/animation/animation_style.dart,,S,reverse-evidence/package-paths.txt,imported,package path from AOT; source=reverse-evidence/package-paths.txt
PKG-0896,flutter,animations.dart,package:flutter/src/animation/animations.dart,,S,reverse-evidence/package-paths.txt,imported,package path from AOT; source=reverse-evidence/package-paths.txt
PKG-0897,flutter,curves.dart,package:flutter/src/animation/curves.dart,,S,reverse-evidence/package-paths.txt,imported,package path from AOT; source=reverse-evidence/package-paths.txt
PKG-0898,flutter,listener_helpers.dart,package:flutter/src/animation/listener_helpers.dart,,S,reverse-evidence/package-paths.txt,imported,package path from AOT; source=reverse-evidence/package-paths.txt
PKG-0899,flutter,tween.dart,package:flutter/src/animation/tween.dart,,S,reverse-evidence/package-paths.txt,imported,package path from AOT; source=reverse-evidence/package-paths.txt
PKG-0900,flutter,tween_sequence.dart,package:flutter/src/animation/tween_sequence.dart,,S,reverse-evidence/package-paths.txt,imported,package path from AOT; source=reverse-evidence/package-paths.txt
PKG-0901,flutter,activity_indicator.dart,package:flutter/src/cupertino/activity_indicator.dart,,S,reverse-evidence/package-paths.txt,imported,package path from AOT; source=reverse-evidence/package-paths.txt
PKG-0902,flutter,button.dart,package:flutter/src/cupertino/button.dart,,S,reverse-evidence/package-paths.txt,imported,package path from AOT; source=reverse-evidence/package-paths.txt
PKG-0903,flutter,checkbox.dart,package:flutter/src/cupertino/checkbox.dart,,S,reverse-evidence/package-paths.txt,imported,package path from AOT; source=reverse-evidence/package-paths.txt
PKG-0904,flutter,colors.dart,package:flutter/src/cupertino/colors.dart,,S,reverse-evidence/package-paths.txt,imported,package path from AOT; source=reverse-evidence/package-paths.txt
PKG-0905,flutter,constants.dart,package:flutter/src/cupertino/constants.dart,,S,reverse-evidence/package-paths.txt,imported,package path from AOT; source=reverse-evidence/package-paths.txt
PKG-0906,flutter,cupertino_focus_halo.dart,package:flutter/src/cupertino/cupertino_focus_halo.dart,,S,reverse-evidence/package-paths.txt,imported,package path from AOT; source=reverse-evidence/package-paths.txt
PKG-0907,flutter,date_picker.dart,package:flutter/src/cupertino/date_picker.dart,,S,reverse-evidence/package-paths.txt,imported,package path from AOT; source=reverse-evidence/package-paths.txt
PKG-0908,flutter,desktop_text_selection.dart,package:flutter/src/cupertino/desktop_text_selection.dart,,S,reverse-evidence/package-paths.txt,imported,package path from AOT; source=reverse-evidence/package-paths.txt
PKG-0909,flutter,desktop_text_selection_toolbar.dart,package:flutter/src/cupertino/desktop_text_selection_toolbar.dart,,S,reverse-evidence/package-paths.txt,imported,package path from AOT; source=reverse-evidence/package-paths.txt
PKG-0910,flutter,desktop_text_selection_toolbar_button.dart,package:flutter/src/cupertino/desktop_text_selection_toolbar_button.dart,,S,reverse-evidence/package-paths.txt,imported,package path from AOT; source=reverse-evidence/package-paths.txt
PKG-0911,flutter,dialog.dart,package:flutter/src/cupertino/dialog.dart,,S,reverse-evidence/package-paths.txt,imported,package path from AOT; source=reverse-evidence/package-paths.txt
PKG-0912,flutter,icon_theme_data.dart,package:flutter/src/cupertino/icon_theme_data.dart,,S,reverse-evidence/package-paths.txt,imported,package path from AOT; source=reverse-evidence/package-paths.txt
PKG-0913,flutter,interface_level.dart,package:flutter/src/cupertino/interface_level.dart,,S,reverse-evidence/package-paths.txt,imported,package path from AOT; source=reverse-evidence/package-paths.txt
PKG-0914,flutter,localizations.dart,package:flutter/src/cupertino/localizations.dart,,S,reverse-evidence/package-paths.txt,imported,package path from AOT; source=reverse-evidence/package-paths.txt
PKG-0915,flutter,magnifier.dart,package:flutter/src/cupertino/magnifier.dart,,S,reverse-evidence/package-paths.txt,imported,package path from AOT; source=reverse-evidence/package-paths.txt
PKG-0916,flutter,picker.dart,package:flutter/src/cupertino/picker.dart,,S,reverse-evidence/package-paths.txt,imported,package path from AOT; source=reverse-evidence/package-paths.txt
PKG-0917,flutter,radio.dart,package:flutter/src/cupertino/radio.dart,,S,reverse-evidence/package-paths.txt,imported,package path from AOT; source=reverse-evidence/package-paths.txt
PKG-0918,flutter,route.dart,package:flutter/src/cupertino/route.dart,,S,reverse-evidence/package-paths.txt,imported,package path from AOT; source=reverse-evidence/package-paths.txt
PKG-0919,flutter,scrollbar.dart,package:flutter/src/cupertino/scrollbar.dart,,S,reverse-evidence/package-paths.txt,imported,package path from AOT; source=reverse-evidence/package-paths.txt
PKG-0920,flutter,slider.dart,package:flutter/src/cupertino/slider.dart,,S,reverse-evidence/package-paths.txt,imported,package path from AOT; source=reverse-evidence/package-paths.txt
PKG-0921,flutter,sliding_segmented_control.dart,package:flutter/src/cupertino/sliding_segmented_control.dart,,S,reverse-evidence/package-paths.txt,imported,package path from AOT; source=reverse-evidence/package-paths.txt
PKG-0922,flutter,text_selection.dart,package:flutter/src/cupertino/text_selection.dart,,S,reverse-evidence/package-paths.txt,imported,package path from AOT; source=reverse-evidence/package-paths.txt
PKG-0923,flutter,text_selection_toolbar.dart,package:flutter/src/cupertino/text_selection_toolbar.dart,,S,reverse-evidence/package-paths.txt,imported,package path from AOT; source=reverse-evidence/package-paths.txt
PKG-0924,flutter,text_selection_toolbar_button.dart,package:flutter/src/cupertino/text_selection_toolbar_button.dart,,S,reverse-evidence/package-paths.txt,imported,package path from AOT; source=reverse-evidence/package-paths.txt
PKG-0925,flutter,text_theme.dart,package:flutter/src/cupertino/text_theme.dart,,S,reverse-evidence/package-paths.txt,imported,package path from AOT; source=reverse-evidence/package-paths.txt
PKG-0926,flutter,theme.dart,package:flutter/src/cupertino/theme.dart,,S,reverse-evidence/package-paths.txt,imported,package path from AOT; source=reverse-evidence/package-paths.txt
PKG-0927,flutter,thumb_painter.dart,package:flutter/src/cupertino/thumb_painter.dart,,S,reverse-evidence/package-paths.txt,imported,package path from AOT; source=reverse-evidence/package-paths.txt
PKG-0928,flutter,dart_plugin_registrant.dart,package:flutter/src/dart_plugin_registrant.dart,,S,reverse-evidence/package-paths.txt,imported,package path from AOT; source=reverse-evidence/package-paths.txt
PKG-0929,flutter,_features.dart,package:flutter/src/foundation/_features.dart,,S,reverse-evidence/package-paths.txt,imported,package path from AOT; source=reverse-evidence/package-paths.txt
PKG-0930,flutter,_isolates_io.dart,package:flutter/src/foundation/_isolates_io.dart,,S,reverse-evidence/package-paths.txt,imported,package path from AOT; source=reverse-evidence/package-paths.txt
PKG-0931,flutter,assertions.dart,package:flutter/src/foundation/assertions.dart,,S,reverse-evidence/package-paths.txt,imported,package path from AOT; source=reverse-evidence/package-paths.txt
PKG-0932,flutter,basic_types.dart,package:flutter/src/foundation/basic_types.dart,,S,reverse-evidence/package-paths.txt,imported,package path from AOT; source=reverse-evidence/package-paths.txt
PKG-0933,flutter,binding.dart,package:flutter/src/foundation/binding.dart,,S,reverse-evidence/package-paths.txt,imported,package path from AOT; source=reverse-evidence/package-paths.txt
PKG-0934,flutter,change_notifier.dart,package:flutter/src/foundation/change_notifier.dart,,S,reverse-evidence/package-paths.txt,imported,package path from AOT; source=reverse-evidence/package-paths.txt
PKG-0935,flutter,collections.dart,package:flutter/src/foundation/collections.dart,,S,reverse-evidence/package-paths.txt,imported,package path from AOT; source=reverse-evidence/package-paths.txt
PKG-0936,flutter,consolidate_response.dart,package:flutter/src/foundation/consolidate_response.dart,,S,reverse-evidence/package-paths.txt,imported,package path from AOT; source=reverse-evidence/package-paths.txt
PKG-0937,flutter,diagnostics.dart,package:flutter/src/foundation/diagnostics.dart,,S,reverse-evidence/package-paths.txt,imported,package path from AOT; source=reverse-evidence/package-paths.txt
PKG-0938,flutter,isolates.dart,package:flutter/src/foundation/isolates.dart,,S,reverse-evidence/package-paths.txt,imported,package path from AOT; source=reverse-evidence/package-paths.txt
PKG-0939,flutter,key.dart,package:flutter/src/foundation/key.dart,,S,reverse-evidence/package-paths.txt,imported,package path from AOT; source=reverse-evidence/package-paths.txt
PKG-0940,flutter,licenses.dart,package:flutter/src/foundation/licenses.dart,,S,reverse-evidence/package-paths.txt,imported,package path from AOT; source=reverse-evidence/package-paths.txt
PKG-0941,flutter,observer_list.dart,package:flutter/src/foundation/observer_list.dart,,S,reverse-evidence/package-paths.txt,imported,package path from AOT; source=reverse-evidence/package-paths.txt
PKG-0942,flutter,persistent_hash_map.dart,package:flutter/src/foundation/persistent_hash_map.dart,,S,reverse-evidence/package-paths.txt,imported,package path from AOT; source=reverse-evidence/package-paths.txt
PKG-0943,flutter,platform.dart,package:flutter/src/foundation/platform.dart,,S,reverse-evidence/package-paths.txt,imported,package path from AOT; source=reverse-evidence/package-paths.txt
PKG-0944,flutter,print.dart,package:flutter/src/foundation/print.dart,,S,reverse-evidence/package-paths.txt,imported,package path from AOT; source=reverse-evidence/package-paths.txt
PKG-0945,flutter,serialization.dart,package:flutter/src/foundation/serialization.dart,,S,reverse-evidence/package-paths.txt,imported,package path from AOT; source=reverse-evidence/package-paths.txt
PKG-0946,flutter,stack_frame.dart,package:flutter/src/foundation/stack_frame.dart,,S,reverse-evidence/package-paths.txt,imported,package path from AOT; source=reverse-evidence/package-paths.txt
PKG-0947,flutter,synchronous_future.dart,package:flutter/src/foundation/synchronous_future.dart,,S,reverse-evidence/package-paths.txt,imported,package path from AOT; source=reverse-evidence/package-paths.txt
PKG-0948,flutter,arena.dart,package:flutter/src/gestures/arena.dart,,S,reverse-evidence/package-paths.txt,imported,package path from AOT; source=reverse-evidence/package-paths.txt
PKG-0949,flutter,binding.dart,package:flutter/src/gestures/binding.dart,,S,reverse-evidence/package-paths.txt,imported,package path from AOT; source=reverse-evidence/package-paths.txt
PKG-0950,flutter,converter.dart,package:flutter/src/gestures/converter.dart,,S,reverse-evidence/package-paths.txt,imported,package path from AOT; source=reverse-evidence/package-paths.txt
PKG-0951,flutter,drag.dart,package:flutter/src/gestures/drag.dart,,S,reverse-evidence/package-paths.txt,imported,package path from AOT; source=reverse-evidence/package-paths.txt
PKG-0952,flutter,drag_details.dart,package:flutter/src/gestures/drag_details.dart,,S,reverse-evidence/package-paths.txt,imported,package path from AOT; source=reverse-evidence/package-paths.txt
PKG-0953,flutter,events.dart,package:flutter/src/gestures/events.dart,,S,reverse-evidence/package-paths.txt,imported,package path from AOT; source=reverse-evidence/package-paths.txt
PKG-0954,flutter,force_press.dart,package:flutter/src/gestures/force_press.dart,,S,reverse-evidence/package-paths.txt,imported,package path from AOT; source=reverse-evidence/package-paths.txt
PKG-0955,flutter,gesture_details.dart,package:flutter/src/gestures/gesture_details.dart,,S,reverse-evidence/package-paths.txt,imported,package path from AOT; source=reverse-evidence/package-paths.txt
PKG-0956,flutter,gesture_settings.dart,package:flutter/src/gestures/gesture_settings.dart,,S,reverse-evidence/package-paths.txt,imported,package path from AOT; source=reverse-evidence/package-paths.txt
PKG-0957,flutter,hit_test.dart,package:flutter/src/gestures/hit_test.dart,,S,reverse-evidence/package-paths.txt,imported,package path from AOT; source=reverse-evidence/package-paths.txt
PKG-0958,flutter,long_press.dart,package:flutter/src/gestures/long_press.dart,,S,reverse-evidence/package-paths.txt,imported,package path from AOT; source=reverse-evidence/package-paths.txt
PKG-0959,flutter,lsq_solver.dart,package:flutter/src/gestures/lsq_solver.dart,,S,reverse-evidence/package-paths.txt,imported,package path from AOT; source=reverse-evidence/package-paths.txt
PKG-0960,flutter,monodrag.dart,package:flutter/src/gestures/monodrag.dart,,S,reverse-evidence/package-paths.txt,imported,package path from AOT; source=reverse-evidence/package-paths.txt
PKG-0961,flutter,multidrag.dart,package:flutter/src/gestures/multidrag.dart,,S,reverse-evidence/package-paths.txt,imported,package path from AOT; source=reverse-evidence/package-paths.txt
PKG-0962,flutter,multitap.dart,package:flutter/src/gestures/multitap.dart,,S,reverse-evidence/package-paths.txt,imported,package path from AOT; source=reverse-evidence/package-paths.txt
PKG-0963,flutter,pointer_router.dart,package:flutter/src/gestures/pointer_router.dart,,S,reverse-evidence/package-paths.txt,imported,package path from AOT; source=reverse-evidence/package-paths.txt
PKG-0964,flutter,pointer_signal_resolver.dart,package:flutter/src/gestures/pointer_signal_resolver.dart,,S,reverse-evidence/package-paths.txt,imported,package path from AOT; source=reverse-evidence/package-paths.txt
PKG-0965,flutter,recognizer.dart,package:flutter/src/gestures/recognizer.dart,,S,reverse-evidence/package-paths.txt,imported,package path from AOT; source=reverse-evidence/package-paths.txt
PKG-0966,flutter,resampler.dart,package:flutter/src/gestures/resampler.dart,,S,reverse-evidence/package-paths.txt,imported,package path from AOT; source=reverse-evidence/package-paths.txt
PKG-0967,flutter,scale.dart,package:flutter/src/gestures/scale.dart,,S,reverse-evidence/package-paths.txt,imported,package path from AOT; source=reverse-evidence/package-paths.txt
PKG-0968,flutter,tap.dart,package:flutter/src/gestures/tap.dart,,S,reverse-evidence/package-paths.txt,imported,package path from AOT; source=reverse-evidence/package-paths.txt
PKG-0969,flutter,tap_and_drag.dart,package:flutter/src/gestures/tap_and_drag.dart,,S,reverse-evidence/package-paths.txt,imported,package path from AOT; source=reverse-evidence/package-paths.txt
PKG-0970,flutter,team.dart,package:flutter/src/gestures/team.dart,,S,reverse-evidence/package-paths.txt,imported,package path from AOT; source=reverse-evidence/package-paths.txt
PKG-0971,flutter,velocity_tracker.dart,package:flutter/src/gestures/velocity_tracker.dart,,S,reverse-evidence/package-paths.txt,imported,package path from AOT; source=reverse-evidence/package-paths.txt
PKG-0972,flutter,action_buttons.dart,package:flutter/src/material/action_buttons.dart,,S,reverse-evidence/package-paths.txt,imported,package path from AOT; source=reverse-evidence/package-paths.txt
PKG-0973,flutter,action_icons_theme.dart,package:flutter/src/material/action_icons_theme.dart,,S,reverse-evidence/package-paths.txt,imported,package path from AOT; source=reverse-evidence/package-paths.txt
PKG-0974,flutter,adaptive_text_selection_toolbar.dart,package:flutter/src/material/adaptive_text_selection_toolbar.dart,,S,reverse-evidence/package-paths.txt,imported,package path from AOT; source=reverse-evidence/package-paths.txt
PKG-0975,flutter,animated_icons.dart,package:flutter/src/material/animated_icons.dart,,S,reverse-evidence/package-paths.txt,imported,package path from AOT; source=reverse-evidence/package-paths.txt
PKG-0976,flutter,animated_icons.dart,package:flutter/src/material/animated_icons/animated_icons.dart,,S,reverse-evidence/package-paths.txt,imported,package path from AOT; source=reverse-evidence/package-paths.txt
PKG-0977,flutter,animated_icons_data.dart,package:flutter/src/material/animated_icons/animated_icons_data.dart,,S,reverse-evidence/package-paths.txt,imported,package path from AOT; source=reverse-evidence/package-paths.txt
PKG-0978,flutter,app.dart,package:flutter/src/material/app.dart,,S,reverse-evidence/package-paths.txt,imported,package path from AOT; source=reverse-evidence/package-paths.txt
PKG-0979,flutter,app_bar.dart,package:flutter/src/material/app_bar.dart,,S,reverse-evidence/package-paths.txt,imported,package path from AOT; source=reverse-evidence/package-paths.txt
PKG-0980,flutter,app_bar_theme.dart,package:flutter/src/material/app_bar_theme.dart,,S,reverse-evidence/package-paths.txt,imported,package path from AOT; source=reverse-evidence/package-paths.txt
PKG-0981,flutter,arc.dart,package:flutter/src/material/arc.dart,,S,reverse-evidence/package-paths.txt,imported,package path from AOT; source=reverse-evidence/package-paths.txt
PKG-0982,flutter,badge_theme.dart,package:flutter/src/material/badge_theme.dart,,S,reverse-evidence/package-paths.txt,imported,package path from AOT; source=reverse-evidence/package-paths.txt
PKG-0983,flutter,banner.dart,package:flutter/src/material/banner.dart,,S,reverse-evidence/package-paths.txt,imported,package path from AOT; source=reverse-evidence/package-paths.txt
PKG-0984,flutter,banner_theme.dart,package:flutter/src/material/banner_theme.dart,,S,reverse-evidence/package-paths.txt,imported,package path from AOT; source=reverse-evidence/package-paths.txt
PKG-0985,flutter,bottom_app_bar_theme.dart,package:flutter/src/material/bottom_app_bar_theme.dart,,S,reverse-evidence/package-paths.txt,imported,package path from AOT; source=reverse-evidence/package-paths.txt
PKG-0986,flutter,bottom_navigation_bar.dart,package:flutter/src/material/bottom_navigation_bar.dart,,S,reverse-evidence/package-paths.txt,imported,package path from AOT; source=reverse-evidence/package-paths.txt
PKG-0987,flutter,bottom_navigation_bar_theme.dart,package:flutter/src/material/bottom_navigation_bar_theme.dart,,S,reverse-evidence/package-paths.txt,imported,package path from AOT; source=reverse-evidence/package-paths.txt
PKG-0988,flutter,bottom_sheet.dart,package:flutter/src/material/bottom_sheet.dart,,S,reverse-evidence/package-paths.txt,imported,package path from AOT; source=reverse-evidence/package-paths.txt
PKG-0989,flutter,bottom_sheet_theme.dart,package:flutter/src/material/bottom_sheet_theme.dart,,S,reverse-evidence/package-paths.txt,imported,package path from AOT; source=reverse-evidence/package-paths.txt
PKG-0990,flutter,button.dart,package:flutter/src/material/button.dart,,S,reverse-evidence/package-paths.txt,imported,package path from AOT; source=reverse-evidence/package-paths.txt
PKG-0991,flutter,button_bar_theme.dart,package:flutter/src/material/button_bar_theme.dart,,S,reverse-evidence/package-paths.txt,imported,package path from AOT; source=reverse-evidence/package-paths.txt
PKG-0992,flutter,button_style.dart,package:flutter/src/material/button_style.dart,,S,reverse-evidence/package-paths.txt,imported,package path from AOT; source=reverse-evidence/package-paths.txt
PKG-0993,flutter,button_style_button.dart,package:flutter/src/material/button_style_button.dart,,S,reverse-evidence/package-paths.txt,imported,package path from AOT; source=reverse-evidence/package-paths.txt
PKG-0994,flutter,button_theme.dart,package:flutter/src/material/button_theme.dart,,S,reverse-evidence/package-paths.txt,imported,package path from AOT; source=reverse-evidence/package-paths.txt
PKG-0995,flutter,calendar_date_picker.dart,package:flutter/src/material/calendar_date_picker.dart,,S,reverse-evidence/package-paths.txt,imported,package path from AOT; source=reverse-evidence/package-paths.txt
PKG-0996,flutter,card.dart,package:flutter/src/material/card.dart,,S,reverse-evidence/package-paths.txt,imported,package path from AOT; source=reverse-evidence/package-paths.txt
PKG-0997,flutter,card_theme.dart,package:flutter/src/material/card_theme.dart,,S,reverse-evidence/package-paths.txt,imported,package path from AOT; source=reverse-evidence/package-paths.txt
PKG-0998,flutter,carousel_theme.dart,package:flutter/src/material/carousel_theme.dart,,S,reverse-evidence/package-paths.txt,imported,package path from AOT; source=reverse-evidence/package-paths.txt
PKG-0999,flutter,checkbox.dart,package:flutter/src/material/checkbox.dart,,S,reverse-evidence/package-paths.txt,imported,package path from AOT; source=reverse-evidence/package-paths.txt
PKG-1000,flutter,checkbox_list_tile.dart,package:flutter/src/material/checkbox_list_tile.dart,,S,reverse-evidence/package-paths.txt,imported,package path from AOT; source=reverse-evidence/package-paths.txt
PKG-1001,flutter,checkbox_theme.dart,package:flutter/src/material/checkbox_theme.dart,,S,reverse-evidence/package-paths.txt,imported,package path from AOT; source=reverse-evidence/package-paths.txt
PKG-1002,flutter,chip.dart,package:flutter/src/material/chip.dart,,S,reverse-evidence/package-paths.txt,imported,package path from AOT; source=reverse-evidence/package-paths.txt
PKG-1003,flutter,chip_theme.dart,package:flutter/src/material/chip_theme.dart,,S,reverse-evidence/package-paths.txt,imported,package path from AOT; source=reverse-evidence/package-paths.txt
PKG-1004,flutter,choice_chip.dart,package:flutter/src/material/choice_chip.dart,,S,reverse-evidence/package-paths.txt,imported,package path from AOT; source=reverse-evidence/package-paths.txt
PKG-1005,flutter,circle_avatar.dart,package:flutter/src/material/circle_avatar.dart,,S,reverse-evidence/package-paths.txt,imported,package path from AOT; source=reverse-evidence/package-paths.txt
PKG-1006,flutter,color_scheme.dart,package:flutter/src/material/color_scheme.dart,,S,reverse-evidence/package-paths.txt,imported,package path from AOT; source=reverse-evidence/package-paths.txt
PKG-1007,flutter,colors.dart,package:flutter/src/material/colors.dart,,S,reverse-evidence/package-paths.txt,imported,package path from AOT; source=reverse-evidence/package-paths.txt
PKG-1008,flutter,constants.dart,package:flutter/src/material/constants.dart,,S,reverse-evidence/package-paths.txt,imported,package path from AOT; source=reverse-evidence/package-paths.txt
PKG-1009,flutter,data_table_theme.dart,package:flutter/src/material/data_table_theme.dart,,S,reverse-evidence/package-paths.txt,imported,package path from AOT; source=reverse-evidence/package-paths.txt
PKG-1010,flutter,date.dart,package:flutter/src/material/date.dart,,S,reverse-evidence/package-paths.txt,imported,package path from AOT; source=reverse-evidence/package-paths.txt
PKG-1011,flutter,date_picker.dart,package:flutter/src/material/date_picker.dart,,S,reverse-evidence/package-paths.txt,imported,package path from AOT; source=reverse-evidence/package-paths.txt
PKG-1012,flutter,date_picker_theme.dart,package:flutter/src/material/date_picker_theme.dart,,S,reverse-evidence/package-paths.txt,imported,package path from AOT; source=reverse-evidence/package-paths.txt
PKG-1013,flutter,desktop_text_selection.dart,package:flutter/src/material/desktop_text_selection.dart,,S,reverse-evidence/package-paths.txt,imported,package path from AOT; source=reverse-evidence/package-paths.txt
PKG-1014,flutter,desktop_text_selection_toolbar.dart,package:flutter/src/material/desktop_text_selection_toolbar.dart,,S,reverse-evidence/package-paths.txt,imported,package path from AOT; source=reverse-evidence/package-paths.txt
PKG-1015,flutter,desktop_text_selection_toolbar_button.dart,package:flutter/src/material/desktop_text_selection_toolbar_button.dart,,S,reverse-evidence/package-paths.txt,imported,package path from AOT; source=reverse-evidence/package-paths.txt
PKG-1016,flutter,dialog.dart,package:flutter/src/material/dialog.dart,,S,reverse-evidence/package-paths.txt,imported,package path from AOT; source=reverse-evidence/package-paths.txt
PKG-1017,flutter,dialog_theme.dart,package:flutter/src/material/dialog_theme.dart,,S,reverse-evidence/package-paths.txt,imported,package path from AOT; source=reverse-evidence/package-paths.txt
PKG-1018,flutter,divider.dart,package:flutter/src/material/divider.dart,,S,reverse-evidence/package-paths.txt,imported,package path from AOT; source=reverse-evidence/package-paths.txt
PKG-1019,flutter,divider_theme.dart,package:flutter/src/material/divider_theme.dart,,S,reverse-evidence/package-paths.txt,imported,package path from AOT; source=reverse-evidence/package-paths.txt
PKG-1020,flutter,drawer.dart,package:flutter/src/material/drawer.dart,,S,reverse-evidence/package-paths.txt,imported,package path from AOT; source=reverse-evidence/package-paths.txt
PKG-1021,flutter,drawer_theme.dart,package:flutter/src/material/drawer_theme.dart,,S,reverse-evidence/package-paths.txt,imported,package path from AOT; source=reverse-evidence/package-paths.txt
PKG-1022,flutter,dropdown.dart,package:flutter/src/material/dropdown.dart,,S,reverse-evidence/package-paths.txt,imported,package path from AOT; source=reverse-evidence/package-paths.txt
PKG-1023,flutter,dropdown_menu_theme.dart,package:flutter/src/material/dropdown_menu_theme.dart,,S,reverse-evidence/package-paths.txt,imported,package path from AOT; source=reverse-evidence/package-paths.txt
PKG-1024,flutter,elevated_button.dart,package:flutter/src/material/elevated_button.dart,,S,reverse-evidence/package-paths.txt,imported,package path from AOT; source=reverse-evidence/package-paths.txt
PKG-1025,flutter,elevated_button_theme.dart,package:flutter/src/material/elevated_button_theme.dart,,S,reverse-evidence/package-paths.txt,imported,package path from AOT; source=reverse-evidence/package-paths.txt
PKG-1026,flutter,elevation_overlay.dart,package:flutter/src/material/elevation_overlay.dart,,S,reverse-evidence/package-paths.txt,imported,package path from AOT; source=reverse-evidence/package-paths.txt
PKG-1027,flutter,expansion_tile.dart,package:flutter/src/material/expansion_tile.dart,,S,reverse-evidence/package-paths.txt,imported,package path from AOT; source=reverse-evidence/package-paths.txt
PKG-1028,flutter,expansion_tile_theme.dart,package:flutter/src/material/expansion_tile_theme.dart,,S,reverse-evidence/package-paths.txt,imported,package path from AOT; source=reverse-evidence/package-paths.txt
PKG-1029,flutter,filled_button.dart,package:flutter/src/material/filled_button.dart,,S,reverse-evidence/package-paths.txt,imported,package path from AOT; source=reverse-evidence/package-paths.txt
PKG-1030,flutter,filled_button_theme.dart,package:flutter/src/material/filled_button_theme.dart,,S,reverse-evidence/package-paths.txt,imported,package path from AOT; source=reverse-evidence/package-paths.txt
PKG-1031,flutter,filter_chip.dart,package:flutter/src/material/filter_chip.dart,,S,reverse-evidence/package-paths.txt,imported,package path from AOT; source=reverse-evidence/package-paths.txt
PKG-1032,flutter,flexible_space_bar.dart,package:flutter/src/material/flexible_space_bar.dart,,S,reverse-evidence/package-paths.txt,imported,package path from AOT; source=reverse-evidence/package-paths.txt
PKG-1033,flutter,floating_action_button.dart,package:flutter/src/material/floating_action_button.dart,,S,reverse-evidence/package-paths.txt,imported,package path from AOT; source=reverse-evidence/package-paths.txt
PKG-1034,flutter,floating_action_button_location.dart,package:flutter/src/material/floating_action_button_location.dart,,S,reverse-evidence/package-paths.txt,imported,package path from AOT; source=reverse-evidence/package-paths.txt
PKG-1035,flutter,floating_action_button_theme.dart,package:flutter/src/material/floating_action_button_theme.dart,,S,reverse-evidence/package-paths.txt,imported,package path from AOT; source=reverse-evidence/package-paths.txt
PKG-1036,flutter,icon_button.dart,package:flutter/src/material/icon_button.dart,,S,reverse-evidence/package-paths.txt,imported,package path from AOT; source=reverse-evidence/package-paths.txt
PKG-1037,flutter,icon_button_theme.dart,package:flutter/src/material/icon_button_theme.dart,,S,reverse-evidence/package-paths.txt,imported,package path from AOT; source=reverse-evidence/package-paths.txt
PKG-1038,flutter,ink_decoration.dart,package:flutter/src/material/ink_decoration.dart,,S,reverse-evidence/package-paths.txt,imported,package path from AOT; source=reverse-evidence/package-paths.txt
PKG-1039,flutter,ink_highlight.dart,package:flutter/src/material/ink_highlight.dart,,S,reverse-evidence/package-paths.txt,imported,package path from AOT; source=reverse-evidence/package-paths.txt
PKG-1040,flutter,ink_ripple.dart,package:flutter/src/material/ink_ripple.dart,,S,reverse-evidence/package-paths.txt,imported,package path from AOT; source=reverse-evidence/package-paths.txt
PKG-1041,flutter,ink_splash.dart,package:flutter/src/material/ink_splash.dart,,S,reverse-evidence/package-paths.txt,imported,package path from AOT; source=reverse-evidence/package-paths.txt
PKG-1042,flutter,ink_well.dart,package:flutter/src/material/ink_well.dart,,S,reverse-evidence/package-paths.txt,imported,package path from AOT; source=reverse-evidence/package-paths.txt
PKG-1043,flutter,input_border.dart,package:flutter/src/material/input_border.dart,,S,reverse-evidence/package-paths.txt,imported,package path from AOT; source=reverse-evidence/package-paths.txt
PKG-1044,flutter,input_date_picker_form_field.dart,package:flutter/src/material/input_date_picker_form_field.dart,,S,reverse-evidence/package-paths.txt,imported,package path from AOT; source=reverse-evidence/package-paths.txt
PKG-1045,flutter,input_decorator.dart,package:flutter/src/material/input_decorator.dart,,S,reverse-evidence/package-paths.txt,imported,package path from AOT; source=reverse-evidence/package-paths.txt
PKG-1046,flutter,list_tile.dart,package:flutter/src/material/list_tile.dart,,S,reverse-evidence/package-paths.txt,imported,package path from AOT; source=reverse-evidence/package-paths.txt
PKG-1047,flutter,list_tile_theme.dart,package:flutter/src/material/list_tile_theme.dart,,S,reverse-evidence/package-paths.txt,imported,package path from AOT; source=reverse-evidence/package-paths.txt
PKG-1048,flutter,magnifier.dart,package:flutter/src/material/magnifier.dart,,S,reverse-evidence/package-paths.txt,imported,package path from AOT; source=reverse-evidence/package-paths.txt
PKG-1049,flutter,material.dart,package:flutter/src/material/material.dart,,S,reverse-evidence/package-paths.txt,imported,package path from AOT; source=reverse-evidence/package-paths.txt
PKG-1050,flutter,material_localizations.dart,package:flutter/src/material/material_localizations.dart,,S,reverse-evidence/package-paths.txt,imported,package path from AOT; source=reverse-evidence/package-paths.txt
PKG-1051,flutter,material_state_mixin.dart,package:flutter/src/material/material_state_mixin.dart,,S,reverse-evidence/package-paths.txt,imported,package path from AOT; source=reverse-evidence/package-paths.txt
PKG-1052,flutter,menu_bar_theme.dart,package:flutter/src/material/menu_bar_theme.dart,,S,reverse-evidence/package-paths.txt,imported,package path from AOT; source=reverse-evidence/package-paths.txt
PKG-1053,flutter,menu_button_theme.dart,package:flutter/src/material/menu_button_theme.dart,,S,reverse-evidence/package-paths.txt,imported,package path from AOT; source=reverse-evidence/package-paths.txt
PKG-1054,flutter,menu_style.dart,package:flutter/src/material/menu_style.dart,,S,reverse-evidence/package-paths.txt,imported,package path from AOT; source=reverse-evidence/package-paths.txt
PKG-1055,flutter,menu_theme.dart,package:flutter/src/material/menu_theme.dart,,S,reverse-evidence/package-paths.txt,imported,package path from AOT; source=reverse-evidence/package-paths.txt
PKG-1056,flutter,navigation_bar_theme.dart,package:flutter/src/material/navigation_bar_theme.dart,,S,reverse-evidence/package-paths.txt,imported,package path from AOT; source=reverse-evidence/package-paths.txt
PKG-1057,flutter,navigation_drawer_theme.dart,package:flutter/src/material/navigation_drawer_theme.dart,,S,reverse-evidence/package-paths.txt,imported,package path from AOT; source=reverse-evidence/package-paths.txt
PKG-1058,flutter,navigation_rail_theme.dart,package:flutter/src/material/navigation_rail_theme.dart,,S,reverse-evidence/package-paths.txt,imported,package path from AOT; source=reverse-evidence/package-paths.txt
PKG-1059,flutter,no_splash.dart,package:flutter/src/material/no_splash.dart,,S,reverse-evidence/package-paths.txt,imported,package path from AOT; source=reverse-evidence/package-paths.txt
PKG-1060,flutter,outlined_button.dart,package:flutter/src/material/outlined_button.dart,,S,reverse-evidence/package-paths.txt,imported,package path from AOT; source=reverse-evidence/package-paths.txt
PKG-1061,flutter,outlined_button_theme.dart,package:flutter/src/material/outlined_button_theme.dart,,S,reverse-evidence/package-paths.txt,imported,package path from AOT; source=reverse-evidence/package-paths.txt
PKG-1062,flutter,page.dart,package:flutter/src/material/page.dart,,S,reverse-evidence/package-paths.txt,imported,package path from AOT; source=reverse-evidence/package-paths.txt
PKG-1063,flutter,page_transitions_theme.dart,package:flutter/src/material/page_transitions_theme.dart,,S,reverse-evidence/package-paths.txt,imported,package path from AOT; source=reverse-evidence/package-paths.txt
PKG-1064,flutter,popup_menu.dart,package:flutter/src/material/popup_menu.dart,,S,reverse-evidence/package-paths.txt,imported,package path from AOT; source=reverse-evidence/package-paths.txt
PKG-1065,flutter,popup_menu_theme.dart,package:flutter/src/material/popup_menu_theme.dart,,S,reverse-evidence/package-paths.txt,imported,package path from AOT; source=reverse-evidence/package-paths.txt
PKG-1066,flutter,predictive_back_page_transitions_builder.dart,package:flutter/src/material/predictive_back_page_transitions_builder.dart,,S,reverse-evidence/package-paths.txt,imported,package path from AOT; source=reverse-evidence/package-paths.txt
PKG-1067,flutter,progress_indicator.dart,package:flutter/src/material/progress_indicator.dart,,S,reverse-evidence/package-paths.txt,imported,package path from AOT; source=reverse-evidence/package-paths.txt
PKG-1068,flutter,progress_indicator_theme.dart,package:flutter/src/material/progress_indicator_theme.dart,,S,reverse-evidence/package-paths.txt,imported,package path from AOT; source=reverse-evidence/package-paths.txt
PKG-1069,flutter,radio.dart,package:flutter/src/material/radio.dart,,S,reverse-evidence/package-paths.txt,imported,package path from AOT; source=reverse-evidence/package-paths.txt
PKG-1070,flutter,radio_list_tile.dart,package:flutter/src/material/radio_list_tile.dart,,S,reverse-evidence/package-paths.txt,imported,package path from AOT; source=reverse-evidence/package-paths.txt
PKG-1071,flutter,radio_theme.dart,package:flutter/src/material/radio_theme.dart,,S,reverse-evidence/package-paths.txt,imported,package path from AOT; source=reverse-evidence/package-paths.txt
PKG-1072,flutter,range_slider.dart,package:flutter/src/material/range_slider.dart,,S,reverse-evidence/package-paths.txt,imported,package path from AOT; source=reverse-evidence/package-paths.txt
PKG-1073,flutter,refresh_indicator.dart,package:flutter/src/material/refresh_indicator.dart,,S,reverse-evidence/package-paths.txt,imported,package path from AOT; source=reverse-evidence/package-paths.txt
PKG-1074,flutter,reorderable_list.dart,package:flutter/src/material/reorderable_list.dart,,S,reverse-evidence/package-paths.txt,imported,package path from AOT; source=reverse-evidence/package-paths.txt
PKG-1075,flutter,scaffold.dart,package:flutter/src/material/scaffold.dart,,S,reverse-evidence/package-paths.txt,imported,package path from AOT; source=reverse-evidence/package-paths.txt
PKG-1076,flutter,scrollbar.dart,package:flutter/src/material/scrollbar.dart,,S,reverse-evidence/package-paths.txt,imported,package path from AOT; source=reverse-evidence/package-paths.txt
PKG-1077,flutter,scrollbar_theme.dart,package:flutter/src/material/scrollbar_theme.dart,,S,reverse-evidence/package-paths.txt,imported,package path from AOT; source=reverse-evidence/package-paths.txt
PKG-1078,flutter,search_bar_theme.dart,package:flutter/src/material/search_bar_theme.dart,,S,reverse-evidence/package-paths.txt,imported,package path from AOT; source=reverse-evidence/package-paths.txt
PKG-1079,flutter,search_view_theme.dart,package:flutter/src/material/search_view_theme.dart,,S,reverse-evidence/package-paths.txt,imported,package path from AOT; source=reverse-evidence/package-paths.txt
PKG-1080,flutter,segmented_button.dart,package:flutter/src/material/segmented_button.dart,,S,reverse-evidence/package-paths.txt,imported,package path from AOT; source=reverse-evidence/package-paths.txt
PKG-1081,flutter,segmented_button_theme.dart,package:flutter/src/material/segmented_button_theme.dart,,S,reverse-evidence/package-paths.txt,imported,package path from AOT; source=reverse-evidence/package-paths.txt
PKG-1082,flutter,selectable_text.dart,package:flutter/src/material/selectable_text.dart,,S,reverse-evidence/package-paths.txt,imported,package path from AOT; source=reverse-evidence/package-paths.txt
PKG-1083,flutter,slider.dart,package:flutter/src/material/slider.dart,,S,reverse-evidence/package-paths.txt,imported,package path from AOT; source=reverse-evidence/package-paths.txt
PKG-1084,flutter,slider_parts.dart,package:flutter/src/material/slider_parts.dart,,S,reverse-evidence/package-paths.txt,imported,package path from AOT; source=reverse-evidence/package-paths.txt
PKG-1085,flutter,slider_theme.dart,package:flutter/src/material/slider_theme.dart,,S,reverse-evidence/package-paths.txt,imported,package path from AOT; source=reverse-evidence/package-paths.txt
PKG-1086,flutter,slider_value_indicator_shape.dart,package:flutter/src/material/slider_value_indicator_shape.dart,,S,reverse-evidence/package-paths.txt,imported,package path from AOT; source=reverse-evidence/package-paths.txt
PKG-1087,flutter,snack_bar.dart,package:flutter/src/material/snack_bar.dart,,S,reverse-evidence/package-paths.txt,imported,package path from AOT; source=reverse-evidence/package-paths.txt
PKG-1088,flutter,snack_bar_theme.dart,package:flutter/src/material/snack_bar_theme.dart,,S,reverse-evidence/package-paths.txt,imported,package path from AOT; source=reverse-evidence/package-paths.txt
PKG-1089,flutter,switch.dart,package:flutter/src/material/switch.dart,,S,reverse-evidence/package-paths.txt,imported,package path from AOT; source=reverse-evidence/package-paths.txt
PKG-1090,flutter,switch_list_tile.dart,package:flutter/src/material/switch_list_tile.dart,,S,reverse-evidence/package-paths.txt,imported,package path from AOT; source=reverse-evidence/package-paths.txt
PKG-1091,flutter,switch_theme.dart,package:flutter/src/material/switch_theme.dart,,S,reverse-evidence/package-paths.txt,imported,package path from AOT; source=reverse-evidence/package-paths.txt
PKG-1092,flutter,tab_bar_theme.dart,package:flutter/src/material/tab_bar_theme.dart,,S,reverse-evidence/package-paths.txt,imported,package path from AOT; source=reverse-evidence/package-paths.txt
PKG-1093,flutter,tab_controller.dart,package:flutter/src/material/tab_controller.dart,,S,reverse-evidence/package-paths.txt,imported,package path from AOT; source=reverse-evidence/package-paths.txt
PKG-1094,flutter,tab_indicator.dart,package:flutter/src/material/tab_indicator.dart,,S,reverse-evidence/package-paths.txt,imported,package path from AOT; source=reverse-evidence/package-paths.txt
PKG-1095,flutter,tabs.dart,package:flutter/src/material/tabs.dart,,S,reverse-evidence/package-paths.txt,imported,package path from AOT; source=reverse-evidence/package-paths.txt
PKG-1096,flutter,text_button.dart,package:flutter/src/material/text_button.dart,,S,reverse-evidence/package-paths.txt,imported,package path from AOT; source=reverse-evidence/package-paths.txt
PKG-1097,flutter,text_button_theme.dart,package:flutter/src/material/text_button_theme.dart,,S,reverse-evidence/package-paths.txt,imported,package path from AOT; source=reverse-evidence/package-paths.txt
PKG-1098,flutter,text_field.dart,package:flutter/src/material/text_field.dart,,S,reverse-evidence/package-paths.txt,imported,package path from AOT; source=reverse-evidence/package-paths.txt
PKG-1099,flutter,text_form_field.dart,package:flutter/src/material/text_form_field.dart,,S,reverse-evidence/package-paths.txt,imported,package path from AOT; source=reverse-evidence/package-paths.txt
PKG-1100,flutter,text_selection.dart,package:flutter/src/material/text_selection.dart,,S,reverse-evidence/package-paths.txt,imported,package path from AOT; source=reverse-evidence/package-paths.txt
PKG-1101,flutter,text_selection_theme.dart,package:flutter/src/material/text_selection_theme.dart,,S,reverse-evidence/package-paths.txt,imported,package path from AOT; source=reverse-evidence/package-paths.txt
PKG-1102,flutter,text_selection_toolbar.dart,package:flutter/src/material/text_selection_toolbar.dart,,S,reverse-evidence/package-paths.txt,imported,package path from AOT; source=reverse-evidence/package-paths.txt
PKG-1103,flutter,text_selection_toolbar_text_button.dart,package:flutter/src/material/text_selection_toolbar_text_button.dart,,S,reverse-evidence/package-paths.txt,imported,package path from AOT; source=reverse-evidence/package-paths.txt
PKG-1104,flutter,text_theme.dart,package:flutter/src/material/text_theme.dart,,S,reverse-evidence/package-paths.txt,imported,package path from AOT; source=reverse-evidence/package-paths.txt
PKG-1105,flutter,theme.dart,package:flutter/src/material/theme.dart,,S,reverse-evidence/package-paths.txt,imported,package path from AOT; source=reverse-evidence/package-paths.txt
PKG-1106,flutter,theme_data.dart,package:flutter/src/material/theme_data.dart,,S,reverse-evidence/package-paths.txt,imported,package path from AOT; source=reverse-evidence/package-paths.txt
PKG-1107,flutter,time.dart,package:flutter/src/material/time.dart,,S,reverse-evidence/package-paths.txt,imported,package path from AOT; source=reverse-evidence/package-paths.txt
PKG-1108,flutter,time_picker.dart,package:flutter/src/material/time_picker.dart,,S,reverse-evidence/package-paths.txt,imported,package path from AOT; source=reverse-evidence/package-paths.txt
PKG-1109,flutter,time_picker_theme.dart,package:flutter/src/material/time_picker_theme.dart,,S,reverse-evidence/package-paths.txt,imported,package path from AOT; source=reverse-evidence/package-paths.txt
PKG-1110,flutter,toggle_buttons_theme.dart,package:flutter/src/material/toggle_buttons_theme.dart,,S,reverse-evidence/package-paths.txt,imported,package path from AOT; source=reverse-evidence/package-paths.txt
PKG-1111,flutter,tooltip.dart,package:flutter/src/material/tooltip.dart,,S,reverse-evidence/package-paths.txt,imported,package path from AOT; source=reverse-evidence/package-paths.txt
PKG-1112,flutter,tooltip_theme.dart,package:flutter/src/material/tooltip_theme.dart,,S,reverse-evidence/package-paths.txt,imported,package path from AOT; source=reverse-evidence/package-paths.txt
PKG-1113,flutter,tooltip_visibility.dart,package:flutter/src/material/tooltip_visibility.dart,,S,reverse-evidence/package-paths.txt,imported,package path from AOT; source=reverse-evidence/package-paths.txt
PKG-1114,flutter,typography.dart,package:flutter/src/material/typography.dart,,S,reverse-evidence/package-paths.txt,imported,package path from AOT; source=reverse-evidence/package-paths.txt
PKG-1115,flutter,_network_image_io.dart,package:flutter/src/painting/_network_image_io.dart,,S,reverse-evidence/package-paths.txt,imported,package path from AOT; source=reverse-evidence/package-paths.txt
PKG-1116,flutter,alignment.dart,package:flutter/src/painting/alignment.dart,,S,reverse-evidence/package-paths.txt,imported,package path from AOT; source=reverse-evidence/package-paths.txt
PKG-1117,flutter,basic_types.dart,package:flutter/src/painting/basic_types.dart,,S,reverse-evidence/package-paths.txt,imported,package path from AOT; source=reverse-evidence/package-paths.txt
PKG-1118,flutter,binding.dart,package:flutter/src/painting/binding.dart,,S,reverse-evidence/package-paths.txt,imported,package path from AOT; source=reverse-evidence/package-paths.txt
PKG-1119,flutter,border_radius.dart,package:flutter/src/painting/border_radius.dart,,S,reverse-evidence/package-paths.txt,imported,package path from AOT; source=reverse-evidence/package-paths.txt
PKG-1120,flutter,borders.dart,package:flutter/src/painting/borders.dart,,S,reverse-evidence/package-paths.txt,imported,package path from AOT; source=reverse-evidence/package-paths.txt
PKG-1121,flutter,box_border.dart,package:flutter/src/painting/box_border.dart,,S,reverse-evidence/package-paths.txt,imported,package path from AOT; source=reverse-evidence/package-paths.txt
PKG-1122,flutter,box_decoration.dart,package:flutter/src/painting/box_decoration.dart,,S,reverse-evidence/package-paths.txt,imported,package path from AOT; source=reverse-evidence/package-paths.txt
PKG-1123,flutter,box_fit.dart,package:flutter/src/painting/box_fit.dart,,S,reverse-evidence/package-paths.txt,imported,package path from AOT; source=reverse-evidence/package-paths.txt
PKG-1124,flutter,box_shadow.dart,package:flutter/src/painting/box_shadow.dart,,S,reverse-evidence/package-paths.txt,imported,package path from AOT; source=reverse-evidence/package-paths.txt
PKG-1125,flutter,circle_border.dart,package:flutter/src/painting/circle_border.dart,,S,reverse-evidence/package-paths.txt,imported,package path from AOT; source=reverse-evidence/package-paths.txt
PKG-1126,flutter,clip.dart,package:flutter/src/painting/clip.dart,,S,reverse-evidence/package-paths.txt,imported,package path from AOT; source=reverse-evidence/package-paths.txt
PKG-1127,flutter,colors.dart,package:flutter/src/painting/colors.dart,,S,reverse-evidence/package-paths.txt,imported,package path from AOT; source=reverse-evidence/package-paths.txt
PKG-1128,flutter,decoration.dart,package:flutter/src/painting/decoration.dart,,S,reverse-evidence/package-paths.txt,imported,package path from AOT; source=reverse-evidence/package-paths.txt
PKG-1129,flutter,decoration_image.dart,package:flutter/src/painting/decoration_image.dart,,S,reverse-evidence/package-paths.txt,imported,package path from AOT; source=reverse-evidence/package-paths.txt
PKG-1130,flutter,edge_insets.dart,package:flutter/src/painting/edge_insets.dart,,S,reverse-evidence/package-paths.txt,imported,package path from AOT; source=reverse-evidence/package-paths.txt
PKG-1131,flutter,fractional_offset.dart,package:flutter/src/painting/fractional_offset.dart,,S,reverse-evidence/package-paths.txt,imported,package path from AOT; source=reverse-evidence/package-paths.txt
PKG-1132,flutter,geometry.dart,package:flutter/src/painting/geometry.dart,,S,reverse-evidence/package-paths.txt,imported,package path from AOT; source=reverse-evidence/package-paths.txt
PKG-1133,flutter,gradient.dart,package:flutter/src/painting/gradient.dart,,S,reverse-evidence/package-paths.txt,imported,package path from AOT; source=reverse-evidence/package-paths.txt
PKG-1134,flutter,image_cache.dart,package:flutter/src/painting/image_cache.dart,,S,reverse-evidence/package-paths.txt,imported,package path from AOT; source=reverse-evidence/package-paths.txt
PKG-1135,flutter,image_provider.dart,package:flutter/src/painting/image_provider.dart,,S,reverse-evidence/package-paths.txt,imported,package path from AOT; source=reverse-evidence/package-paths.txt
PKG-1136,flutter,image_resolution.dart,package:flutter/src/painting/image_resolution.dart,,S,reverse-evidence/package-paths.txt,imported,package path from AOT; source=reverse-evidence/package-paths.txt
PKG-1137,flutter,image_stream.dart,package:flutter/src/painting/image_stream.dart,,S,reverse-evidence/package-paths.txt,imported,package path from AOT; source=reverse-evidence/package-paths.txt
PKG-1138,flutter,inline_span.dart,package:flutter/src/painting/inline_span.dart,,S,reverse-evidence/package-paths.txt,imported,package path from AOT; source=reverse-evidence/package-paths.txt
PKG-1139,flutter,matrix_utils.dart,package:flutter/src/painting/matrix_utils.dart,,S,reverse-evidence/package-paths.txt,imported,package path from AOT; source=reverse-evidence/package-paths.txt
PKG-1140,flutter,placeholder_span.dart,package:flutter/src/painting/placeholder_span.dart,,S,reverse-evidence/package-paths.txt,imported,package path from AOT; source=reverse-evidence/package-paths.txt
PKG-1141,flutter,rounded_rectangle_border.dart,package:flutter/src/painting/rounded_rectangle_border.dart,,S,reverse-evidence/package-paths.txt,imported,package path from AOT; source=reverse-evidence/package-paths.txt
PKG-1142,flutter,shape_decoration.dart,package:flutter/src/painting/shape_decoration.dart,,S,reverse-evidence/package-paths.txt,imported,package path from AOT; source=reverse-evidence/package-paths.txt
PKG-1143,flutter,stadium_border.dart,package:flutter/src/painting/stadium_border.dart,,S,reverse-evidence/package-paths.txt,imported,package path from AOT; source=reverse-evidence/package-paths.txt
PKG-1144,flutter,strut_style.dart,package:flutter/src/painting/strut_style.dart,,S,reverse-evidence/package-paths.txt,imported,package path from AOT; source=reverse-evidence/package-paths.txt
PKG-1145,flutter,text_painter.dart,package:flutter/src/painting/text_painter.dart,,S,reverse-evidence/package-paths.txt,imported,package path from AOT; source=reverse-evidence/package-paths.txt
PKG-1146,flutter,text_scaler.dart,package:flutter/src/painting/text_scaler.dart,,S,reverse-evidence/package-paths.txt,imported,package path from AOT; source=reverse-evidence/package-paths.txt
PKG-1147,flutter,text_span.dart,package:flutter/src/painting/text_span.dart,,S,reverse-evidence/package-paths.txt,imported,package path from AOT; source=reverse-evidence/package-paths.txt
PKG-1148,flutter,text_style.dart,package:flutter/src/painting/text_style.dart,,S,reverse-evidence/package-paths.txt,imported,package path from AOT; source=reverse-evidence/package-paths.txt
PKG-1149,flutter,friction_simulation.dart,package:flutter/src/physics/friction_simulation.dart,,S,reverse-evidence/package-paths.txt,imported,package path from AOT; source=reverse-evidence/package-paths.txt
PKG-1150,flutter,simulation.dart,package:flutter/src/physics/simulation.dart,,S,reverse-evidence/package-paths.txt,imported,package path from AOT; source=reverse-evidence/package-paths.txt
PKG-1151,flutter,spring_simulation.dart,package:flutter/src/physics/spring_simulation.dart,,S,reverse-evidence/package-paths.txt,imported,package path from AOT; source=reverse-evidence/package-paths.txt
PKG-1152,flutter,tolerance.dart,package:flutter/src/physics/tolerance.dart,,S,reverse-evidence/package-paths.txt,imported,package path from AOT; source=reverse-evidence/package-paths.txt
PKG-1153,flutter,utils.dart,package:flutter/src/physics/utils.dart,,S,reverse-evidence/package-paths.txt,imported,package path from AOT; source=reverse-evidence/package-paths.txt
PKG-1154,flutter,animated_size.dart,package:flutter/src/rendering/animated_size.dart,,S,reverse-evidence/package-paths.txt,imported,package path from AOT; source=reverse-evidence/package-paths.txt
PKG-1155,flutter,binding.dart,package:flutter/src/rendering/binding.dart,,S,reverse-evidence/package-paths.txt,imported,package path from AOT; source=reverse-evidence/package-paths.txt
PKG-1156,flutter,box.dart,package:flutter/src/rendering/box.dart,,S,reverse-evidence/package-paths.txt,imported,package path from AOT; source=reverse-evidence/package-paths.txt
PKG-1157,flutter,custom_layout.dart,package:flutter/src/rendering/custom_layout.dart,,S,reverse-evidence/package-paths.txt,imported,package path from AOT; source=reverse-evidence/package-paths.txt
PKG-1158,flutter,custom_paint.dart,package:flutter/src/rendering/custom_paint.dart,,S,reverse-evidence/package-paths.txt,imported,package path from AOT; source=reverse-evidence/package-paths.txt
PKG-1159,flutter,debug_overflow_indicator.dart,package:flutter/src/rendering/debug_overflow_indicator.dart,,S,reverse-evidence/package-paths.txt,imported,package path from AOT; source=reverse-evidence/package-paths.txt
PKG-1160,flutter,editable.dart,package:flutter/src/rendering/editable.dart,,S,reverse-evidence/package-paths.txt,imported,package path from AOT; source=reverse-evidence/package-paths.txt
PKG-1161,flutter,error.dart,package:flutter/src/rendering/error.dart,,S,reverse-evidence/package-paths.txt,imported,package path from AOT; source=reverse-evidence/package-paths.txt
PKG-1162,flutter,flex.dart,package:flutter/src/rendering/flex.dart,,S,reverse-evidence/package-paths.txt,imported,package path from AOT; source=reverse-evidence/package-paths.txt
PKG-1163,flutter,image.dart,package:flutter/src/rendering/image.dart,,S,reverse-evidence/package-paths.txt,imported,package path from AOT; source=reverse-evidence/package-paths.txt
PKG-1164,flutter,image_filter_config.dart,package:flutter/src/rendering/image_filter_config.dart,,S,reverse-evidence/package-paths.txt,imported,package path from AOT; source=reverse-evidence/package-paths.txt
PKG-1165,flutter,layer.dart,package:flutter/src/rendering/layer.dart,,S,reverse-evidence/package-paths.txt,imported,package path from AOT; source=reverse-evidence/package-paths.txt
PKG-1166,flutter,layout_helper.dart,package:flutter/src/rendering/layout_helper.dart,,S,reverse-evidence/package-paths.txt,imported,package path from AOT; source=reverse-evidence/package-paths.txt
PKG-1167,flutter,list_body.dart,package:flutter/src/rendering/list_body.dart,,S,reverse-evidence/package-paths.txt,imported,package path from AOT; source=reverse-evidence/package-paths.txt
PKG-1168,flutter,list_wheel_viewport.dart,package:flutter/src/rendering/list_wheel_viewport.dart,,S,reverse-evidence/package-paths.txt,imported,package path from AOT; source=reverse-evidence/package-paths.txt
PKG-1169,flutter,mouse_tracker.dart,package:flutter/src/rendering/mouse_tracker.dart,,S,reverse-evidence/package-paths.txt,imported,package path from AOT; source=reverse-evidence/package-paths.txt
PKG-1170,flutter,object.dart,package:flutter/src/rendering/object.dart,,S,reverse-evidence/package-paths.txt,imported,package path from AOT; source=reverse-evidence/package-paths.txt
PKG-1171,flutter,paragraph.dart,package:flutter/src/rendering/paragraph.dart,,S,reverse-evidence/package-paths.txt,imported,package path from AOT; source=reverse-evidence/package-paths.txt
PKG-1172,flutter,platform_view.dart,package:flutter/src/rendering/platform_view.dart,,S,reverse-evidence/package-paths.txt,imported,package path from AOT; source=reverse-evidence/package-paths.txt
PKG-1173,flutter,proxy_box.dart,package:flutter/src/rendering/proxy_box.dart,,S,reverse-evidence/package-paths.txt,imported,package path from AOT; source=reverse-evidence/package-paths.txt
PKG-1174,flutter,selection.dart,package:flutter/src/rendering/selection.dart,,S,reverse-evidence/package-paths.txt,imported,package path from AOT; source=reverse-evidence/package-paths.txt
PKG-1175,flutter,shifted_box.dart,package:flutter/src/rendering/shifted_box.dart,,S,reverse-evidence/package-paths.txt,imported,package path from AOT; source=reverse-evidence/package-paths.txt
PKG-1176,flutter,sliver.dart,package:flutter/src/rendering/sliver.dart,,S,reverse-evidence/package-paths.txt,imported,package path from AOT; source=reverse-evidence/package-paths.txt
PKG-1177,flutter,sliver_fill.dart,package:flutter/src/rendering/sliver_fill.dart,,S,reverse-evidence/package-paths.txt,imported,package path from AOT; source=reverse-evidence/package-paths.txt
PKG-1178,flutter,sliver_fixed_extent_list.dart,package:flutter/src/rendering/sliver_fixed_extent_list.dart,,S,reverse-evidence/package-paths.txt,imported,package path from AOT; source=reverse-evidence/package-paths.txt
PKG-1179,flutter,sliver_grid.dart,package:flutter/src/rendering/sliver_grid.dart,,S,reverse-evidence/package-paths.txt,imported,package path from AOT; source=reverse-evidence/package-paths.txt
PKG-1180,flutter,sliver_list.dart,package:flutter/src/rendering/sliver_list.dart,,S,reverse-evidence/package-paths.txt,imported,package path from AOT; source=reverse-evidence/package-paths.txt
PKG-1181,flutter,sliver_multi_box_adaptor.dart,package:flutter/src/rendering/sliver_multi_box_adaptor.dart,,S,reverse-evidence/package-paths.txt,imported,package path from AOT; source=reverse-evidence/package-paths.txt
PKG-1182,flutter,sliver_padding.dart,package:flutter/src/rendering/sliver_padding.dart,,S,reverse-evidence/package-paths.txt,imported,package path from AOT; source=reverse-evidence/package-paths.txt
PKG-1183,flutter,sliver_persistent_header.dart,package:flutter/src/rendering/sliver_persistent_header.dart,,S,reverse-evidence/package-paths.txt,imported,package path from AOT; source=reverse-evidence/package-paths.txt
PKG-1184,flutter,stack.dart,package:flutter/src/rendering/stack.dart,,S,reverse-evidence/package-paths.txt,imported,package path from AOT; source=reverse-evidence/package-paths.txt
PKG-1185,flutter,table.dart,package:flutter/src/rendering/table.dart,,S,reverse-evidence/package-paths.txt,imported,package path from AOT; source=reverse-evidence/package-paths.txt
PKG-1186,flutter,table_border.dart,package:flutter/src/rendering/table_border.dart,,S,reverse-evidence/package-paths.txt,imported,package path from AOT; source=reverse-evidence/package-paths.txt
PKG-1187,flutter,texture.dart,package:flutter/src/rendering/texture.dart,,S,reverse-evidence/package-paths.txt,imported,package path from AOT; source=reverse-evidence/package-paths.txt
PKG-1188,flutter,tweens.dart,package:flutter/src/rendering/tweens.dart,,S,reverse-evidence/package-paths.txt,imported,package path from AOT; source=reverse-evidence/package-paths.txt
PKG-1189,flutter,view.dart,package:flutter/src/rendering/view.dart,,S,reverse-evidence/package-paths.txt,imported,package path from AOT; source=reverse-evidence/package-paths.txt
PKG-1190,flutter,viewport.dart,package:flutter/src/rendering/viewport.dart,,S,reverse-evidence/package-paths.txt,imported,package path from AOT; source=reverse-evidence/package-paths.txt
PKG-1191,flutter,viewport_offset.dart,package:flutter/src/rendering/viewport_offset.dart,,S,reverse-evidence/package-paths.txt,imported,package path from AOT; source=reverse-evidence/package-paths.txt
PKG-1192,flutter,wrap.dart,package:flutter/src/rendering/wrap.dart,,S,reverse-evidence/package-paths.txt,imported,package path from AOT; source=reverse-evidence/package-paths.txt
PKG-1193,flutter,binding.dart,package:flutter/src/scheduler/binding.dart,,S,reverse-evidence/package-paths.txt,imported,package path from AOT; source=reverse-evidence/package-paths.txt
PKG-1194,flutter,ticker.dart,package:flutter/src/scheduler/ticker.dart,,S,reverse-evidence/package-paths.txt,imported,package path from AOT; source=reverse-evidence/package-paths.txt
PKG-1195,flutter,binding.dart,package:flutter/src/semantics/binding.dart,,S,reverse-evidence/package-paths.txt,imported,package path from AOT; source=reverse-evidence/package-paths.txt
PKG-1196,flutter,semantics.dart,package:flutter/src/semantics/semantics.dart,,S,reverse-evidence/package-paths.txt,imported,package path from AOT; source=reverse-evidence/package-paths.txt
PKG-1197,flutter,semantics_event.dart,package:flutter/src/semantics/semantics_event.dart,,S,reverse-evidence/package-paths.txt,imported,package path from AOT; source=reverse-evidence/package-paths.txt
PKG-1198,flutter,semantics_service.dart,package:flutter/src/semantics/semantics_service.dart,,S,reverse-evidence/package-paths.txt,imported,package path from AOT; source=reverse-evidence/package-paths.txt
PKG-1199,flutter,_background_isolate_binary_messenger_io.dart,package:flutter/src/services/_background_isolate_binary_messenger_io.dart,,S,reverse-evidence/package-paths.txt,imported,package path from AOT; source=reverse-evidence/package-paths.txt
PKG-1200,flutter,asset_bundle.dart,package:flutter/src/services/asset_bundle.dart,,S,reverse-evidence/package-paths.txt,imported,package path from AOT; source=reverse-evidence/package-paths.txt
PKG-1201,flutter,asset_manifest.dart,package:flutter/src/services/asset_manifest.dart,,S,reverse-evidence/package-paths.txt,imported,package path from AOT; source=reverse-evidence/package-paths.txt
PKG-1202,flutter,autofill.dart,package:flutter/src/services/autofill.dart,,S,reverse-evidence/package-paths.txt,imported,package path from AOT; source=reverse-evidence/package-paths.txt
PKG-1203,flutter,binary_messenger.dart,package:flutter/src/services/binary_messenger.dart,,S,reverse-evidence/package-paths.txt,imported,package path from AOT; source=reverse-evidence/package-paths.txt
PKG-1204,flutter,binding.dart,package:flutter/src/services/binding.dart,,S,reverse-evidence/package-paths.txt,imported,package path from AOT; source=reverse-evidence/package-paths.txt
PKG-1205,flutter,clipboard.dart,package:flutter/src/services/clipboard.dart,,S,reverse-evidence/package-paths.txt,imported,package path from AOT; source=reverse-evidence/package-paths.txt
PKG-1206,flutter,font_loader.dart,package:flutter/src/services/font_loader.dart,,S,reverse-evidence/package-paths.txt,imported,package path from AOT; source=reverse-evidence/package-paths.txt
PKG-1207,flutter,haptic_feedback.dart,package:flutter/src/services/haptic_feedback.dart,,S,reverse-evidence/package-paths.txt,imported,package path from AOT; source=reverse-evidence/package-paths.txt
PKG-1208,flutter,hardware_keyboard.dart,package:flutter/src/services/hardware_keyboard.dart,,S,reverse-evidence/package-paths.txt,imported,package path from AOT; source=reverse-evidence/package-paths.txt
PKG-1209,flutter,keyboard_inserted_content.dart,package:flutter/src/services/keyboard_inserted_content.dart,,S,reverse-evidence/package-paths.txt,imported,package path from AOT; source=reverse-evidence/package-paths.txt
PKG-1210,flutter,keyboard_key.g.dart,package:flutter/src/services/keyboard_key.g.dart,,S,reverse-evidence/package-paths.txt,imported,package path from AOT; source=reverse-evidence/package-paths.txt
PKG-1211,flutter,live_text.dart,package:flutter/src/services/live_text.dart,,S,reverse-evidence/package-paths.txt,imported,package path from AOT; source=reverse-evidence/package-paths.txt
PKG-1212,flutter,message_codec.dart,package:flutter/src/services/message_codec.dart,,S,reverse-evidence/package-paths.txt,imported,package path from AOT; source=reverse-evidence/package-paths.txt
PKG-1213,flutter,message_codecs.dart,package:flutter/src/services/message_codecs.dart,,S,reverse-evidence/package-paths.txt,imported,package path from AOT; source=reverse-evidence/package-paths.txt
PKG-1214,flutter,mouse_cursor.dart,package:flutter/src/services/mouse_cursor.dart,,S,reverse-evidence/package-paths.txt,imported,package path from AOT; source=reverse-evidence/package-paths.txt
PKG-1215,flutter,mouse_tracking.dart,package:flutter/src/services/mouse_tracking.dart,,S,reverse-evidence/package-paths.txt,imported,package path from AOT; source=reverse-evidence/package-paths.txt
PKG-1216,flutter,platform_channel.dart,package:flutter/src/services/platform_channel.dart,,S,reverse-evidence/package-paths.txt,imported,package path from AOT; source=reverse-evidence/package-paths.txt
PKG-1217,flutter,platform_views.dart,package:flutter/src/services/platform_views.dart,,S,reverse-evidence/package-paths.txt,imported,package path from AOT; source=reverse-evidence/package-paths.txt
PKG-1218,flutter,predictive_back_event.dart,package:flutter/src/services/predictive_back_event.dart,,S,reverse-evidence/package-paths.txt,imported,package path from AOT; source=reverse-evidence/package-paths.txt
PKG-1219,flutter,process_text.dart,package:flutter/src/services/process_text.dart,,S,reverse-evidence/package-paths.txt,imported,package path from AOT; source=reverse-evidence/package-paths.txt
PKG-1220,flutter,raw_keyboard.dart,package:flutter/src/services/raw_keyboard.dart,,S,reverse-evidence/package-paths.txt,imported,package path from AOT; source=reverse-evidence/package-paths.txt
PKG-1221,flutter,raw_keyboard_android.dart,package:flutter/src/services/raw_keyboard_android.dart,,S,reverse-evidence/package-paths.txt,imported,package path from AOT; source=reverse-evidence/package-paths.txt
PKG-1222,flutter,raw_keyboard_fuchsia.dart,package:flutter/src/services/raw_keyboard_fuchsia.dart,,S,reverse-evidence/package-paths.txt,imported,package path from AOT; source=reverse-evidence/package-paths.txt
PKG-1223,flutter,raw_keyboard_ios.dart,package:flutter/src/services/raw_keyboard_ios.dart,,S,reverse-evidence/package-paths.txt,imported,package path from AOT; source=reverse-evidence/package-paths.txt
PKG-1224,flutter,raw_keyboard_linux.dart,package:flutter/src/services/raw_keyboard_linux.dart,,S,reverse-evidence/package-paths.txt,imported,package path from AOT; source=reverse-evidence/package-paths.txt
PKG-1225,flutter,raw_keyboard_macos.dart,package:flutter/src/services/raw_keyboard_macos.dart,,S,reverse-evidence/package-paths.txt,imported,package path from AOT; source=reverse-evidence/package-paths.txt
PKG-1226,flutter,raw_keyboard_web.dart,package:flutter/src/services/raw_keyboard_web.dart,,S,reverse-evidence/package-paths.txt,imported,package path from AOT; source=reverse-evidence/package-paths.txt
PKG-1227,flutter,raw_keyboard_windows.dart,package:flutter/src/services/raw_keyboard_windows.dart,,S,reverse-evidence/package-paths.txt,imported,package path from AOT; source=reverse-evidence/package-paths.txt
PKG-1228,flutter,restoration.dart,package:flutter/src/services/restoration.dart,,S,reverse-evidence/package-paths.txt,imported,package path from AOT; source=reverse-evidence/package-paths.txt
PKG-1229,flutter,system_chrome.dart,package:flutter/src/services/system_chrome.dart,,S,reverse-evidence/package-paths.txt,imported,package path from AOT; source=reverse-evidence/package-paths.txt
PKG-1230,flutter,system_navigator.dart,package:flutter/src/services/system_navigator.dart,,S,reverse-evidence/package-paths.txt,imported,package path from AOT; source=reverse-evidence/package-paths.txt
PKG-1231,flutter,system_sound.dart,package:flutter/src/services/system_sound.dart,,S,reverse-evidence/package-paths.txt,imported,package path from AOT; source=reverse-evidence/package-paths.txt
PKG-1232,flutter,text_boundary.dart,package:flutter/src/services/text_boundary.dart,,S,reverse-evidence/package-paths.txt,imported,package path from AOT; source=reverse-evidence/package-paths.txt
PKG-1233,flutter,text_editing.dart,package:flutter/src/services/text_editing.dart,,S,reverse-evidence/package-paths.txt,imported,package path from AOT; source=reverse-evidence/package-paths.txt
PKG-1234,flutter,text_editing_delta.dart,package:flutter/src/services/text_editing_delta.dart,,S,reverse-evidence/package-paths.txt,imported,package path from AOT; source=reverse-evidence/package-paths.txt
PKG-1235,flutter,text_formatter.dart,package:flutter/src/services/text_formatter.dart,,S,reverse-evidence/package-paths.txt,imported,package path from AOT; source=reverse-evidence/package-paths.txt
PKG-1236,flutter,text_input.dart,package:flutter/src/services/text_input.dart,,S,reverse-evidence/package-paths.txt,imported,package path from AOT; source=reverse-evidence/package-paths.txt
PKG-1237,flutter,text_layout_metrics.dart,package:flutter/src/services/text_layout_metrics.dart,,S,reverse-evidence/package-paths.txt,imported,package path from AOT; source=reverse-evidence/package-paths.txt
PKG-1238,flutter,undo_manager.dart,package:flutter/src/services/undo_manager.dart,,S,reverse-evidence/package-paths.txt,imported,package path from AOT; source=reverse-evidence/package-paths.txt
PKG-1239,flutter,_window.dart,package:flutter/src/widgets/_window.dart,,S,reverse-evidence/package-paths.txt,imported,package path from AOT; source=reverse-evidence/package-paths.txt
PKG-1240,flutter,actions.dart,package:flutter/src/widgets/actions.dart,,S,reverse-evidence/package-paths.txt,imported,package path from AOT; source=reverse-evidence/package-paths.txt
PKG-1241,flutter,animated_cross_fade.dart,package:flutter/src/widgets/animated_cross_fade.dart,,S,reverse-evidence/package-paths.txt,imported,package path from AOT; source=reverse-evidence/package-paths.txt
PKG-1242,flutter,animated_size.dart,package:flutter/src/widgets/animated_size.dart,,S,reverse-evidence/package-paths.txt,imported,package path from AOT; source=reverse-evidence/package-paths.txt
PKG-1243,flutter,animated_switcher.dart,package:flutter/src/widgets/animated_switcher.dart,,S,reverse-evidence/package-paths.txt,imported,package path from AOT; source=reverse-evidence/package-paths.txt
PKG-1244,flutter,annotated_region.dart,package:flutter/src/widgets/annotated_region.dart,,S,reverse-evidence/package-paths.txt,imported,package path from AOT; source=reverse-evidence/package-paths.txt
PKG-1245,flutter,app.dart,package:flutter/src/widgets/app.dart,,S,reverse-evidence/package-paths.txt,imported,package path from AOT; source=reverse-evidence/package-paths.txt
PKG-1246,flutter,app_lifecycle_listener.dart,package:flutter/src/widgets/app_lifecycle_listener.dart,,S,reverse-evidence/package-paths.txt,imported,package path from AOT; source=reverse-evidence/package-paths.txt
PKG-1247,flutter,async.dart,package:flutter/src/widgets/async.dart,,S,reverse-evidence/package-paths.txt,imported,package path from AOT; source=reverse-evidence/package-paths.txt
PKG-1248,flutter,autofill.dart,package:flutter/src/widgets/autofill.dart,,S,reverse-evidence/package-paths.txt,imported,package path from AOT; source=reverse-evidence/package-paths.txt
PKG-1249,flutter,automatic_keep_alive.dart,package:flutter/src/widgets/automatic_keep_alive.dart,,S,reverse-evidence/package-paths.txt,imported,package path from AOT; source=reverse-evidence/package-paths.txt
PKG-1250,flutter,basic.dart,package:flutter/src/widgets/basic.dart,,S,reverse-evidence/package-paths.txt,imported,package path from AOT; source=reverse-evidence/package-paths.txt
PKG-1251,flutter,binding.dart,package:flutter/src/widgets/binding.dart,,S,reverse-evidence/package-paths.txt,imported,package path from AOT; source=reverse-evidence/package-paths.txt
PKG-1252,flutter,color_filter.dart,package:flutter/src/widgets/color_filter.dart,,S,reverse-evidence/package-paths.txt,imported,package path from AOT; source=reverse-evidence/package-paths.txt
PKG-1253,flutter,container.dart,package:flutter/src/widgets/container.dart,,S,reverse-evidence/package-paths.txt,imported,package path from AOT; source=reverse-evidence/package-paths.txt
PKG-1254,flutter,context_menu_button_item.dart,package:flutter/src/widgets/context_menu_button_item.dart,,S,reverse-evidence/package-paths.txt,imported,package path from AOT; source=reverse-evidence/package-paths.txt
PKG-1255,flutter,context_menu_controller.dart,package:flutter/src/widgets/context_menu_controller.dart,,S,reverse-evidence/package-paths.txt,imported,package path from AOT; source=reverse-evidence/package-paths.txt
PKG-1256,flutter,default_selection_style.dart,package:flutter/src/widgets/default_selection_style.dart,,S,reverse-evidence/package-paths.txt,imported,package path from AOT; source=reverse-evidence/package-paths.txt
PKG-1257,flutter,default_text_editing_shortcuts.dart,package:flutter/src/widgets/default_text_editing_shortcuts.dart,,S,reverse-evidence/package-paths.txt,imported,package path from AOT; source=reverse-evidence/package-paths.txt
PKG-1258,flutter,desktop_text_selection_toolbar_layout_delegate.dart,package:flutter/src/widgets/desktop_text_selection_toolbar_layout_delegate.dart,,S,reverse-evidence/package-paths.txt,imported,package path from AOT; source=reverse-evidence/package-paths.txt
PKG-1259,flutter,dismissible.dart,package:flutter/src/widgets/dismissible.dart,,S,reverse-evidence/package-paths.txt,imported,package path from AOT; source=reverse-evidence/package-paths.txt
PKG-1260,flutter,display_feature_sub_screen.dart,package:flutter/src/widgets/display_feature_sub_screen.dart,,S,reverse-evidence/package-paths.txt,imported,package path from AOT; source=reverse-evidence/package-paths.txt
PKG-1261,flutter,disposable_build_context.dart,package:flutter/src/widgets/disposable_build_context.dart,,S,reverse-evidence/package-paths.txt,imported,package path from AOT; source=reverse-evidence/package-paths.txt
PKG-1262,flutter,drag_boundary.dart,package:flutter/src/widgets/drag_boundary.dart,,S,reverse-evidence/package-paths.txt,imported,package path from AOT; source=reverse-evidence/package-paths.txt
PKG-1263,flutter,drag_target.dart,package:flutter/src/widgets/drag_target.dart,,S,reverse-evidence/package-paths.txt,imported,package path from AOT; source=reverse-evidence/package-paths.txt
PKG-1264,flutter,draggable_scrollable_sheet.dart,package:flutter/src/widgets/draggable_scrollable_sheet.dart,,S,reverse-evidence/package-paths.txt,imported,package path from AOT; source=reverse-evidence/package-paths.txt
PKG-1265,flutter,dual_transition_builder.dart,package:flutter/src/widgets/dual_transition_builder.dart,,S,reverse-evidence/package-paths.txt,imported,package path from AOT; source=reverse-evidence/package-paths.txt
PKG-1266,flutter,editable_text.dart,package:flutter/src/widgets/editable_text.dart,,S,reverse-evidence/package-paths.txt,imported,package path from AOT; source=reverse-evidence/package-paths.txt
PKG-1267,flutter,expansible.dart,package:flutter/src/widgets/expansible.dart,,S,reverse-evidence/package-paths.txt,imported,package path from AOT; source=reverse-evidence/package-paths.txt
PKG-1268,flutter,feedback.dart,package:flutter/src/widgets/feedback.dart,,S,reverse-evidence/package-paths.txt,imported,package path from AOT; source=reverse-evidence/package-paths.txt
PKG-1269,flutter,focus_manager.dart,package:flutter/src/widgets/focus_manager.dart,,S,reverse-evidence/package-paths.txt,imported,package path from AOT; source=reverse-evidence/package-paths.txt
PKG-1270,flutter,focus_scope.dart,package:flutter/src/widgets/focus_scope.dart,,S,reverse-evidence/package-paths.txt,imported,package path from AOT; source=reverse-evidence/package-paths.txt
PKG-1271,flutter,focus_traversal.dart,package:flutter/src/widgets/focus_traversal.dart,,S,reverse-evidence/package-paths.txt,imported,package path from AOT; source=reverse-evidence/package-paths.txt
PKG-1272,flutter,form.dart,package:flutter/src/widgets/form.dart,,S,reverse-evidence/package-paths.txt,imported,package path from AOT; source=reverse-evidence/package-paths.txt
PKG-1273,flutter,framework.dart,package:flutter/src/widgets/framework.dart,,S,reverse-evidence/package-paths.txt,imported,package path from AOT; source=reverse-evidence/package-paths.txt
PKG-1274,flutter,gesture_detector.dart,package:flutter/src/widgets/gesture_detector.dart,,S,reverse-evidence/package-paths.txt,imported,package path from AOT; source=reverse-evidence/package-paths.txt
PKG-1275,flutter,heroes.dart,package:flutter/src/widgets/heroes.dart,,S,reverse-evidence/package-paths.txt,imported,package path from AOT; source=reverse-evidence/package-paths.txt
PKG-1276,flutter,icon.dart,package:flutter/src/widgets/icon.dart,,S,reverse-evidence/package-paths.txt,imported,package path from AOT; source=reverse-evidence/package-paths.txt
PKG-1277,flutter,icon_data.dart,package:flutter/src/widgets/icon_data.dart,,S,reverse-evidence/package-paths.txt,imported,package path from AOT; source=reverse-evidence/package-paths.txt
PKG-1278,flutter,icon_theme.dart,package:flutter/src/widgets/icon_theme.dart,,S,reverse-evidence/package-paths.txt,imported,package path from AOT; source=reverse-evidence/package-paths.txt
PKG-1279,flutter,icon_theme_data.dart,package:flutter/src/widgets/icon_theme_data.dart,,S,reverse-evidence/package-paths.txt,imported,package path from AOT; source=reverse-evidence/package-paths.txt
PKG-1280,flutter,image.dart,package:flutter/src/widgets/image.dart,,S,reverse-evidence/package-paths.txt,imported,package path from AOT; source=reverse-evidence/package-paths.txt
PKG-1281,flutter,image_filter.dart,package:flutter/src/widgets/image_filter.dart,,S,reverse-evidence/package-paths.txt,imported,package path from AOT; source=reverse-evidence/package-paths.txt
PKG-1282,flutter,implicit_animations.dart,package:flutter/src/widgets/implicit_animations.dart,,S,reverse-evidence/package-paths.txt,imported,package path from AOT; source=reverse-evidence/package-paths.txt
PKG-1283,flutter,inherited_model.dart,package:flutter/src/widgets/inherited_model.dart,,S,reverse-evidence/package-paths.txt,imported,package path from AOT; source=reverse-evidence/package-paths.txt
PKG-1284,flutter,inherited_notifier.dart,package:flutter/src/widgets/inherited_notifier.dart,,S,reverse-evidence/package-paths.txt,imported,package path from AOT; source=reverse-evidence/package-paths.txt
PKG-1285,flutter,inherited_theme.dart,package:flutter/src/widgets/inherited_theme.dart,,S,reverse-evidence/package-paths.txt,imported,package path from AOT; source=reverse-evidence/package-paths.txt
PKG-1286,flutter,interactive_viewer.dart,package:flutter/src/widgets/interactive_viewer.dart,,S,reverse-evidence/package-paths.txt,imported,package path from AOT; source=reverse-evidence/package-paths.txt
PKG-1287,flutter,keyboard_listener.dart,package:flutter/src/widgets/keyboard_listener.dart,,S,reverse-evidence/package-paths.txt,imported,package path from AOT; source=reverse-evidence/package-paths.txt
PKG-1288,flutter,layout_builder.dart,package:flutter/src/widgets/layout_builder.dart,,S,reverse-evidence/package-paths.txt,imported,package path from AOT; source=reverse-evidence/package-paths.txt
PKG-1289,flutter,list_wheel_scroll_view.dart,package:flutter/src/widgets/list_wheel_scroll_view.dart,,S,reverse-evidence/package-paths.txt,imported,package path from AOT; source=reverse-evidence/package-paths.txt
PKG-1290,flutter,localizations.dart,package:flutter/src/widgets/localizations.dart,,S,reverse-evidence/package-paths.txt,imported,package path from AOT; source=reverse-evidence/package-paths.txt
PKG-1291,flutter,lookup_boundary.dart,package:flutter/src/widgets/lookup_boundary.dart,,S,reverse-evidence/package-paths.txt,imported,package path from AOT; source=reverse-evidence/package-paths.txt
PKG-1292,flutter,magnifier.dart,package:flutter/src/widgets/magnifier.dart,,S,reverse-evidence/package-paths.txt,imported,package path from AOT; source=reverse-evidence/package-paths.txt
PKG-1293,flutter,media_query.dart,package:flutter/src/widgets/media_query.dart,,S,reverse-evidence/package-paths.txt,imported,package path from AOT; source=reverse-evidence/package-paths.txt
PKG-1294,flutter,modal_barrier.dart,package:flutter/src/widgets/modal_barrier.dart,,S,reverse-evidence/package-paths.txt,imported,package path from AOT; source=reverse-evidence/package-paths.txt
PKG-1295,flutter,navigation_toolbar.dart,package:flutter/src/widgets/navigation_toolbar.dart,,S,reverse-evidence/package-paths.txt,imported,package path from AOT; source=reverse-evidence/package-paths.txt
PKG-1296,flutter,navigator.dart,package:flutter/src/widgets/navigator.dart,,S,reverse-evidence/package-paths.txt,imported,package path from AOT; source=reverse-evidence/package-paths.txt
PKG-1297,flutter,nested_scroll_view.dart,package:flutter/src/widgets/nested_scroll_view.dart,,S,reverse-evidence/package-paths.txt,imported,package path from AOT; source=reverse-evidence/package-paths.txt
PKG-1298,flutter,notification_listener.dart,package:flutter/src/widgets/notification_listener.dart,,S,reverse-evidence/package-paths.txt,imported,package path from AOT; source=reverse-evidence/package-paths.txt
PKG-1299,flutter,overflow_bar.dart,package:flutter/src/widgets/overflow_bar.dart,,S,reverse-evidence/package-paths.txt,imported,package path from AOT; source=reverse-evidence/package-paths.txt
PKG-1300,flutter,overlay.dart,package:flutter/src/widgets/overlay.dart,,S,reverse-evidence/package-paths.txt,imported,package path from AOT; source=reverse-evidence/package-paths.txt
PKG-1301,flutter,overscroll_indicator.dart,package:flutter/src/widgets/overscroll_indicator.dart,,S,reverse-evidence/package-paths.txt,imported,package path from AOT; source=reverse-evidence/package-paths.txt
PKG-1302,flutter,page_storage.dart,package:flutter/src/widgets/page_storage.dart,,S,reverse-evidence/package-paths.txt,imported,package path from AOT; source=reverse-evidence/package-paths.txt
PKG-1303,flutter,page_transitions_builder.dart,package:flutter/src/widgets/page_transitions_builder.dart,,S,reverse-evidence/package-paths.txt,imported,package path from AOT; source=reverse-evidence/package-paths.txt
PKG-1304,flutter,page_view.dart,package:flutter/src/widgets/page_view.dart,,S,reverse-evidence/package-paths.txt,imported,package path from AOT; source=reverse-evidence/package-paths.txt
PKG-1305,flutter,pages.dart,package:flutter/src/widgets/pages.dart,,S,reverse-evidence/package-paths.txt,imported,package path from AOT; source=reverse-evidence/package-paths.txt
PKG-1306,flutter,platform_menu_bar.dart,package:flutter/src/widgets/platform_menu_bar.dart,,S,reverse-evidence/package-paths.txt,imported,package path from AOT; source=reverse-evidence/package-paths.txt
PKG-1307,flutter,platform_view.dart,package:flutter/src/widgets/platform_view.dart,,S,reverse-evidence/package-paths.txt,imported,package path from AOT; source=reverse-evidence/package-paths.txt
PKG-1308,flutter,pop_scope.dart,package:flutter/src/widgets/pop_scope.dart,,S,reverse-evidence/package-paths.txt,imported,package path from AOT; source=reverse-evidence/package-paths.txt
PKG-1309,flutter,preferred_size.dart,package:flutter/src/widgets/preferred_size.dart,,S,reverse-evidence/package-paths.txt,imported,package path from AOT; source=reverse-evidence/package-paths.txt
PKG-1310,flutter,primary_scroll_controller.dart,package:flutter/src/widgets/primary_scroll_controller.dart,,S,reverse-evidence/package-paths.txt,imported,package path from AOT; source=reverse-evidence/package-paths.txt
PKG-1311,flutter,radio_group.dart,package:flutter/src/widgets/radio_group.dart,,S,reverse-evidence/package-paths.txt,imported,package path from AOT; source=reverse-evidence/package-paths.txt
PKG-1312,flutter,raw_radio.dart,package:flutter/src/widgets/raw_radio.dart,,S,reverse-evidence/package-paths.txt,imported,package path from AOT; source=reverse-evidence/package-paths.txt
PKG-1313,flutter,raw_tooltip.dart,package:flutter/src/widgets/raw_tooltip.dart,,S,reverse-evidence/package-paths.txt,imported,package path from AOT; source=reverse-evidence/package-paths.txt
PKG-1314,flutter,reorderable_list.dart,package:flutter/src/widgets/reorderable_list.dart,,S,reverse-evidence/package-paths.txt,imported,package path from AOT; source=reverse-evidence/package-paths.txt
PKG-1315,flutter,restoration.dart,package:flutter/src/widgets/restoration.dart,,S,reverse-evidence/package-paths.txt,imported,package path from AOT; source=reverse-evidence/package-paths.txt
PKG-1316,flutter,restoration_properties.dart,package:flutter/src/widgets/restoration_properties.dart,,S,reverse-evidence/package-paths.txt,imported,package path from AOT; source=reverse-evidence/package-paths.txt
PKG-1317,flutter,router.dart,package:flutter/src/widgets/router.dart,,S,reverse-evidence/package-paths.txt,imported,package path from AOT; source=reverse-evidence/package-paths.txt
PKG-1318,flutter,routes.dart,package:flutter/src/widgets/routes.dart,,S,reverse-evidence/package-paths.txt,imported,package path from AOT; source=reverse-evidence/package-paths.txt
PKG-1319,flutter,safe_area.dart,package:flutter/src/widgets/safe_area.dart,,S,reverse-evidence/package-paths.txt,imported,package path from AOT; source=reverse-evidence/package-paths.txt
PKG-1320,flutter,scroll_activity.dart,package:flutter/src/widgets/scroll_activity.dart,,S,reverse-evidence/package-paths.txt,imported,package path from AOT; source=reverse-evidence/package-paths.txt
PKG-1321,flutter,scroll_aware_image_provider.dart,package:flutter/src/widgets/scroll_aware_image_provider.dart,,S,reverse-evidence/package-paths.txt,imported,package path from AOT; source=reverse-evidence/package-paths.txt
PKG-1322,flutter,scroll_configuration.dart,package:flutter/src/widgets/scroll_configuration.dart,,S,reverse-evidence/package-paths.txt,imported,package path from AOT; source=reverse-evidence/package-paths.txt
PKG-1323,flutter,scroll_context.dart,package:flutter/src/widgets/scroll_context.dart,,S,reverse-evidence/package-paths.txt,imported,package path from AOT; source=reverse-evidence/package-paths.txt
PKG-1324,flutter,scroll_controller.dart,package:flutter/src/widgets/scroll_controller.dart,,S,reverse-evidence/package-paths.txt,imported,package path from AOT; source=reverse-evidence/package-paths.txt
PKG-1325,flutter,scroll_delegate.dart,package:flutter/src/widgets/scroll_delegate.dart,,S,reverse-evidence/package-paths.txt,imported,package path from AOT; source=reverse-evidence/package-paths.txt
PKG-1326,flutter,scroll_metrics.dart,package:flutter/src/widgets/scroll_metrics.dart,,S,reverse-evidence/package-paths.txt,imported,package path from AOT; source=reverse-evidence/package-paths.txt
PKG-1327,flutter,scroll_notification.dart,package:flutter/src/widgets/scroll_notification.dart,,S,reverse-evidence/package-paths.txt,imported,package path from AOT; source=reverse-evidence/package-paths.txt
PKG-1328,flutter,scroll_notification_observer.dart,package:flutter/src/widgets/scroll_notification_observer.dart,,S,reverse-evidence/package-paths.txt,imported,package path from AOT; source=reverse-evidence/package-paths.txt
PKG-1329,flutter,scroll_physics.dart,package:flutter/src/widgets/scroll_physics.dart,,S,reverse-evidence/package-paths.txt,imported,package path from AOT; source=reverse-evidence/package-paths.txt
PKG-1330,flutter,scroll_position.dart,package:flutter/src/widgets/scroll_position.dart,,S,reverse-evidence/package-paths.txt,imported,package path from AOT; source=reverse-evidence/package-paths.txt
PKG-1331,flutter,scroll_position_with_single_context.dart,package:flutter/src/widgets/scroll_position_with_single_context.dart,,S,reverse-evidence/package-paths.txt,imported,package path from AOT; source=reverse-evidence/package-paths.txt
PKG-1332,flutter,scroll_simulation.dart,package:flutter/src/widgets/scroll_simulation.dart,,S,reverse-evidence/package-paths.txt,imported,package path from AOT; source=reverse-evidence/package-paths.txt
PKG-1333,flutter,scroll_view.dart,package:flutter/src/widgets/scroll_view.dart,,S,reverse-evidence/package-paths.txt,imported,package path from AOT; source=reverse-evidence/package-paths.txt
PKG-1334,flutter,scrollable.dart,package:flutter/src/widgets/scrollable.dart,,S,reverse-evidence/package-paths.txt,imported,package path from AOT; source=reverse-evidence/package-paths.txt
PKG-1335,flutter,scrollable_helpers.dart,package:flutter/src/widgets/scrollable_helpers.dart,,S,reverse-evidence/package-paths.txt,imported,package path from AOT; source=reverse-evidence/package-paths.txt
PKG-1336,flutter,scrollbar.dart,package:flutter/src/widgets/scrollbar.dart,,S,reverse-evidence/package-paths.txt,imported,package path from AOT; source=reverse-evidence/package-paths.txt
PKG-1337,flutter,selectable_region.dart,package:flutter/src/widgets/selectable_region.dart,,S,reverse-evidence/package-paths.txt,imported,package path from AOT; source=reverse-evidence/package-paths.txt
PKG-1338,flutter,selection_container.dart,package:flutter/src/widgets/selection_container.dart,,S,reverse-evidence/package-paths.txt,imported,package path from AOT; source=reverse-evidence/package-paths.txt
PKG-1339,flutter,shared_app_data.dart,package:flutter/src/widgets/shared_app_data.dart,,S,reverse-evidence/package-paths.txt,imported,package path from AOT; source=reverse-evidence/package-paths.txt
PKG-1340,flutter,shortcuts.dart,package:flutter/src/widgets/shortcuts.dart,,S,reverse-evidence/package-paths.txt,imported,package path from AOT; source=reverse-evidence/package-paths.txt
PKG-1341,flutter,single_child_scroll_view.dart,package:flutter/src/widgets/single_child_scroll_view.dart,,S,reverse-evidence/package-paths.txt,imported,package path from AOT; source=reverse-evidence/package-paths.txt
PKG-1342,flutter,size_changed_layout_notifier.dart,package:flutter/src/widgets/size_changed_layout_notifier.dart,,S,reverse-evidence/package-paths.txt,imported,package path from AOT; source=reverse-evidence/package-paths.txt
PKG-1343,flutter,sliver.dart,package:flutter/src/widgets/sliver.dart,,S,reverse-evidence/package-paths.txt,imported,package path from AOT; source=reverse-evidence/package-paths.txt
PKG-1344,flutter,sliver_fill.dart,package:flutter/src/widgets/sliver_fill.dart,,S,reverse-evidence/package-paths.txt,imported,package path from AOT; source=reverse-evidence/package-paths.txt
PKG-1345,flutter,sliver_persistent_header.dart,package:flutter/src/widgets/sliver_persistent_header.dart,,S,reverse-evidence/package-paths.txt,imported,package path from AOT; source=reverse-evidence/package-paths.txt
PKG-1346,flutter,sliver_prototype_extent_list.dart,package:flutter/src/widgets/sliver_prototype_extent_list.dart,,S,reverse-evidence/package-paths.txt,imported,package path from AOT; source=reverse-evidence/package-paths.txt
PKG-1347,flutter,slotted_render_object_widget.dart,package:flutter/src/widgets/slotted_render_object_widget.dart,,S,reverse-evidence/package-paths.txt,imported,package path from AOT; source=reverse-evidence/package-paths.txt
PKG-1348,flutter,snapshot_widget.dart,package:flutter/src/widgets/snapshot_widget.dart,,S,reverse-evidence/package-paths.txt,imported,package path from AOT; source=reverse-evidence/package-paths.txt
PKG-1349,flutter,spacer.dart,package:flutter/src/widgets/spacer.dart,,S,reverse-evidence/package-paths.txt,imported,package path from AOT; source=reverse-evidence/package-paths.txt
PKG-1350,flutter,spell_check.dart,package:flutter/src/widgets/spell_check.dart,,S,reverse-evidence/package-paths.txt,imported,package path from AOT; source=reverse-evidence/package-paths.txt
PKG-1351,flutter,standard_component_type.dart,package:flutter/src/widgets/standard_component_type.dart,,S,reverse-evidence/package-paths.txt,imported,package path from AOT; source=reverse-evidence/package-paths.txt
PKG-1352,flutter,stretch_effect.dart,package:flutter/src/widgets/stretch_effect.dart,,S,reverse-evidence/package-paths.txt,imported,package path from AOT; source=reverse-evidence/package-paths.txt
PKG-1353,flutter,system_context_menu.dart,package:flutter/src/widgets/system_context_menu.dart,,S,reverse-evidence/package-paths.txt,imported,package path from AOT; source=reverse-evidence/package-paths.txt
PKG-1354,flutter,table.dart,package:flutter/src/widgets/table.dart,,S,reverse-evidence/package-paths.txt,imported,package path from AOT; source=reverse-evidence/package-paths.txt
PKG-1355,flutter,tap_region.dart,package:flutter/src/widgets/tap_region.dart,,S,reverse-evidence/package-paths.txt,imported,package path from AOT; source=reverse-evidence/package-paths.txt
PKG-1356,flutter,text.dart,package:flutter/src/widgets/text.dart,,S,reverse-evidence/package-paths.txt,imported,package path from AOT; source=reverse-evidence/package-paths.txt
PKG-1357,flutter,text_editing_intents.dart,package:flutter/src/widgets/text_editing_intents.dart,,S,reverse-evidence/package-paths.txt,imported,package path from AOT; source=reverse-evidence/package-paths.txt
PKG-1358,flutter,text_selection.dart,package:flutter/src/widgets/text_selection.dart,,S,reverse-evidence/package-paths.txt,imported,package path from AOT; source=reverse-evidence/package-paths.txt
PKG-1359,flutter,text_selection_toolbar_anchors.dart,package:flutter/src/widgets/text_selection_toolbar_anchors.dart,,S,reverse-evidence/package-paths.txt,imported,package path from AOT; source=reverse-evidence/package-paths.txt
PKG-1360,flutter,text_selection_toolbar_layout_delegate.dart,package:flutter/src/widgets/text_selection_toolbar_layout_delegate.dart,,S,reverse-evidence/package-paths.txt,imported,package path from AOT; source=reverse-evidence/package-paths.txt
PKG-1361,flutter,texture.dart,package:flutter/src/widgets/texture.dart,,S,reverse-evidence/package-paths.txt,imported,package path from AOT; source=reverse-evidence/package-paths.txt
PKG-1362,flutter,ticker_provider.dart,package:flutter/src/widgets/ticker_provider.dart,,S,reverse-evidence/package-paths.txt,imported,package path from AOT; source=reverse-evidence/package-paths.txt
PKG-1363,flutter,title.dart,package:flutter/src/widgets/title.dart,,S,reverse-evidence/package-paths.txt,imported,package path from AOT; source=reverse-evidence/package-paths.txt
PKG-1364,flutter,toggleable.dart,package:flutter/src/widgets/toggleable.dart,,S,reverse-evidence/package-paths.txt,imported,package path from AOT; source=reverse-evidence/package-paths.txt
PKG-1365,flutter,transitions.dart,package:flutter/src/widgets/transitions.dart,,S,reverse-evidence/package-paths.txt,imported,package path from AOT; source=reverse-evidence/package-paths.txt
PKG-1366,flutter,tween_animation_builder.dart,package:flutter/src/widgets/tween_animation_builder.dart,,S,reverse-evidence/package-paths.txt,imported,package path from AOT; source=reverse-evidence/package-paths.txt
PKG-1367,flutter,undo_history.dart,package:flutter/src/widgets/undo_history.dart,,S,reverse-evidence/package-paths.txt,imported,package path from AOT; source=reverse-evidence/package-paths.txt
PKG-1368,flutter,value_listenable_builder.dart,package:flutter/src/widgets/value_listenable_builder.dart,,S,reverse-evidence/package-paths.txt,imported,package path from AOT; source=reverse-evidence/package-paths.txt
PKG-1369,flutter,view.dart,package:flutter/src/widgets/view.dart,,S,reverse-evidence/package-paths.txt,imported,package path from AOT; source=reverse-evidence/package-paths.txt
PKG-1370,flutter,viewport.dart,package:flutter/src/widgets/viewport.dart,,S,reverse-evidence/package-paths.txt,imported,package path from AOT; source=reverse-evidence/package-paths.txt
PKG-1371,flutter,visibility.dart,package:flutter/src/widgets/visibility.dart,,S,reverse-evidence/package-paths.txt,imported,package path from AOT; source=reverse-evidence/package-paths.txt
PKG-1372,flutter,widget_span.dart,package:flutter/src/widgets/widget_span.dart,,S,reverse-evidence/package-paths.txt,imported,package path from AOT; source=reverse-evidence/package-paths.txt
PKG-1373,flutter,widget_state.dart,package:flutter/src/widgets/widget_state.dart,,S,reverse-evidence/package-paths.txt,imported,package path from AOT; source=reverse-evidence/package-paths.txt
PKG-1374,flutter,will_pop_scope.dart,package:flutter/src/widgets/will_pop_scope.dart,,S,reverse-evidence/package-paths.txt,imported,package path from AOT; source=reverse-evidence/package-paths.txt
PKG-1375,flutter_blue_plus,flutter_blue_plus.dart,package:flutter_blue_plus/flutter_blue_plus.dart,,S,reverse-evidence/package-paths.txt,imported,package path from AOT; source=reverse-evidence/package-paths.txt
PKG-1376,flutter_blue_plus,bluetooth_characteristic.dart,package:flutter_blue_plus/src/bluetooth_characteristic.dart,,S,reverse-evidence/package-paths.txt,imported,package path from AOT; source=reverse-evidence/package-paths.txt
PKG-1377,flutter_blue_plus,bluetooth_descriptor.dart,package:flutter_blue_plus/src/bluetooth_descriptor.dart,,S,reverse-evidence/package-paths.txt,imported,package path from AOT; source=reverse-evidence/package-paths.txt
PKG-1378,flutter_blue_plus,bluetooth_device.dart,package:flutter_blue_plus/src/bluetooth_device.dart,,S,reverse-evidence/package-paths.txt,imported,package path from AOT; source=reverse-evidence/package-paths.txt
PKG-1379,flutter_blue_plus,bluetooth_service.dart,package:flutter_blue_plus/src/bluetooth_service.dart,,S,reverse-evidence/package-paths.txt,imported,package path from AOT; source=reverse-evidence/package-paths.txt
PKG-1380,flutter_blue_plus,bluetooth_utils.dart,package:flutter_blue_plus/src/bluetooth_utils.dart,,S,reverse-evidence/package-paths.txt,imported,package path from AOT; source=reverse-evidence/package-paths.txt
PKG-1381,flutter_blue_plus,flutter_blue_plus.dart,package:flutter_blue_plus/src/flutter_blue_plus.dart,,S,reverse-evidence/package-paths.txt,imported,package path from AOT; source=reverse-evidence/package-paths.txt
PKG-1382,flutter_blue_plus,utils.dart,package:flutter_blue_plus/src/utils.dart,,S,reverse-evidence/package-paths.txt,imported,package path from AOT; source=reverse-evidence/package-paths.txt
PKG-1383,flutter_blue_plus_darwin,flutter_blue_plus_darwin.dart,package:flutter_blue_plus_darwin/flutter_blue_plus_darwin.dart,,S,reverse-evidence/package-paths.txt,imported,package path from AOT; source=reverse-evidence/package-paths.txt
PKG-1384,flutter_blue_plus_platform_interface,flutter_blue_plus_platform_interface.dart,package:flutter_blue_plus_platform_interface/flutter_blue_plus_platform_interface.dart,,S,reverse-evidence/package-paths.txt,imported,package path from AOT; source=reverse-evidence/package-paths.txt
PKG-1385,flutter_blue_plus_platform_interface,bluetooth_msgs.dart,package:flutter_blue_plus_platform_interface/src/bluetooth_msgs.dart,,S,reverse-evidence/package-paths.txt,imported,package path from AOT; source=reverse-evidence/package-paths.txt
PKG-1386,flutter_blue_plus_platform_interface,device_identifier.dart,package:flutter_blue_plus_platform_interface/src/device_identifier.dart,,S,reverse-evidence/package-paths.txt,imported,package path from AOT; source=reverse-evidence/package-paths.txt
PKG-1387,flutter_blue_plus_platform_interface,guid.dart,package:flutter_blue_plus_platform_interface/src/guid.dart,,S,reverse-evidence/package-paths.txt,imported,package path from AOT; source=reverse-evidence/package-paths.txt
PKG-1388,flutter_blue_plus_platform_interface,log_level.dart,package:flutter_blue_plus_platform_interface/src/log_level.dart,,S,reverse-evidence/package-paths.txt,imported,package path from AOT; source=reverse-evidence/package-paths.txt
PKG-1389,flutter_cache_manager,cache_manager.dart,package:flutter_cache_manager/src/cache_manager.dart,,S,reverse-evidence/package-paths.txt,imported,package path from AOT; source=reverse-evidence/package-paths.txt
PKG-1390,flutter_cache_manager,base_cache_manager.dart,package:flutter_cache_manager/src/cache_managers/base_cache_manager.dart,,S,reverse-evidence/package-paths.txt,imported,package path from AOT; source=reverse-evidence/package-paths.txt
PKG-1391,flutter_cache_manager,default_cache_manager.dart,package:flutter_cache_manager/src/cache_managers/default_cache_manager.dart,,S,reverse-evidence/package-paths.txt,imported,package path from AOT; source=reverse-evidence/package-paths.txt
PKG-1392,flutter_cache_manager,image_cache_manager.dart,package:flutter_cache_manager/src/cache_managers/image_cache_manager.dart,,S,reverse-evidence/package-paths.txt,imported,package path from AOT; source=reverse-evidence/package-paths.txt
PKG-1393,flutter_cache_manager,cache_store.dart,package:flutter_cache_manager/src/cache_store.dart,,S,reverse-evidence/package-paths.txt,imported,package path from AOT; source=reverse-evidence/package-paths.txt
PKG-1394,flutter_cache_manager,_config_io.dart,package:flutter_cache_manager/src/config/_config_io.dart,,S,reverse-evidence/package-paths.txt,imported,package path from AOT; source=reverse-evidence/package-paths.txt
PKG-1395,flutter_cache_manager,config.dart,package:flutter_cache_manager/src/config/config.dart,,S,reverse-evidence/package-paths.txt,imported,package path from AOT; source=reverse-evidence/package-paths.txt
PKG-1396,flutter_cache_manager,logger.dart,package:flutter_cache_manager/src/logger.dart,,S,reverse-evidence/package-paths.txt,imported,package path from AOT; source=reverse-evidence/package-paths.txt
PKG-1397,flutter_cache_manager,download_progress.dart,package:flutter_cache_manager/src/result/download_progress.dart,,S,reverse-evidence/package-paths.txt,imported,package path from AOT; source=reverse-evidence/package-paths.txt
PKG-1398,flutter_cache_manager,file_info.dart,package:flutter_cache_manager/src/result/file_info.dart,,S,reverse-evidence/package-paths.txt,imported,package path from AOT; source=reverse-evidence/package-paths.txt
PKG-1399,flutter_cache_manager,file_response.dart,package:flutter_cache_manager/src/result/file_response.dart,,S,reverse-evidence/package-paths.txt,imported,package path from AOT; source=reverse-evidence/package-paths.txt
PKG-1400,flutter_cache_manager,cache_info_repository.dart,package:flutter_cache_manager/src/storage/cache_info_repositories/cache_info_repository.dart,,S,reverse-evidence/package-paths.txt,imported,package path from AOT; source=reverse-evidence/package-paths.txt
PKG-1401,flutter_cache_manager,cache_object_provider.dart,package:flutter_cache_manager/src/storage/cache_info_repositories/cache_object_provider.dart,,S,reverse-evidence/package-paths.txt,imported,package path from AOT; source=reverse-evidence/package-paths.txt
PKG-1402,flutter_cache_manager,helper_methods.dart,package:flutter_cache_manager/src/storage/cache_info_repositories/helper_methods.dart,,S,reverse-evidence/package-paths.txt,imported,package path from AOT; source=reverse-evidence/package-paths.txt
PKG-1403,flutter_cache_manager,cache_object.dart,package:flutter_cache_manager/src/storage/cache_object.dart,,S,reverse-evidence/package-paths.txt,imported,package path from AOT; source=reverse-evidence/package-paths.txt
PKG-1404,flutter_cache_manager,file_system.dart,package:flutter_cache_manager/src/storage/file_system/file_system.dart,,S,reverse-evidence/package-paths.txt,imported,package path from AOT; source=reverse-evidence/package-paths.txt
PKG-1405,flutter_cache_manager,file_system_io.dart,package:flutter_cache_manager/src/storage/file_system/file_system_io.dart,,S,reverse-evidence/package-paths.txt,imported,package path from AOT; source=reverse-evidence/package-paths.txt
PKG-1406,flutter_cache_manager,file_service.dart,package:flutter_cache_manager/src/web/file_service.dart,,S,reverse-evidence/package-paths.txt,imported,package path from AOT; source=reverse-evidence/package-paths.txt
PKG-1407,flutter_cache_manager,mime_converter.dart,package:flutter_cache_manager/src/web/mime_converter.dart,,S,reverse-evidence/package-paths.txt,imported,package path from AOT; source=reverse-evidence/package-paths.txt
PKG-1408,flutter_cache_manager,queue_item.dart,package:flutter_cache_manager/src/web/queue_item.dart,,S,reverse-evidence/package-paths.txt,imported,package path from AOT; source=reverse-evidence/package-paths.txt
PKG-1409,flutter_cache_manager,web_helper.dart,package:flutter_cache_manager/src/web/web_helper.dart,,S,reverse-evidence/package-paths.txt,imported,package path from AOT; source=reverse-evidence/package-paths.txt
PKG-1410,flutter_downloader,callback_dispatcher.dart,package:flutter_downloader/src/callback_dispatcher.dart,,S,reverse-evidence/package-paths.txt,imported,package path from AOT; source=reverse-evidence/package-paths.txt
PKG-1411,flutter_downloader,models.dart,package:flutter_downloader/src/models.dart,,S,reverse-evidence/package-paths.txt,imported,package path from AOT; source=reverse-evidence/package-paths.txt
PKG-1412,flutter_local_notifications,callback_dispatcher.dart,package:flutter_local_notifications/src/callback_dispatcher.dart,,S,reverse-evidence/package-paths.txt,imported,package path from AOT; source=reverse-evidence/package-paths.txt
PKG-1413,flutter_local_notifications,flutter_local_notifications_plugin.dart,package:flutter_local_notifications/src/flutter_local_notifications_plugin.dart,,S,reverse-evidence/package-paths.txt,imported,package path from AOT; source=reverse-evidence/package-paths.txt
PKG-1414,flutter_local_notifications,helpers.dart,package:flutter_local_notifications/src/helpers.dart,,S,reverse-evidence/package-paths.txt,imported,package path from AOT; source=reverse-evidence/package-paths.txt
PKG-1415,flutter_local_notifications,initialization_settings.dart,package:flutter_local_notifications/src/initialization_settings.dart,,S,reverse-evidence/package-paths.txt,imported,package path from AOT; source=reverse-evidence/package-paths.txt
PKG-1416,flutter_local_notifications,platform_flutter_local_notifications.dart,package:flutter_local_notifications/src/platform_flutter_local_notifications.dart,,S,reverse-evidence/package-paths.txt,imported,package path from AOT; source=reverse-evidence/package-paths.txt
PKG-1417,flutter_local_notifications,initialization_settings.dart,package:flutter_local_notifications/src/platform_specifics/android/initialization_settings.dart,,S,reverse-evidence/package-paths.txt,imported,package path from AOT; source=reverse-evidence/package-paths.txt
PKG-1418,flutter_local_notifications,initialization_settings.dart,package:flutter_local_notifications/src/platform_specifics/darwin/initialization_settings.dart,,S,reverse-evidence/package-paths.txt,imported,package path from AOT; source=reverse-evidence/package-paths.txt
PKG-1419,flutter_local_notifications,mappers.dart,package:flutter_local_notifications/src/platform_specifics/darwin/mappers.dart,,S,reverse-evidence/package-paths.txt,imported,package path from AOT; source=reverse-evidence/package-paths.txt
PKG-1420,flutter_local_notifications,notification_category.dart,package:flutter_local_notifications/src/platform_specifics/darwin/notification_category.dart,,S,reverse-evidence/package-paths.txt,imported,package path from AOT; source=reverse-evidence/package-paths.txt
PKG-1421,flutter_local_notifications,notification_details.dart,package:flutter_local_notifications/src/platform_specifics/darwin/notification_details.dart,,S,reverse-evidence/package-paths.txt,imported,package path from AOT; source=reverse-evidence/package-paths.txt
PKG-1422,flutter_local_notifications,notification_enabled_options.dart,package:flutter_local_notifications/src/platform_specifics/darwin/notification_enabled_options.dart,,S,reverse-evidence/package-paths.txt,imported,package path from AOT; source=reverse-evidence/package-paths.txt
PKG-1423,flutter_local_notifications,tz_datetime_mapper.dart,package:flutter_local_notifications/src/tz_datetime_mapper.dart,,S,reverse-evidence/package-paths.txt,imported,package path from AOT; source=reverse-evidence/package-paths.txt
PKG-1424,flutter_local_notifications_platform_interface,flutter_local_notifications_platform_interface.dart,package:flutter_local_notifications_platform_interface/flutter_local_notifications_platform_interface.dart,,S,reverse-evidence/package-paths.txt,imported,package path from AOT; source=reverse-evidence/package-paths.txt
PKG-1425,flutter_local_notifications_platform_interface,helpers.dart,package:flutter_local_notifications_platform_interface/src/helpers.dart,,S,reverse-evidence/package-paths.txt,imported,package path from AOT; source=reverse-evidence/package-paths.txt
PKG-1426,flutter_local_notifications_platform_interface,types.dart,package:flutter_local_notifications_platform_interface/src/types.dart,,S,reverse-evidence/package-paths.txt,imported,package path from AOT; source=reverse-evidence/package-paths.txt
PKG-1427,flutter_localizations,cupertino_localizations.dart,package:flutter_localizations/src/cupertino_localizations.dart,,S,reverse-evidence/package-paths.txt,imported,package path from AOT; source=reverse-evidence/package-paths.txt
PKG-1428,flutter_localizations,generated_cupertino_localizations.dart,package:flutter_localizations/src/l10n/generated_cupertino_localizations.dart,,S,reverse-evidence/package-paths.txt,imported,package path from AOT; source=reverse-evidence/package-paths.txt
PKG-1429,flutter_localizations,generated_date_localizations.dart,package:flutter_localizations/src/l10n/generated_date_localizations.dart,,S,reverse-evidence/package-paths.txt,imported,package path from AOT; source=reverse-evidence/package-paths.txt
PKG-1430,flutter_localizations,generated_material_localizations.dart,package:flutter_localizations/src/l10n/generated_material_localizations.dart,,S,reverse-evidence/package-paths.txt,imported,package path from AOT; source=reverse-evidence/package-paths.txt
PKG-1431,flutter_localizations,generated_widgets_localizations.dart,package:flutter_localizations/src/l10n/generated_widgets_localizations.dart,,S,reverse-evidence/package-paths.txt,imported,package path from AOT; source=reverse-evidence/package-paths.txt
PKG-1432,flutter_localizations,material_localizations.dart,package:flutter_localizations/src/material_localizations.dart,,S,reverse-evidence/package-paths.txt,imported,package path from AOT; source=reverse-evidence/package-paths.txt
PKG-1433,flutter_localizations,date_localizations.dart,package:flutter_localizations/src/utils/date_localizations.dart,,S,reverse-evidence/package-paths.txt,imported,package path from AOT; source=reverse-evidence/package-paths.txt
PKG-1434,flutter_localizations,widgets_localizations.dart,package:flutter_localizations/src/widgets_localizations.dart,,S,reverse-evidence/package-paths.txt,imported,package path from AOT; source=reverse-evidence/package-paths.txt
PKG-1435,flutter_markdown,_functions_io.dart,package:flutter_markdown/src/_functions_io.dart,,S,reverse-evidence/package-paths.txt,imported,package path from AOT; source=reverse-evidence/package-paths.txt
PKG-1436,flutter_markdown,builder.dart,package:flutter_markdown/src/builder.dart,,S,reverse-evidence/package-paths.txt,imported,package path from AOT; source=reverse-evidence/package-paths.txt
PKG-1437,flutter_markdown,style_sheet.dart,package:flutter_markdown/src/style_sheet.dart,,S,reverse-evidence/package-paths.txt,imported,package path from AOT; source=reverse-evidence/package-paths.txt
PKG-1438,flutter_markdown,widget.dart,package:flutter_markdown/src/widget.dart,,S,reverse-evidence/package-paths.txt,imported,package path from AOT; source=reverse-evidence/package-paths.txt
PKG-1439,flutter_screenutil,_flutter_widgets.dart,package:flutter_screenutil/src/_flutter_widgets.dart,,S,reverse-evidence/package-paths.txt,imported,package path from AOT; source=reverse-evidence/package-paths.txt
PKG-1440,flutter_screenutil,screen_util.dart,package:flutter_screenutil/src/screen_util.dart,,S,reverse-evidence/package-paths.txt,imported,package path from AOT; source=reverse-evidence/package-paths.txt
PKG-1441,flutter_screenutil,screenutil_init.dart,package:flutter_screenutil/src/screenutil_init.dart,,S,reverse-evidence/package-paths.txt,imported,package path from AOT; source=reverse-evidence/package-paths.txt
PKG-1442,flutter_screenutil,size_extension.dart,package:flutter_screenutil/src/size_extension.dart,,S,reverse-evidence/package-paths.txt,imported,package path from AOT; source=reverse-evidence/package-paths.txt
PKG-1443,flutter_slidable,action_pane.dart,package:flutter_slidable/src/action_pane.dart,,S,reverse-evidence/package-paths.txt,imported,package path from AOT; source=reverse-evidence/package-paths.txt
PKG-1444,flutter_slidable,action_pane_configuration.dart,package:flutter_slidable/src/action_pane_configuration.dart,,S,reverse-evidence/package-paths.txt,imported,package path from AOT; source=reverse-evidence/package-paths.txt
PKG-1445,flutter_slidable,action_pane_motions.dart,package:flutter_slidable/src/action_pane_motions.dart,,S,reverse-evidence/package-paths.txt,imported,package path from AOT; source=reverse-evidence/package-paths.txt
PKG-1446,flutter_slidable,actions.dart,package:flutter_slidable/src/actions.dart,,S,reverse-evidence/package-paths.txt,imported,package path from AOT; source=reverse-evidence/package-paths.txt
PKG-1447,flutter_slidable,auto_close_behavior.dart,package:flutter_slidable/src/auto_close_behavior.dart,,S,reverse-evidence/package-paths.txt,imported,package path from AOT; source=reverse-evidence/package-paths.txt
PKG-1448,flutter_slidable,controller.dart,package:flutter_slidable/src/controller.dart,,S,reverse-evidence/package-paths.txt,imported,package path from AOT; source=reverse-evidence/package-paths.txt
PKG-1449,flutter_slidable,dismissal.dart,package:flutter_slidable/src/dismissal.dart,,S,reverse-evidence/package-paths.txt,imported,package path from AOT; source=reverse-evidence/package-paths.txt
PKG-1450,flutter_slidable,gesture_detector.dart,package:flutter_slidable/src/gesture_detector.dart,,S,reverse-evidence/package-paths.txt,imported,package path from AOT; source=reverse-evidence/package-paths.txt
PKG-1451,flutter_slidable,notifications.dart,package:flutter_slidable/src/notifications.dart,,S,reverse-evidence/package-paths.txt,imported,package path from AOT; source=reverse-evidence/package-paths.txt
PKG-1452,flutter_slidable,notifications_old.dart,package:flutter_slidable/src/notifications_old.dart,,S,reverse-evidence/package-paths.txt,imported,package path from AOT; source=reverse-evidence/package-paths.txt
PKG-1453,flutter_slidable,scrolling_behavior.dart,package:flutter_slidable/src/scrolling_behavior.dart,,S,reverse-evidence/package-paths.txt,imported,package path from AOT; source=reverse-evidence/package-paths.txt
PKG-1454,flutter_slidable,slidable.dart,package:flutter_slidable/src/slidable.dart,,S,reverse-evidence/package-paths.txt,imported,package path from AOT; source=reverse-evidence/package-paths.txt
PKG-1455,flutter_staggered_grid_view,extensions.dart,package:flutter_staggered_grid_view/src/foundation/extensions.dart,,S,reverse-evidence/package-paths.txt,imported,package path from AOT; source=reverse-evidence/package-paths.txt
PKG-1456,flutter_staggered_grid_view,sliver_masonry_grid.dart,package:flutter_staggered_grid_view/src/rendering/sliver_masonry_grid.dart,,S,reverse-evidence/package-paths.txt,imported,package path from AOT; source=reverse-evidence/package-paths.txt
PKG-1457,flutter_staggered_grid_view,sliver_simple_grid_delegate.dart,package:flutter_staggered_grid_view/src/rendering/sliver_simple_grid_delegate.dart,,S,reverse-evidence/package-paths.txt,imported,package path from AOT; source=reverse-evidence/package-paths.txt
PKG-1458,flutter_staggered_grid_view,masonry_grid_view.dart,package:flutter_staggered_grid_view/src/widgets/masonry_grid_view.dart,,S,reverse-evidence/package-paths.txt,imported,package path from AOT; source=reverse-evidence/package-paths.txt
PKG-1459,flutter_staggered_grid_view,sliver_masonry_grid.dart,package:flutter_staggered_grid_view/src/widgets/sliver_masonry_grid.dart,,S,reverse-evidence/package-paths.txt,imported,package path from AOT; source=reverse-evidence/package-paths.txt
PKG-1460,flutter_svg,cache.dart,package:flutter_svg/src/cache.dart,,S,reverse-evidence/package-paths.txt,imported,package path from AOT; source=reverse-evidence/package-paths.txt
PKG-1461,flutter_svg,default_theme.dart,package:flutter_svg/src/default_theme.dart,,S,reverse-evidence/package-paths.txt,imported,package path from AOT; source=reverse-evidence/package-paths.txt
PKG-1462,flutter_svg,loaders.dart,package:flutter_svg/src/loaders.dart,,S,reverse-evidence/package-paths.txt,imported,package path from AOT; source=reverse-evidence/package-paths.txt
PKG-1463,flutter_svg,svg.dart,package:flutter_svg/svg.dart,,S,reverse-evidence/package-paths.txt,imported,package path from AOT; source=reverse-evidence/package-paths.txt
PKG-1464,flutter_unionad,flutter_unionad.dart,package:flutter_unionad/flutter_unionad.dart,,S,reverse-evidence/package-paths.txt,imported,package path from AOT; source=reverse-evidence/package-paths.txt
PKG-1465,flutter_unionad,flutter_unionad_callback.dart,package:flutter_unionad/flutter_unionad_callback.dart,,S,reverse-evidence/package-paths.txt,imported,package path from AOT; source=reverse-evidence/package-paths.txt
PKG-1466,flutter_unionad,flutter_unionad_privacy.dart,package:flutter_unionad/flutter_unionad_privacy.dart,,S,reverse-evidence/package-paths.txt,imported,package path from AOT; source=reverse-evidence/package-paths.txt
PKG-1467,flutter_unionad,flutter_unionad_stream.dart,package:flutter_unionad/flutter_unionad_stream.dart,,S,reverse-evidence/package-paths.txt,imported,package path from AOT; source=reverse-evidence/package-paths.txt
PKG-1468,flutter_unionad,flutter_unionad_user_info.dart,package:flutter_unionad/flutter_unionad_user_info.dart,,S,reverse-evidence/package-paths.txt,imported,package path from AOT; source=reverse-evidence/package-paths.txt
PKG-1469,gal,gal.dart,package:gal/src/gal.dart,,S,reverse-evidence/package-paths.txt,imported,package path from AOT; source=reverse-evidence/package-paths.txt
PKG-1470,gal,gal_exception.dart,package:gal/src/gal_exception.dart,,S,reverse-evidence/package-paths.txt,imported,package path from AOT; source=reverse-evidence/package-paths.txt
PKG-1471,gal,gal_method_channel.dart,package:gal/src/gal_method_channel.dart,,S,reverse-evidence/package-paths.txt,imported,package path from AOT; source=reverse-evidence/package-paths.txt
PKG-1472,gal,gal_platform_interface.dart,package:gal/src/gal_platform_interface.dart,,S,reverse-evidence/package-paths.txt,imported,package path from AOT; source=reverse-evidence/package-paths.txt
PKG-1473,get,get_interface.dart,package:get/get_core/src/get_interface.dart,,S,reverse-evidence/package-paths.txt,imported,package path from AOT; source=reverse-evidence/package-paths.txt
PKG-1474,get,get_main.dart,package:get/get_core/src/get_main.dart,,S,reverse-evidence/package-paths.txt,imported,package path from AOT; source=reverse-evidence/package-paths.txt
PKG-1475,get,log.dart,package:get/get_core/src/log.dart,,S,reverse-evidence/package-paths.txt,imported,package path from AOT; source=reverse-evidence/package-paths.txt
PKG-1476,get,smart_management.dart,package:get/get_core/src/smart_management.dart,,S,reverse-evidence/package-paths.txt,imported,package path from AOT; source=reverse-evidence/package-paths.txt
PKG-1477,get,bindings_interface.dart,package:get/get_instance/src/bindings_interface.dart,,S,reverse-evidence/package-paths.txt,imported,package path from AOT; source=reverse-evidence/package-paths.txt
PKG-1478,get,extension_instance.dart,package:get/get_instance/src/extension_instance.dart,,S,reverse-evidence/package-paths.txt,imported,package path from AOT; source=reverse-evidence/package-paths.txt
PKG-1479,get,get_instance.dart,package:get/get_instance/src/get_instance.dart,,S,reverse-evidence/package-paths.txt,imported,package path from AOT; source=reverse-evidence/package-paths.txt
PKG-1480,get,lifecycle.dart,package:get/get_instance/src/lifecycle.dart,,S,reverse-evidence/package-paths.txt,imported,package path from AOT; source=reverse-evidence/package-paths.txt
PKG-1481,get,bottomsheet.dart,package:get/get_navigation/src/bottomsheet/bottomsheet.dart,,S,reverse-evidence/package-paths.txt,imported,package path from AOT; source=reverse-evidence/package-paths.txt
PKG-1482,get,dialog_route.dart,package:get/get_navigation/src/dialog/dialog_route.dart,,S,reverse-evidence/package-paths.txt,imported,package path from AOT; source=reverse-evidence/package-paths.txt
PKG-1483,get,extension_navigation.dart,package:get/get_navigation/src/extension_navigation.dart,,S,reverse-evidence/package-paths.txt,imported,package path from AOT; source=reverse-evidence/package-paths.txt
PKG-1484,get,get_material_app.dart,package:get/get_navigation/src/root/get_material_app.dart,,S,reverse-evidence/package-paths.txt,imported,package path from AOT; source=reverse-evidence/package-paths.txt
PKG-1485,get,parse_route.dart,package:get/get_navigation/src/root/parse_route.dart,,S,reverse-evidence/package-paths.txt,imported,package path from AOT; source=reverse-evidence/package-paths.txt
PKG-1486,get,root_controller.dart,package:get/get_navigation/src/root/root_controller.dart,,S,reverse-evidence/package-paths.txt,imported,package path from AOT; source=reverse-evidence/package-paths.txt
PKG-1487,get,router_report.dart,package:get/get_navigation/src/router_report.dart,,S,reverse-evidence/package-paths.txt,imported,package path from AOT; source=reverse-evidence/package-paths.txt
PKG-1488,get,circular_reveal_clipper.dart,package:get/get_navigation/src/routes/circular_reveal_clipper.dart,,S,reverse-evidence/package-paths.txt,imported,package path from AOT; source=reverse-evidence/package-paths.txt
PKG-1489,get,default_route.dart,package:get/get_navigation/src/routes/default_route.dart,,S,reverse-evidence/package-paths.txt,imported,package path from AOT; source=reverse-evidence/package-paths.txt
PKG-1490,get,default_transitions.dart,package:get/get_navigation/src/routes/default_transitions.dart,,S,reverse-evidence/package-paths.txt,imported,package path from AOT; source=reverse-evidence/package-paths.txt
PKG-1491,get,get_route.dart,package:get/get_navigation/src/routes/get_route.dart,,S,reverse-evidence/package-paths.txt,imported,package path from AOT; source=reverse-evidence/package-paths.txt
PKG-1492,get,get_transition_mixin.dart,package:get/get_navigation/src/routes/get_transition_mixin.dart,,S,reverse-evidence/package-paths.txt,imported,package path from AOT; source=reverse-evidence/package-paths.txt
PKG-1493,get,route_observer.dart,package:get/get_navigation/src/routes/observers/route_observer.dart,,S,reverse-evidence/package-paths.txt,imported,package path from AOT; source=reverse-evidence/package-paths.txt
PKG-1494,get,route_middleware.dart,package:get/get_navigation/src/routes/route_middleware.dart,,S,reverse-evidence/package-paths.txt,imported,package path from AOT; source=reverse-evidence/package-paths.txt
PKG-1495,get,transitions_type.dart,package:get/get_navigation/src/routes/transitions_type.dart,,S,reverse-evidence/package-paths.txt,imported,package path from AOT; source=reverse-evidence/package-paths.txt
PKG-1496,get,snackbar.dart,package:get/get_navigation/src/snackbar/snackbar.dart,,S,reverse-evidence/package-paths.txt,imported,package path from AOT; source=reverse-evidence/package-paths.txt
PKG-1497,get,snackbar_controller.dart,package:get/get_navigation/src/snackbar/snackbar_controller.dart,,S,reverse-evidence/package-paths.txt,imported,package path from AOT; source=reverse-evidence/package-paths.txt
PKG-1498,get,get_stream.dart,package:get/get_rx/src/rx_stream/get_stream.dart,,S,reverse-evidence/package-paths.txt,imported,package path from AOT; source=reverse-evidence/package-paths.txt
PKG-1499,get,rx_stream.dart,package:get/get_rx/src/rx_stream/rx_stream.dart,,S,reverse-evidence/package-paths.txt,imported,package path from AOT; source=reverse-evidence/package-paths.txt
PKG-1500,get,rx_impl.dart,package:get/get_rx/src/rx_types/rx_core/rx_impl.dart,,S,reverse-evidence/package-paths.txt,imported,package path from AOT; source=reverse-evidence/package-paths.txt
PKG-1501,get,rx_interface.dart,package:get/get_rx/src/rx_types/rx_core/rx_interface.dart,,S,reverse-evidence/package-paths.txt,imported,package path from AOT; source=reverse-evidence/package-paths.txt
PKG-1502,get,rx_num.dart,package:get/get_rx/src/rx_types/rx_core/rx_num.dart,,S,reverse-evidence/package-paths.txt,imported,package path from AOT; source=reverse-evidence/package-paths.txt
PKG-1503,get,rx_string.dart,package:get/get_rx/src/rx_types/rx_core/rx_string.dart,,S,reverse-evidence/package-paths.txt,imported,package path from AOT; source=reverse-evidence/package-paths.txt
PKG-1504,get,rx_list.dart,package:get/get_rx/src/rx_types/rx_iterables/rx_list.dart,,S,reverse-evidence/package-paths.txt,imported,package path from AOT; source=reverse-evidence/package-paths.txt
PKG-1505,get,rx_map.dart,package:get/get_rx/src/rx_types/rx_iterables/rx_map.dart,,S,reverse-evidence/package-paths.txt,imported,package path from AOT; source=reverse-evidence/package-paths.txt
PKG-1506,get,rx_set.dart,package:get/get_rx/src/rx_types/rx_iterables/rx_set.dart,,S,reverse-evidence/package-paths.txt,imported,package path from AOT; source=reverse-evidence/package-paths.txt
PKG-1507,get,rx_types.dart,package:get/get_rx/src/rx_types/rx_types.dart,,S,reverse-evidence/package-paths.txt,imported,package path from AOT; source=reverse-evidence/package-paths.txt
PKG-1508,get,rx_workers.dart,package:get/get_rx/src/rx_workers/rx_workers.dart,,S,reverse-evidence/package-paths.txt,imported,package path from AOT; source=reverse-evidence/package-paths.txt
PKG-1509,get,debouncer.dart,package:get/get_rx/src/rx_workers/utils/debouncer.dart,,S,reverse-evidence/package-paths.txt,imported,package path from AOT; source=reverse-evidence/package-paths.txt
PKG-1510,get,rx_disposable.dart,package:get/get_state_manager/src/rx_flutter/rx_disposable.dart,,S,reverse-evidence/package-paths.txt,imported,package path from AOT; source=reverse-evidence/package-paths.txt
PKG-1511,get,rx_notifier.dart,package:get/get_state_manager/src/rx_flutter/rx_notifier.dart,,S,reverse-evidence/package-paths.txt,imported,package path from AOT; source=reverse-evidence/package-paths.txt
PKG-1512,get,rx_obx_widget.dart,package:get/get_state_manager/src/rx_flutter/rx_obx_widget.dart,,S,reverse-evidence/package-paths.txt,imported,package path from AOT; source=reverse-evidence/package-paths.txt
PKG-1513,get,rx_ticket_provider_mixin.dart,package:get/get_state_manager/src/rx_flutter/rx_ticket_provider_mixin.dart,,S,reverse-evidence/package-paths.txt,imported,package path from AOT; source=reverse-evidence/package-paths.txt
PKG-1514,get,get_controllers.dart,package:get/get_state_manager/src/simple/get_controllers.dart,,S,reverse-evidence/package-paths.txt,imported,package path from AOT; source=reverse-evidence/package-paths.txt
PKG-1515,get,get_state.dart,package:get/get_state_manager/src/simple/get_state.dart,,S,reverse-evidence/package-paths.txt,imported,package path from AOT; source=reverse-evidence/package-paths.txt
PKG-1516,get,get_view.dart,package:get/get_state_manager/src/simple/get_view.dart,,S,reverse-evidence/package-paths.txt,imported,package path from AOT; source=reverse-evidence/package-paths.txt
PKG-1517,get,list_notifier.dart,package:get/get_state_manager/src/simple/list_notifier.dart,,S,reverse-evidence/package-paths.txt,imported,package path from AOT; source=reverse-evidence/package-paths.txt
PKG-1518,get,event_loop_extensions.dart,package:get/get_utils/src/extensions/event_loop_extensions.dart,,S,reverse-evidence/package-paths.txt,imported,package path from AOT; source=reverse-evidence/package-paths.txt
PKG-1519,get,internacionalization.dart,package:get/get_utils/src/extensions/internacionalization.dart,,S,reverse-evidence/package-paths.txt,imported,package path from AOT; source=reverse-evidence/package-paths.txt
PKG-1520,get,get_utils.dart,package:get/get_utils/src/get_utils/get_utils.dart,,S,reverse-evidence/package-paths.txt,imported,package path from AOT; source=reverse-evidence/package-paths.txt
PKG-1521,get,get_queue.dart,package:get/get_utils/src/queue/get_queue.dart,,S,reverse-evidence/package-paths.txt,imported,package path from AOT; source=reverse-evidence/package-paths.txt
PKG-1522,get_storage,io.dart,package:get_storage/src/storage/io.dart,,S,reverse-evidence/package-paths.txt,imported,package path from AOT; source=reverse-evidence/package-paths.txt
PKG-1523,get_storage,storage_impl.dart,package:get_storage/src/storage_impl.dart,,S,reverse-evidence/package-paths.txt,imported,package path from AOT; source=reverse-evidence/package-paths.txt
PKG-1524,get_storage,value.dart,package:get_storage/src/value.dart,,S,reverse-evidence/package-paths.txt,imported,package path from AOT; source=reverse-evidence/package-paths.txt
PKG-1525,google_fonts,file_io_desktop_and_mobile.dart,package:google_fonts/src/file_io_desktop_and_mobile.dart,,S,reverse-evidence/package-paths.txt,imported,package path from AOT; source=reverse-evidence/package-paths.txt
PKG-1526,google_fonts,google_fonts_all_parts.g.dart,package:google_fonts/src/google_fonts_all_parts.g.dart,,S,reverse-evidence/package-paths.txt,imported,package path from AOT; source=reverse-evidence/package-paths.txt
PKG-1527,google_fonts,google_fonts_base.dart,package:google_fonts/src/google_fonts_base.dart,,S,reverse-evidence/package-paths.txt,imported,package path from AOT; source=reverse-evidence/package-paths.txt
PKG-1528,google_fonts,google_fonts_descriptor.dart,package:google_fonts/src/google_fonts_descriptor.dart,,S,reverse-evidence/package-paths.txt,imported,package path from AOT; source=reverse-evidence/package-paths.txt
PKG-1529,google_fonts,google_fonts_family_with_variant.dart,package:google_fonts/src/google_fonts_family_with_variant.dart,,S,reverse-evidence/package-paths.txt,imported,package path from AOT; source=reverse-evidence/package-paths.txt
PKG-1530,google_fonts,part_i.g.dart,package:google_fonts/src/google_fonts_parts/part_i.g.dart,,S,reverse-evidence/package-paths.txt,imported,package path from AOT; source=reverse-evidence/package-paths.txt
PKG-1531,google_fonts,part_n.g.dart,package:google_fonts/src/google_fonts_parts/part_n.g.dart,,S,reverse-evidence/package-paths.txt,imported,package path from AOT; source=reverse-evidence/package-paths.txt
PKG-1532,google_fonts,google_fonts_variant.dart,package:google_fonts/src/google_fonts_variant.dart,,S,reverse-evidence/package-paths.txt,imported,package path from AOT; source=reverse-evidence/package-paths.txt
PKG-1533,http,abortable.dart,package:http/src/abortable.dart,,S,reverse-evidence/package-paths.txt,imported,package path from AOT; source=reverse-evidence/package-paths.txt
PKG-1534,http,base_client.dart,package:http/src/base_client.dart,,S,reverse-evidence/package-paths.txt,imported,package path from AOT; source=reverse-evidence/package-paths.txt
PKG-1535,http,base_request.dart,package:http/src/base_request.dart,,S,reverse-evidence/package-paths.txt,imported,package path from AOT; source=reverse-evidence/package-paths.txt
PKG-1536,http,base_response.dart,package:http/src/base_response.dart,,S,reverse-evidence/package-paths.txt,imported,package path from AOT; source=reverse-evidence/package-paths.txt
PKG-1537,http,byte_stream.dart,package:http/src/byte_stream.dart,,S,reverse-evidence/package-paths.txt,imported,package path from AOT; source=reverse-evidence/package-paths.txt
PKG-1538,http,client.dart,package:http/src/client.dart,,S,reverse-evidence/package-paths.txt,imported,package path from AOT; source=reverse-evidence/package-paths.txt
PKG-1539,http,exception.dart,package:http/src/exception.dart,,S,reverse-evidence/package-paths.txt,imported,package path from AOT; source=reverse-evidence/package-paths.txt
PKG-1540,http,io_client.dart,package:http/src/io_client.dart,,S,reverse-evidence/package-paths.txt,imported,package path from AOT; source=reverse-evidence/package-paths.txt
PKG-1541,http,io_streamed_response.dart,package:http/src/io_streamed_response.dart,,S,reverse-evidence/package-paths.txt,imported,package path from AOT; source=reverse-evidence/package-paths.txt
PKG-1542,http,request.dart,package:http/src/request.dart,,S,reverse-evidence/package-paths.txt,imported,package path from AOT; source=reverse-evidence/package-paths.txt
PKG-1543,http,response.dart,package:http/src/response.dart,,S,reverse-evidence/package-paths.txt,imported,package path from AOT; source=reverse-evidence/package-paths.txt
PKG-1544,http,streamed_response.dart,package:http/src/streamed_response.dart,,S,reverse-evidence/package-paths.txt,imported,package path from AOT; source=reverse-evidence/package-paths.txt
PKG-1545,http,utils.dart,package:http/src/utils.dart,,S,reverse-evidence/package-paths.txt,imported,package path from AOT; source=reverse-evidence/package-paths.txt
PKG-1546,http_parser,case_insensitive_map.dart,package:http_parser/src/case_insensitive_map.dart,,S,reverse-evidence/package-paths.txt,imported,package path from AOT; source=reverse-evidence/package-paths.txt
PKG-1547,http_parser,media_type.dart,package:http_parser/src/media_type.dart,,S,reverse-evidence/package-paths.txt,imported,package path from AOT; source=reverse-evidence/package-paths.txt
PKG-1548,http_parser,scan.dart,package:http_parser/src/scan.dart,,S,reverse-evidence/package-paths.txt,imported,package path from AOT; source=reverse-evidence/package-paths.txt
PKG-1549,http_parser,utils.dart,package:http_parser/src/utils.dart,,S,reverse-evidence/package-paths.txt,imported,package path from AOT; source=reverse-evidence/package-paths.txt
PKG-1550,image_cropper,cropper.dart,package:image_cropper/src/cropper.dart,,S,reverse-evidence/package-paths.txt,imported,package path from AOT; source=reverse-evidence/package-paths.txt
PKG-1551,image_cropper_platform_interface,method_channel_image_cropper.dart,package:image_cropper_platform_interface/src/method_channel/method_channel_image_cropper.dart,,S,reverse-evidence/package-paths.txt,imported,package path from AOT; source=reverse-evidence/package-paths.txt
PKG-1552,image_cropper_platform_interface,base.dart,package:image_cropper_platform_interface/src/models/cropped_file/base.dart,,S,reverse-evidence/package-paths.txt,imported,package path from AOT; source=reverse-evidence/package-paths.txt
PKG-1553,image_cropper_platform_interface,io.dart,package:image_cropper_platform_interface/src/models/cropped_file/io.dart,,S,reverse-evidence/package-paths.txt,imported,package path from AOT; source=reverse-evidence/package-paths.txt
PKG-1554,image_cropper_platform_interface,settings.dart,package:image_cropper_platform_interface/src/models/settings.dart,,S,reverse-evidence/package-paths.txt,imported,package path from AOT; source=reverse-evidence/package-paths.txt
PKG-1555,image_cropper_platform_interface,image_cropper_platform.dart,package:image_cropper_platform_interface/src/platform_interface/image_cropper_platform.dart,,S,reverse-evidence/package-paths.txt,imported,package path from AOT; source=reverse-evidence/package-paths.txt
PKG-1556,image_picker,image_picker.dart,package:image_picker/image_picker.dart,,S,reverse-evidence/package-paths.txt,imported,package path from AOT; source=reverse-evidence/package-paths.txt
PKG-1557,image_picker_ios,image_picker_ios.dart,package:image_picker_ios/image_picker_ios.dart,,S,reverse-evidence/package-paths.txt,imported,package path from AOT; source=reverse-evidence/package-paths.txt
PKG-1558,image_picker_ios,messages.g.dart,package:image_picker_ios/src/messages.g.dart,,S,reverse-evidence/package-paths.txt,imported,package path from AOT; source=reverse-evidence/package-paths.txt
PKG-1559,image_picker_platform_interface,method_channel_image_picker.dart,package:image_picker_platform_interface/src/method_channel/method_channel_image_picker.dart,,S,reverse-evidence/package-paths.txt,imported,package path from AOT; source=reverse-evidence/package-paths.txt
PKG-1560,image_picker_platform_interface,image_picker_platform.dart,package:image_picker_platform_interface/src/platform_interface/image_picker_platform.dart,,S,reverse-evidence/package-paths.txt,imported,package path from AOT; source=reverse-evidence/package-paths.txt
PKG-1561,image_picker_platform_interface,camera_device.dart,package:image_picker_platform_interface/src/types/camera_device.dart,,S,reverse-evidence/package-paths.txt,imported,package path from AOT; source=reverse-evidence/package-paths.txt
PKG-1562,image_picker_platform_interface,image_options.dart,package:image_picker_platform_interface/src/types/image_options.dart,,S,reverse-evidence/package-paths.txt,imported,package path from AOT; source=reverse-evidence/package-paths.txt
PKG-1563,image_picker_platform_interface,image_source.dart,package:image_picker_platform_interface/src/types/image_source.dart,,S,reverse-evidence/package-paths.txt,imported,package path from AOT; source=reverse-evidence/package-paths.txt
PKG-1564,image_picker_platform_interface,multi_image_picker_options.dart,package:image_picker_platform_interface/src/types/multi_image_picker_options.dart,,S,reverse-evidence/package-paths.txt,imported,package path from AOT; source=reverse-evidence/package-paths.txt
PKG-1565,intl,date_symbol_data_custom.dart,package:intl/date_symbol_data_custom.dart,,S,reverse-evidence/package-paths.txt,imported,package path from AOT; source=reverse-evidence/package-paths.txt
PKG-1566,intl,date_symbol_data_local.dart,package:intl/date_symbol_data_local.dart,,S,reverse-evidence/package-paths.txt,imported,package path from AOT; source=reverse-evidence/package-paths.txt
PKG-1567,intl,date_symbols.dart,package:intl/date_symbols.dart,,S,reverse-evidence/package-paths.txt,imported,package path from AOT; source=reverse-evidence/package-paths.txt
PKG-1568,intl,date_time_patterns.dart,package:intl/date_time_patterns.dart,,S,reverse-evidence/package-paths.txt,imported,package path from AOT; source=reverse-evidence/package-paths.txt
PKG-1569,intl,intl.dart,package:intl/intl.dart,,S,reverse-evidence/package-paths.txt,imported,package path from AOT; source=reverse-evidence/package-paths.txt
PKG-1570,intl,number_symbols.dart,package:intl/number_symbols.dart,,S,reverse-evidence/package-paths.txt,imported,package path from AOT; source=reverse-evidence/package-paths.txt
PKG-1571,intl,number_symbols_data.dart,package:intl/number_symbols_data.dart,,S,reverse-evidence/package-paths.txt,imported,package path from AOT; source=reverse-evidence/package-paths.txt
PKG-1572,intl,date_format_internal.dart,package:intl/src/date_format_internal.dart,,S,reverse-evidence/package-paths.txt,imported,package path from AOT; source=reverse-evidence/package-paths.txt
PKG-1573,intl,global_state.dart,package:intl/src/global_state.dart,,S,reverse-evidence/package-paths.txt,imported,package path from AOT; source=reverse-evidence/package-paths.txt
PKG-1574,intl,constants.dart,package:intl/src/intl/constants.dart,,S,reverse-evidence/package-paths.txt,imported,package path from AOT; source=reverse-evidence/package-paths.txt
PKG-1575,intl,date_builder.dart,package:intl/src/intl/date_builder.dart,,S,reverse-evidence/package-paths.txt,imported,package path from AOT; source=reverse-evidence/package-paths.txt
PKG-1576,intl,date_computation.dart,package:intl/src/intl/date_computation.dart,,S,reverse-evidence/package-paths.txt,imported,package path from AOT; source=reverse-evidence/package-paths.txt
PKG-1577,intl,date_format.dart,package:intl/src/intl/date_format.dart,,S,reverse-evidence/package-paths.txt,imported,package path from AOT; source=reverse-evidence/package-paths.txt
PKG-1578,intl,date_format_field.dart,package:intl/src/intl/date_format_field.dart,,S,reverse-evidence/package-paths.txt,imported,package path from AOT; source=reverse-evidence/package-paths.txt
PKG-1579,intl,number_format.dart,package:intl/src/intl/number_format.dart,,S,reverse-evidence/package-paths.txt,imported,package path from AOT; source=reverse-evidence/package-paths.txt
PKG-1580,intl,number_format_parser.dart,package:intl/src/intl/number_format_parser.dart,,S,reverse-evidence/package-paths.txt,imported,package path from AOT; source=reverse-evidence/package-paths.txt
PKG-1581,intl,regexp.dart,package:intl/src/intl/regexp.dart,,S,reverse-evidence/package-paths.txt,imported,package path from AOT; source=reverse-evidence/package-paths.txt
PKG-1582,intl,string_stack.dart,package:intl/src/intl/string_stack.dart,,S,reverse-evidence/package-paths.txt,imported,package path from AOT; source=reverse-evidence/package-paths.txt
PKG-1583,intl,intl_helpers.dart,package:intl/src/intl_helpers.dart,,S,reverse-evidence/package-paths.txt,imported,package path from AOT; source=reverse-evidence/package-paths.txt
PKG-1584,intl,plural_rules.dart,package:intl/src/plural_rules.dart,,S,reverse-evidence/package-paths.txt,imported,package path from AOT; source=reverse-evidence/package-paths.txt
PKG-1585,json_annotation,enum_helpers.dart,package:json_annotation/src/enum_helpers.dart,,S,reverse-evidence/package-paths.txt,imported,package path from AOT; source=reverse-evidence/package-paths.txt
PKG-1586,logger,development_filter.dart,package:logger/src/filters/development_filter.dart,,S,reverse-evidence/package-paths.txt,imported,package path from AOT; source=reverse-evidence/package-paths.txt
PKG-1587,logger,log_event.dart,package:logger/src/log_event.dart,,S,reverse-evidence/package-paths.txt,imported,package path from AOT; source=reverse-evidence/package-paths.txt
PKG-1588,logger,log_filter.dart,package:logger/src/log_filter.dart,,S,reverse-evidence/package-paths.txt,imported,package path from AOT; source=reverse-evidence/package-paths.txt
PKG-1589,logger,log_level.dart,package:logger/src/log_level.dart,,S,reverse-evidence/package-paths.txt,imported,package path from AOT; source=reverse-evidence/package-paths.txt
PKG-1590,logger,log_output.dart,package:logger/src/log_output.dart,,S,reverse-evidence/package-paths.txt,imported,package path from AOT; source=reverse-evidence/package-paths.txt
PKG-1591,logger,log_printer.dart,package:logger/src/log_printer.dart,,S,reverse-evidence/package-paths.txt,imported,package path from AOT; source=reverse-evidence/package-paths.txt
PKG-1592,logger,logger.dart,package:logger/src/logger.dart,,S,reverse-evidence/package-paths.txt,imported,package path from AOT; source=reverse-evidence/package-paths.txt
PKG-1593,logger,console_output.dart,package:logger/src/outputs/console_output.dart,,S,reverse-evidence/package-paths.txt,imported,package path from AOT; source=reverse-evidence/package-paths.txt
PKG-1594,logger,pretty_printer.dart,package:logger/src/printers/pretty_printer.dart,,S,reverse-evidence/package-paths.txt,imported,package path from AOT; source=reverse-evidence/package-paths.txt
PKG-1595,markdown,ast.dart,package:markdown/src/ast.dart,,S,reverse-evidence/package-paths.txt,imported,package path from AOT; source=reverse-evidence/package-paths.txt
PKG-1596,markdown,block_parser.dart,package:markdown/src/block_parser.dart,,S,reverse-evidence/package-paths.txt,imported,package path from AOT; source=reverse-evidence/package-paths.txt
PKG-1597,markdown,block_syntax.dart,package:markdown/src/block_syntaxes/block_syntax.dart,,S,reverse-evidence/package-paths.txt,imported,package path from AOT; source=reverse-evidence/package-paths.txt
PKG-1598,markdown,blockquote_syntax.dart,package:markdown/src/block_syntaxes/blockquote_syntax.dart,,S,reverse-evidence/package-paths.txt,imported,package path from AOT; source=reverse-evidence/package-paths.txt
PKG-1599,markdown,code_block_syntax.dart,package:markdown/src/block_syntaxes/code_block_syntax.dart,,S,reverse-evidence/package-paths.txt,imported,package path from AOT; source=reverse-evidence/package-paths.txt
PKG-1600,markdown,empty_block_syntax.dart,package:markdown/src/block_syntaxes/empty_block_syntax.dart,,S,reverse-evidence/package-paths.txt,imported,package path from AOT; source=reverse-evidence/package-paths.txt
PKG-1601,markdown,fenced_code_block_syntax.dart,package:markdown/src/block_syntaxes/fenced_code_block_syntax.dart,,S,reverse-evidence/package-paths.txt,imported,package path from AOT; source=reverse-evidence/package-paths.txt
PKG-1602,markdown,footnote_def_syntax.dart,package:markdown/src/block_syntaxes/footnote_def_syntax.dart,,S,reverse-evidence/package-paths.txt,imported,package path from AOT; source=reverse-evidence/package-paths.txt
PKG-1603,markdown,header_syntax.dart,package:markdown/src/block_syntaxes/header_syntax.dart,,S,reverse-evidence/package-paths.txt,imported,package path from AOT; source=reverse-evidence/package-paths.txt
PKG-1604,markdown,horizontal_rule_syntax.dart,package:markdown/src/block_syntaxes/horizontal_rule_syntax.dart,,S,reverse-evidence/package-paths.txt,imported,package path from AOT; source=reverse-evidence/package-paths.txt
PKG-1605,markdown,html_block_syntax.dart,package:markdown/src/block_syntaxes/html_block_syntax.dart,,S,reverse-evidence/package-paths.txt,imported,package path from AOT; source=reverse-evidence/package-paths.txt
PKG-1606,markdown,link_reference_definition_syntax.dart,package:markdown/src/block_syntaxes/link_reference_definition_syntax.dart,,S,reverse-evidence/package-paths.txt,imported,package path from AOT; source=reverse-evidence/package-paths.txt
PKG-1607,markdown,list_syntax.dart,package:markdown/src/block_syntaxes/list_syntax.dart,,S,reverse-evidence/package-paths.txt,imported,package path from AOT; source=reverse-evidence/package-paths.txt
PKG-1608,markdown,ordered_list_syntax.dart,package:markdown/src/block_syntaxes/ordered_list_syntax.dart,,S,reverse-evidence/package-paths.txt,imported,package path from AOT; source=reverse-evidence/package-paths.txt
PKG-1609,markdown,ordered_list_with_checkbox_syntax.dart,package:markdown/src/block_syntaxes/ordered_list_with_checkbox_syntax.dart,,S,reverse-evidence/package-paths.txt,imported,package path from AOT; source=reverse-evidence/package-paths.txt
PKG-1610,markdown,paragraph_syntax.dart,package:markdown/src/block_syntaxes/paragraph_syntax.dart,,S,reverse-evidence/package-paths.txt,imported,package path from AOT; source=reverse-evidence/package-paths.txt
PKG-1611,markdown,setext_header_syntax.dart,package:markdown/src/block_syntaxes/setext_header_syntax.dart,,S,reverse-evidence/package-paths.txt,imported,package path from AOT; source=reverse-evidence/package-paths.txt
PKG-1612,markdown,table_syntax.dart,package:markdown/src/block_syntaxes/table_syntax.dart,,S,reverse-evidence/package-paths.txt,imported,package path from AOT; source=reverse-evidence/package-paths.txt
PKG-1613,markdown,unordered_list_syntax.dart,package:markdown/src/block_syntaxes/unordered_list_syntax.dart,,S,reverse-evidence/package-paths.txt,imported,package path from AOT; source=reverse-evidence/package-paths.txt
PKG-1614,markdown,unordered_list_with_checkbox_syntax.dart,package:markdown/src/block_syntaxes/unordered_list_with_checkbox_syntax.dart,,S,reverse-evidence/package-paths.txt,imported,package path from AOT; source=reverse-evidence/package-paths.txt
PKG-1615,markdown,document.dart,package:markdown/src/document.dart,,S,reverse-evidence/package-paths.txt,imported,package path from AOT; source=reverse-evidence/package-paths.txt
PKG-1616,markdown,extension_set.dart,package:markdown/src/extension_set.dart,,S,reverse-evidence/package-paths.txt,imported,package path from AOT; source=reverse-evidence/package-paths.txt
PKG-1617,markdown,inline_parser.dart,package:markdown/src/inline_parser.dart,,S,reverse-evidence/package-paths.txt,imported,package path from AOT; source=reverse-evidence/package-paths.txt
PKG-1618,markdown,autolink_extension_syntax.dart,package:markdown/src/inline_syntaxes/autolink_extension_syntax.dart,,S,reverse-evidence/package-paths.txt,imported,package path from AOT; source=reverse-evidence/package-paths.txt
PKG-1619,markdown,autolink_syntax.dart,package:markdown/src/inline_syntaxes/autolink_syntax.dart,,S,reverse-evidence/package-paths.txt,imported,package path from AOT; source=reverse-evidence/package-paths.txt
PKG-1620,markdown,code_syntax.dart,package:markdown/src/inline_syntaxes/code_syntax.dart,,S,reverse-evidence/package-paths.txt,imported,package path from AOT; source=reverse-evidence/package-paths.txt
PKG-1621,markdown,decode_html_syntax.dart,package:markdown/src/inline_syntaxes/decode_html_syntax.dart,,S,reverse-evidence/package-paths.txt,imported,package path from AOT; source=reverse-evidence/package-paths.txt
PKG-1622,markdown,delimiter_syntax.dart,package:markdown/src/inline_syntaxes/delimiter_syntax.dart,,S,reverse-evidence/package-paths.txt,imported,package path from AOT; source=reverse-evidence/package-paths.txt
PKG-1623,markdown,email_autolink_syntax.dart,package:markdown/src/inline_syntaxes/email_autolink_syntax.dart,,S,reverse-evidence/package-paths.txt,imported,package path from AOT; source=reverse-evidence/package-paths.txt
PKG-1624,markdown,emphasis_syntax.dart,package:markdown/src/inline_syntaxes/emphasis_syntax.dart,,S,reverse-evidence/package-paths.txt,imported,package path from AOT; source=reverse-evidence/package-paths.txt
PKG-1625,markdown,escape_syntax.dart,package:markdown/src/inline_syntaxes/escape_syntax.dart,,S,reverse-evidence/package-paths.txt,imported,package path from AOT; source=reverse-evidence/package-paths.txt
PKG-1626,markdown,footnote_ref_syntax.dart,package:markdown/src/inline_syntaxes/footnote_ref_syntax.dart,,S,reverse-evidence/package-paths.txt,imported,package path from AOT; source=reverse-evidence/package-paths.txt
PKG-1627,markdown,image_syntax.dart,package:markdown/src/inline_syntaxes/image_syntax.dart,,S,reverse-evidence/package-paths.txt,imported,package path from AOT; source=reverse-evidence/package-paths.txt
PKG-1628,markdown,inline_html_syntax.dart,package:markdown/src/inline_syntaxes/inline_html_syntax.dart,,S,reverse-evidence/package-paths.txt,imported,package path from AOT; source=reverse-evidence/package-paths.txt
PKG-1629,markdown,inline_syntax.dart,package:markdown/src/inline_syntaxes/inline_syntax.dart,,S,reverse-evidence/package-paths.txt,imported,package path from AOT; source=reverse-evidence/package-paths.txt
PKG-1630,markdown,line_break_syntax.dart,package:markdown/src/inline_syntaxes/line_break_syntax.dart,,S,reverse-evidence/package-paths.txt,imported,package path from AOT; source=reverse-evidence/package-paths.txt
PKG-1631,markdown,link_syntax.dart,package:markdown/src/inline_syntaxes/link_syntax.dart,,S,reverse-evidence/package-paths.txt,imported,package path from AOT; source=reverse-evidence/package-paths.txt
PKG-1632,markdown,soft_line_break_syntax.dart,package:markdown/src/inline_syntaxes/soft_line_break_syntax.dart,,S,reverse-evidence/package-paths.txt,imported,package path from AOT; source=reverse-evidence/package-paths.txt
PKG-1633,markdown,strikethrough_syntax.dart,package:markdown/src/inline_syntaxes/strikethrough_syntax.dart,,S,reverse-evidence/package-paths.txt,imported,package path from AOT; source=reverse-evidence/package-paths.txt
PKG-1634,markdown,text_syntax.dart,package:markdown/src/inline_syntaxes/text_syntax.dart,,S,reverse-evidence/package-paths.txt,imported,package path from AOT; source=reverse-evidence/package-paths.txt
PKG-1635,markdown,line.dart,package:markdown/src/line.dart,,S,reverse-evidence/package-paths.txt,imported,package path from AOT; source=reverse-evidence/package-paths.txt
PKG-1636,markdown,link_parser.dart,package:markdown/src/link_parser.dart,,S,reverse-evidence/package-paths.txt,imported,package path from AOT; source=reverse-evidence/package-paths.txt
PKG-1637,markdown,patterns.dart,package:markdown/src/patterns.dart,,S,reverse-evidence/package-paths.txt,imported,package path from AOT; source=reverse-evidence/package-paths.txt
PKG-1638,markdown,text_parser.dart,package:markdown/src/text_parser.dart,,S,reverse-evidence/package-paths.txt,imported,package path from AOT; source=reverse-evidence/package-paths.txt
PKG-1639,markdown,util.dart,package:markdown/src/util.dart,,S,reverse-evidence/package-paths.txt,imported,package path from AOT; source=reverse-evidence/package-paths.txt
PKG-1640,material_color_utilities,contrast.dart,package:material_color_utilities/contrast/contrast.dart,,S,reverse-evidence/package-paths.txt,imported,package path from AOT; source=reverse-evidence/package-paths.txt
PKG-1641,material_color_utilities,dislike_analyzer.dart,package:material_color_utilities/dislike/dislike_analyzer.dart,,S,reverse-evidence/package-paths.txt,imported,package path from AOT; source=reverse-evidence/package-paths.txt
PKG-1642,material_color_utilities,dynamic_color.dart,package:material_color_utilities/dynamiccolor/dynamic_color.dart,,S,reverse-evidence/package-paths.txt,imported,package path from AOT; source=reverse-evidence/package-paths.txt
PKG-1643,material_color_utilities,dynamic_scheme.dart,package:material_color_utilities/dynamiccolor/dynamic_scheme.dart,,S,reverse-evidence/package-paths.txt,imported,package path from AOT; source=reverse-evidence/package-paths.txt
PKG-1644,material_color_utilities,material_dynamic_colors.dart,package:material_color_utilities/dynamiccolor/material_dynamic_colors.dart,,S,reverse-evidence/package-paths.txt,imported,package path from AOT; source=reverse-evidence/package-paths.txt
PKG-1645,material_color_utilities,contrast_curve.dart,package:material_color_utilities/dynamiccolor/src/contrast_curve.dart,,S,reverse-evidence/package-paths.txt,imported,package path from AOT; source=reverse-evidence/package-paths.txt
PKG-1646,material_color_utilities,tone_delta_pair.dart,package:material_color_utilities/dynamiccolor/src/tone_delta_pair.dart,,S,reverse-evidence/package-paths.txt,imported,package path from AOT; source=reverse-evidence/package-paths.txt
PKG-1647,material_color_utilities,variant.dart,package:material_color_utilities/dynamiccolor/variant.dart,,S,reverse-evidence/package-paths.txt,imported,package path from AOT; source=reverse-evidence/package-paths.txt
PKG-1648,material_color_utilities,cam16.dart,package:material_color_utilities/hct/cam16.dart,,S,reverse-evidence/package-paths.txt,imported,package path from AOT; source=reverse-evidence/package-paths.txt
PKG-1649,material_color_utilities,hct.dart,package:material_color_utilities/hct/hct.dart,,S,reverse-evidence/package-paths.txt,imported,package path from AOT; source=reverse-evidence/package-paths.txt
PKG-1650,material_color_utilities,hct_solver.dart,package:material_color_utilities/hct/src/hct_solver.dart,,S,reverse-evidence/package-paths.txt,imported,package path from AOT; source=reverse-evidence/package-paths.txt
PKG-1651,material_color_utilities,viewing_conditions.dart,package:material_color_utilities/hct/viewing_conditions.dart,,S,reverse-evidence/package-paths.txt,imported,package path from AOT; source=reverse-evidence/package-paths.txt
PKG-1652,material_color_utilities,tonal_palette.dart,package:material_color_utilities/palettes/tonal_palette.dart,,S,reverse-evidence/package-paths.txt,imported,package path from AOT; source=reverse-evidence/package-paths.txt
PKG-1653,material_color_utilities,scheme_tonal_spot.dart,package:material_color_utilities/scheme/scheme_tonal_spot.dart,,S,reverse-evidence/package-paths.txt,imported,package path from AOT; source=reverse-evidence/package-paths.txt
PKG-1654,material_color_utilities,color_utils.dart,package:material_color_utilities/utils/color_utils.dart,,S,reverse-evidence/package-paths.txt,imported,package path from AOT; source=reverse-evidence/package-paths.txt
PKG-1655,material_color_utilities,math_utils.dart,package:material_color_utilities/utils/math_utils.dart,,S,reverse-evidence/package-paths.txt,imported,package path from AOT; source=reverse-evidence/package-paths.txt
PKG-1656,mime,magic_number.dart,package:mime/src/magic_number.dart,,S,reverse-evidence/package-paths.txt,imported,package path from AOT; source=reverse-evidence/package-paths.txt
PKG-1657,mime,mime_type.dart,package:mime/src/mime_type.dart,,S,reverse-evidence/package-paths.txt,imported,package path from AOT; source=reverse-evidence/package-paths.txt
PKG-1658,mobile_scanner,address_type.dart,package:mobile_scanner/src/enums/address_type.dart,,S,reverse-evidence/package-paths.txt,imported,package path from AOT; source=reverse-evidence/package-paths.txt
PKG-1659,mobile_scanner,barcode_format.dart,package:mobile_scanner/src/enums/barcode_format.dart,,S,reverse-evidence/package-paths.txt,imported,package path from AOT; source=reverse-evidence/package-paths.txt
PKG-1660,mobile_scanner,barcode_type.dart,package:mobile_scanner/src/enums/barcode_type.dart,,S,reverse-evidence/package-paths.txt,imported,package path from AOT; source=reverse-evidence/package-paths.txt
PKG-1661,mobile_scanner,camera_facing.dart,package:mobile_scanner/src/enums/camera_facing.dart,,S,reverse-evidence/package-paths.txt,imported,package path from AOT; source=reverse-evidence/package-paths.txt
PKG-1662,mobile_scanner,detection_speed.dart,package:mobile_scanner/src/enums/detection_speed.dart,,S,reverse-evidence/package-paths.txt,imported,package path from AOT; source=reverse-evidence/package-paths.txt
PKG-1663,mobile_scanner,email_type.dart,package:mobile_scanner/src/enums/email_type.dart,,S,reverse-evidence/package-paths.txt,imported,package path from AOT; source=reverse-evidence/package-paths.txt
PKG-1664,mobile_scanner,encryption_type.dart,package:mobile_scanner/src/enums/encryption_type.dart,,S,reverse-evidence/package-paths.txt,imported,package path from AOT; source=reverse-evidence/package-paths.txt
PKG-1665,mobile_scanner,mobile_scanner_authorization_state.dart,package:mobile_scanner/src/enums/mobile_scanner_authorization_state.dart,,S,reverse-evidence/package-paths.txt,imported,package path from AOT; source=reverse-evidence/package-paths.txt
PKG-1666,mobile_scanner,mobile_scanner_error_code.dart,package:mobile_scanner/src/enums/mobile_scanner_error_code.dart,,S,reverse-evidence/package-paths.txt,imported,package path from AOT; source=reverse-evidence/package-paths.txt
PKG-1667,mobile_scanner,phone_type.dart,package:mobile_scanner/src/enums/phone_type.dart,,S,reverse-evidence/package-paths.txt,imported,package path from AOT; source=reverse-evidence/package-paths.txt
PKG-1668,mobile_scanner,torch_state.dart,package:mobile_scanner/src/enums/torch_state.dart,,S,reverse-evidence/package-paths.txt,imported,package path from AOT; source=reverse-evidence/package-paths.txt
PKG-1669,mobile_scanner,mobile_scanner_method_channel.dart,package:mobile_scanner/src/method_channel/mobile_scanner_method_channel.dart,,S,reverse-evidence/package-paths.txt,imported,package path from AOT; source=reverse-evidence/package-paths.txt
PKG-1670,mobile_scanner,mobile_scanner.dart,package:mobile_scanner/src/mobile_scanner.dart,,S,reverse-evidence/package-paths.txt,imported,package path from AOT; source=reverse-evidence/package-paths.txt
PKG-1671,mobile_scanner,mobile_scanner_controller.dart,package:mobile_scanner/src/mobile_scanner_controller.dart,,S,reverse-evidence/package-paths.txt,imported,package path from AOT; source=reverse-evidence/package-paths.txt
PKG-1672,mobile_scanner,mobile_scanner_exception.dart,package:mobile_scanner/src/mobile_scanner_exception.dart,,S,reverse-evidence/package-paths.txt,imported,package path from AOT; source=reverse-evidence/package-paths.txt
PKG-1673,mobile_scanner,mobile_scanner_platform_interface.dart,package:mobile_scanner/src/mobile_scanner_platform_interface.dart,,S,reverse-evidence/package-paths.txt,imported,package path from AOT; source=reverse-evidence/package-paths.txt
PKG-1674,mobile_scanner,mobile_scanner_view_attributes.dart,package:mobile_scanner/src/mobile_scanner_view_attributes.dart,,S,reverse-evidence/package-paths.txt,imported,package path from AOT; source=reverse-evidence/package-paths.txt
PKG-1675,mobile_scanner,address.dart,package:mobile_scanner/src/objects/address.dart,,S,reverse-evidence/package-paths.txt,imported,package path from AOT; source=reverse-evidence/package-paths.txt
PKG-1676,mobile_scanner,barcode.dart,package:mobile_scanner/src/objects/barcode.dart,,S,reverse-evidence/package-paths.txt,imported,package path from AOT; source=reverse-evidence/package-paths.txt
PKG-1677,mobile_scanner,barcode_capture.dart,package:mobile_scanner/src/objects/barcode_capture.dart,,S,reverse-evidence/package-paths.txt,imported,package path from AOT; source=reverse-evidence/package-paths.txt
PKG-1678,mobile_scanner,calendar_event.dart,package:mobile_scanner/src/objects/calendar_event.dart,,S,reverse-evidence/package-paths.txt,imported,package path from AOT; source=reverse-evidence/package-paths.txt
PKG-1679,mobile_scanner,contact_info.dart,package:mobile_scanner/src/objects/contact_info.dart,,S,reverse-evidence/package-paths.txt,imported,package path from AOT; source=reverse-evidence/package-paths.txt
PKG-1680,mobile_scanner,driver_license.dart,package:mobile_scanner/src/objects/driver_license.dart,,S,reverse-evidence/package-paths.txt,imported,package path from AOT; source=reverse-evidence/package-paths.txt
PKG-1681,mobile_scanner,email.dart,package:mobile_scanner/src/objects/email.dart,,S,reverse-evidence/package-paths.txt,imported,package path from AOT; source=reverse-evidence/package-paths.txt
PKG-1682,mobile_scanner,geo_point.dart,package:mobile_scanner/src/objects/geo_point.dart,,S,reverse-evidence/package-paths.txt,imported,package path from AOT; source=reverse-evidence/package-paths.txt
PKG-1683,mobile_scanner,mobile_scanner_state.dart,package:mobile_scanner/src/objects/mobile_scanner_state.dart,,S,reverse-evidence/package-paths.txt,imported,package path from AOT; source=reverse-evidence/package-paths.txt
PKG-1684,mobile_scanner,person_name.dart,package:mobile_scanner/src/objects/person_name.dart,,S,reverse-evidence/package-paths.txt,imported,package path from AOT; source=reverse-evidence/package-paths.txt
PKG-1685,mobile_scanner,phone.dart,package:mobile_scanner/src/objects/phone.dart,,S,reverse-evidence/package-paths.txt,imported,package path from AOT; source=reverse-evidence/package-paths.txt
PKG-1686,mobile_scanner,sms.dart,package:mobile_scanner/src/objects/sms.dart,,S,reverse-evidence/package-paths.txt,imported,package path from AOT; source=reverse-evidence/package-paths.txt
PKG-1687,mobile_scanner,start_options.dart,package:mobile_scanner/src/objects/start_options.dart,,S,reverse-evidence/package-paths.txt,imported,package path from AOT; source=reverse-evidence/package-paths.txt
PKG-1688,mobile_scanner,url_bookmark.dart,package:mobile_scanner/src/objects/url_bookmark.dart,,S,reverse-evidence/package-paths.txt,imported,package path from AOT; source=reverse-evidence/package-paths.txt
PKG-1689,mobile_scanner,wifi.dart,package:mobile_scanner/src/objects/wifi.dart,,S,reverse-evidence/package-paths.txt,imported,package path from AOT; source=reverse-evidence/package-paths.txt
PKG-1690,nested,nested.dart,package:nested/nested.dart,,S,reverse-evidence/package-paths.txt,imported,package path from AOT; source=reverse-evidence/package-paths.txt
PKG-1691,objective_c,c_bindings_generated.dart,package:objective_c/src/c_bindings_generated.dart,,S,reverse-evidence/package-paths.txt,imported,package path from AOT; source=reverse-evidence/package-paths.txt
PKG-1692,objective_c,internal.dart,package:objective_c/src/internal.dart,,S,reverse-evidence/package-paths.txt,imported,package path from AOT; source=reverse-evidence/package-paths.txt
PKG-1693,objective_c,ns_string.dart,package:objective_c/src/ns_string.dart,,S,reverse-evidence/package-paths.txt,imported,package path from AOT; source=reverse-evidence/package-paths.txt
PKG-1694,objective_c,objective_c_bindings_generated.dart,package:objective_c/src/objective_c_bindings_generated.dart,,S,reverse-evidence/package-paths.txt,imported,package path from AOT; source=reverse-evidence/package-paths.txt
PKG-1695,objective_c,os_version.dart,package:objective_c/src/os_version.dart,,S,reverse-evidence/package-paths.txt,imported,package path from AOT; source=reverse-evidence/package-paths.txt
PKG-1696,objective_c,runtime_bindings_generated.dart,package:objective_c/src/runtime_bindings_generated.dart,,S,reverse-evidence/package-paths.txt,imported,package path from AOT; source=reverse-evidence/package-paths.txt
PKG-1697,octo_image,fade_widget.dart,package:octo_image/src/image/fade_widget.dart,,S,reverse-evidence/package-paths.txt,imported,package path from AOT; source=reverse-evidence/package-paths.txt
PKG-1698,octo_image,image.dart,package:octo_image/src/image/image.dart,,S,reverse-evidence/package-paths.txt,imported,package path from AOT; source=reverse-evidence/package-paths.txt
PKG-1699,octo_image,image_handler.dart,package:octo_image/src/image/image_handler.dart,,S,reverse-evidence/package-paths.txt,imported,package path from AOT; source=reverse-evidence/package-paths.txt
PKG-1700,open_file_ios,open_file_ios.dart,package:open_file_ios/open_file_ios.dart,,S,reverse-evidence/package-paths.txt,imported,package path from AOT; source=reverse-evidence/package-paths.txt
PKG-1701,open_file_platform_interface,open_file_platform.dart,package:open_file_platform_interface/src/platform_interface/open_file_platform.dart,,S,reverse-evidence/package-paths.txt,imported,package path from AOT; source=reverse-evidence/package-paths.txt
PKG-1702,package_info_plus,package_info_plus.dart,package:package_info_plus/package_info_plus.dart,,S,reverse-evidence/package-paths.txt,imported,package path from AOT; source=reverse-evidence/package-paths.txt
PKG-1703,package_info_plus_platform_interface,method_channel_package_info.dart,package:package_info_plus_platform_interface/method_channel_package_info.dart,,S,reverse-evidence/package-paths.txt,imported,package path from AOT; source=reverse-evidence/package-paths.txt
PKG-1704,package_info_plus_platform_interface,package_info_data.dart,package:package_info_plus_platform_interface/package_info_data.dart,,S,reverse-evidence/package-paths.txt,imported,package path from AOT; source=reverse-evidence/package-paths.txt
PKG-1705,package_info_plus_platform_interface,package_info_platform_interface.dart,package:package_info_plus_platform_interface/package_info_platform_interface.dart,,S,reverse-evidence/package-paths.txt,imported,package path from AOT; source=reverse-evidence/package-paths.txt
PKG-1706,path,path.dart,package:path/path.dart,,S,reverse-evidence/package-paths.txt,imported,package path from AOT; source=reverse-evidence/package-paths.txt
PKG-1707,path,context.dart,package:path/src/context.dart,,S,reverse-evidence/package-paths.txt,imported,package path from AOT; source=reverse-evidence/package-paths.txt
PKG-1708,path,internal_style.dart,package:path/src/internal_style.dart,,S,reverse-evidence/package-paths.txt,imported,package path from AOT; source=reverse-evidence/package-paths.txt
PKG-1709,path,parsed_path.dart,package:path/src/parsed_path.dart,,S,reverse-evidence/package-paths.txt,imported,package path from AOT; source=reverse-evidence/package-paths.txt
PKG-1710,path,path_exception.dart,package:path/src/path_exception.dart,,S,reverse-evidence/package-paths.txt,imported,package path from AOT; source=reverse-evidence/package-paths.txt
PKG-1711,path,style.dart,package:path/src/style.dart,,S,reverse-evidence/package-paths.txt,imported,package path from AOT; source=reverse-evidence/package-paths.txt
PKG-1712,path,posix.dart,package:path/src/style/posix.dart,,S,reverse-evidence/package-paths.txt,imported,package path from AOT; source=reverse-evidence/package-paths.txt
PKG-1713,path,url.dart,package:path/src/style/url.dart,,S,reverse-evidence/package-paths.txt,imported,package path from AOT; source=reverse-evidence/package-paths.txt
PKG-1714,path,windows.dart,package:path/src/style/windows.dart,,S,reverse-evidence/package-paths.txt,imported,package path from AOT; source=reverse-evidence/package-paths.txt
PKG-1715,path,utils.dart,package:path/src/utils.dart,,S,reverse-evidence/package-paths.txt,imported,package path from AOT; source=reverse-evidence/package-paths.txt
PKG-1716,path_parsing,path_parsing.dart,package:path_parsing/src/path_parsing.dart,,S,reverse-evidence/package-paths.txt,imported,package path from AOT; source=reverse-evidence/package-paths.txt
PKG-1717,path_parsing,path_segment_type.dart,package:path_parsing/src/path_segment_type.dart,,S,reverse-evidence/package-paths.txt,imported,package path from AOT; source=reverse-evidence/package-paths.txt
PKG-1718,path_provider,path_provider.dart,package:path_provider/path_provider.dart,,S,reverse-evidence/package-paths.txt,imported,package path from AOT; source=reverse-evidence/package-paths.txt
PKG-1719,path_provider_foundation,ffi_bindings.g.dart,package:path_provider_foundation/src/ffi_bindings.g.dart,,S,reverse-evidence/package-paths.txt,imported,package path from AOT; source=reverse-evidence/package-paths.txt
PKG-1720,path_provider_foundation,path_provider_foundation_real.dart,package:path_provider_foundation/src/path_provider_foundation_real.dart,,S,reverse-evidence/package-paths.txt,imported,package path from AOT; source=reverse-evidence/package-paths.txt
PKG-1721,path_provider_platform_interface,path_provider_platform_interface.dart,package:path_provider_platform_interface/path_provider_platform_interface.dart,,S,reverse-evidence/package-paths.txt,imported,package path from AOT; source=reverse-evidence/package-paths.txt
PKG-1722,path_provider_platform_interface,method_channel_path_provider.dart,package:path_provider_platform_interface/src/method_channel_path_provider.dart,,S,reverse-evidence/package-paths.txt,imported,package path from AOT; source=reverse-evidence/package-paths.txt
PKG-1723,permission_handler,permission_handler.dart,package:permission_handler/permission_handler.dart,,S,reverse-evidence/package-paths.txt,imported,package path from AOT; source=reverse-evidence/package-paths.txt
PKG-1724,permission_handler_platform_interface,permission_handler_platform_interface.dart,package:permission_handler_platform_interface/permission_handler_platform_interface.dart,,S,reverse-evidence/package-paths.txt,imported,package path from AOT; source=reverse-evidence/package-paths.txt
PKG-1725,permission_handler_platform_interface,method_channel_permission_handler.dart,package:permission_handler_platform_interface/src/method_channel/method_channel_permission_handler.dart,,S,reverse-evidence/package-paths.txt,imported,package path from AOT; source=reverse-evidence/package-paths.txt
PKG-1726,permission_handler_platform_interface,codec.dart,package:permission_handler_platform_interface/src/method_channel/utils/codec.dart,,S,reverse-evidence/package-paths.txt,imported,package path from AOT; source=reverse-evidence/package-paths.txt
PKG-1727,permission_handler_platform_interface,permission_handler_platform_interface.dart,package:permission_handler_platform_interface/src/permission_handler_platform_interface.dart,,S,reverse-evidence/package-paths.txt,imported,package path from AOT; source=reverse-evidence/package-paths.txt
PKG-1728,permission_handler_platform_interface,permission_status.dart,package:permission_handler_platform_interface/src/permission_status.dart,,S,reverse-evidence/package-paths.txt,imported,package path from AOT; source=reverse-evidence/package-paths.txt
PKG-1729,permission_handler_platform_interface,permissions.dart,package:permission_handler_platform_interface/src/permissions.dart,,S,reverse-evidence/package-paths.txt,imported,package path from AOT; source=reverse-evidence/package-paths.txt
PKG-1730,petitparser,context.dart,package:petitparser/src/core/context.dart,,S,reverse-evidence/package-paths.txt,imported,package path from AOT; source=reverse-evidence/package-paths.txt
PKG-1731,petitparser,exception.dart,package:petitparser/src/core/exception.dart,,S,reverse-evidence/package-paths.txt,imported,package path from AOT; source=reverse-evidence/package-paths.txt
PKG-1732,petitparser,parser.dart,package:petitparser/src/core/parser.dart,,S,reverse-evidence/package-paths.txt,imported,package path from AOT; source=reverse-evidence/package-paths.txt
PKG-1733,petitparser,result.dart,package:petitparser/src/core/result.dart,,S,reverse-evidence/package-paths.txt,imported,package path from AOT; source=reverse-evidence/package-paths.txt
PKG-1734,petitparser,token.dart,package:petitparser/src/core/token.dart,,S,reverse-evidence/package-paths.txt,imported,package path from AOT; source=reverse-evidence/package-paths.txt
PKG-1735,petitparser,reference.dart,package:petitparser/src/definition/internal/reference.dart,,S,reverse-evidence/package-paths.txt,imported,package path from AOT; source=reverse-evidence/package-paths.txt
PKG-1736,petitparser,reference.dart,package:petitparser/src/definition/reference.dart,,S,reverse-evidence/package-paths.txt,imported,package path from AOT; source=reverse-evidence/package-paths.txt
PKG-1737,petitparser,resolve.dart,package:petitparser/src/definition/resolve.dart,,S,reverse-evidence/package-paths.txt,imported,package path from AOT; source=reverse-evidence/package-paths.txt
PKG-1738,petitparser,matches.dart,package:petitparser/src/matcher/matches.dart,,S,reverse-evidence/package-paths.txt,imported,package path from AOT; source=reverse-evidence/package-paths.txt
PKG-1739,petitparser,matches_iterable.dart,package:petitparser/src/matcher/matches/matches_iterable.dart,,S,reverse-evidence/package-paths.txt,imported,package path from AOT; source=reverse-evidence/package-paths.txt
PKG-1740,petitparser,matches_iterator.dart,package:petitparser/src/matcher/matches/matches_iterator.dart,,S,reverse-evidence/package-paths.txt,imported,package path from AOT; source=reverse-evidence/package-paths.txt
PKG-1741,petitparser,flatten.dart,package:petitparser/src/parser/action/flatten.dart,,S,reverse-evidence/package-paths.txt,imported,package path from AOT; source=reverse-evidence/package-paths.txt
PKG-1742,petitparser,map.dart,package:petitparser/src/parser/action/map.dart,,S,reverse-evidence/package-paths.txt,imported,package path from AOT; source=reverse-evidence/package-paths.txt
PKG-1743,petitparser,token.dart,package:petitparser/src/parser/action/token.dart,,S,reverse-evidence/package-paths.txt,imported,package path from AOT; source=reverse-evidence/package-paths.txt
PKG-1744,petitparser,any.dart,package:petitparser/src/parser/character/any.dart,,S,reverse-evidence/package-paths.txt,imported,package path from AOT; source=reverse-evidence/package-paths.txt
PKG-1745,petitparser,char.dart,package:petitparser/src/parser/character/char.dart,,S,reverse-evidence/package-paths.txt,imported,package path from AOT; source=reverse-evidence/package-paths.txt
PKG-1746,petitparser,pattern.dart,package:petitparser/src/parser/character/pattern.dart,,S,reverse-evidence/package-paths.txt,imported,package path from AOT; source=reverse-evidence/package-paths.txt
PKG-1747,petitparser,predicate.dart,package:petitparser/src/parser/character/predicate.dart,,S,reverse-evidence/package-paths.txt,imported,package path from AOT; source=reverse-evidence/package-paths.txt
PKG-1748,petitparser,char.dart,package:petitparser/src/parser/character/predicate/char.dart,,S,reverse-evidence/package-paths.txt,imported,package path from AOT; source=reverse-evidence/package-paths.txt
PKG-1749,petitparser,constant.dart,package:petitparser/src/parser/character/predicate/constant.dart,,S,reverse-evidence/package-paths.txt,imported,package path from AOT; source=reverse-evidence/package-paths.txt
PKG-1750,petitparser,lookup.dart,package:petitparser/src/parser/character/predicate/lookup.dart,,S,reverse-evidence/package-paths.txt,imported,package path from AOT; source=reverse-evidence/package-paths.txt
PKG-1751,petitparser,not.dart,package:petitparser/src/parser/character/predicate/not.dart,,S,reverse-evidence/package-paths.txt,imported,package path from AOT; source=reverse-evidence/package-paths.txt
PKG-1752,petitparser,range.dart,package:petitparser/src/parser/character/predicate/range.dart,,S,reverse-evidence/package-paths.txt,imported,package path from AOT; source=reverse-evidence/package-paths.txt
PKG-1753,petitparser,whitespace.dart,package:petitparser/src/parser/character/predicate/whitespace.dart,,S,reverse-evidence/package-paths.txt,imported,package path from AOT; source=reverse-evidence/package-paths.txt
PKG-1754,petitparser,code.dart,package:petitparser/src/parser/character/utils/code.dart,,S,reverse-evidence/package-paths.txt,imported,package path from AOT; source=reverse-evidence/package-paths.txt
PKG-1755,petitparser,optimize.dart,package:petitparser/src/parser/character/utils/optimize.dart,,S,reverse-evidence/package-paths.txt,imported,package path from AOT; source=reverse-evidence/package-paths.txt
PKG-1756,petitparser,whitespace.dart,package:petitparser/src/parser/character/whitespace.dart,,S,reverse-evidence/package-paths.txt,imported,package path from AOT; source=reverse-evidence/package-paths.txt
PKG-1757,petitparser,choice.dart,package:petitparser/src/parser/combinator/choice.dart,,S,reverse-evidence/package-paths.txt,imported,package path from AOT; source=reverse-evidence/package-paths.txt
PKG-1758,petitparser,delegate.dart,package:petitparser/src/parser/combinator/delegate.dart,,S,reverse-evidence/package-paths.txt,imported,package path from AOT; source=reverse-evidence/package-paths.txt
PKG-1759,petitparser,sequence_2.dart,package:petitparser/src/parser/combinator/generated/sequence_2.dart,,S,reverse-evidence/package-paths.txt,imported,package path from AOT; source=reverse-evidence/package-paths.txt
PKG-1760,petitparser,sequence_3.dart,package:petitparser/src/parser/combinator/generated/sequence_3.dart,,S,reverse-evidence/package-paths.txt,imported,package path from AOT; source=reverse-evidence/package-paths.txt
PKG-1761,petitparser,sequence_4.dart,package:petitparser/src/parser/combinator/generated/sequence_4.dart,,S,reverse-evidence/package-paths.txt,imported,package path from AOT; source=reverse-evidence/package-paths.txt
PKG-1762,petitparser,sequence_5.dart,package:petitparser/src/parser/combinator/generated/sequence_5.dart,,S,reverse-evidence/package-paths.txt,imported,package path from AOT; source=reverse-evidence/package-paths.txt
PKG-1763,petitparser,sequence_8.dart,package:petitparser/src/parser/combinator/generated/sequence_8.dart,,S,reverse-evidence/package-paths.txt,imported,package path from AOT; source=reverse-evidence/package-paths.txt
PKG-1764,petitparser,list.dart,package:petitparser/src/parser/combinator/list.dart,,S,reverse-evidence/package-paths.txt,imported,package path from AOT; source=reverse-evidence/package-paths.txt
PKG-1765,petitparser,optional.dart,package:petitparser/src/parser/combinator/optional.dart,,S,reverse-evidence/package-paths.txt,imported,package path from AOT; source=reverse-evidence/package-paths.txt
PKG-1766,petitparser,skip.dart,package:petitparser/src/parser/combinator/skip.dart,,S,reverse-evidence/package-paths.txt,imported,package path from AOT; source=reverse-evidence/package-paths.txt
PKG-1767,petitparser,end.dart,package:petitparser/src/parser/misc/end.dart,,S,reverse-evidence/package-paths.txt,imported,package path from AOT; source=reverse-evidence/package-paths.txt
PKG-1768,petitparser,epsilon.dart,package:petitparser/src/parser/misc/epsilon.dart,,S,reverse-evidence/package-paths.txt,imported,package path from AOT; source=reverse-evidence/package-paths.txt
PKG-1769,petitparser,newline.dart,package:petitparser/src/parser/misc/newline.dart,,S,reverse-evidence/package-paths.txt,imported,package path from AOT; source=reverse-evidence/package-paths.txt
PKG-1770,petitparser,character.dart,package:petitparser/src/parser/predicate/character.dart,,S,reverse-evidence/package-paths.txt,imported,package path from AOT; source=reverse-evidence/package-paths.txt
PKG-1771,petitparser,converter.dart,package:petitparser/src/parser/predicate/converter.dart,,S,reverse-evidence/package-paths.txt,imported,package path from AOT; source=reverse-evidence/package-paths.txt
PKG-1772,petitparser,predicate.dart,package:petitparser/src/parser/predicate/predicate.dart,,S,reverse-evidence/package-paths.txt,imported,package path from AOT; source=reverse-evidence/package-paths.txt
PKG-1773,petitparser,single_character.dart,package:petitparser/src/parser/predicate/single_character.dart,,S,reverse-evidence/package-paths.txt,imported,package path from AOT; source=reverse-evidence/package-paths.txt
PKG-1774,petitparser,string.dart,package:petitparser/src/parser/predicate/string.dart,,S,reverse-evidence/package-paths.txt,imported,package path from AOT; source=reverse-evidence/package-paths.txt
PKG-1775,petitparser,unicode_character.dart,package:petitparser/src/parser/predicate/unicode_character.dart,,S,reverse-evidence/package-paths.txt,imported,package path from AOT; source=reverse-evidence/package-paths.txt
PKG-1776,petitparser,character.dart,package:petitparser/src/parser/repeater/character.dart,,S,reverse-evidence/package-paths.txt,imported,package path from AOT; source=reverse-evidence/package-paths.txt
PKG-1777,petitparser,lazy.dart,package:petitparser/src/parser/repeater/lazy.dart,,S,reverse-evidence/package-paths.txt,imported,package path from AOT; source=reverse-evidence/package-paths.txt
PKG-1778,petitparser,limited.dart,package:petitparser/src/parser/repeater/limited.dart,,S,reverse-evidence/package-paths.txt,imported,package path from AOT; source=reverse-evidence/package-paths.txt
PKG-1779,petitparser,possessive.dart,package:petitparser/src/parser/repeater/possessive.dart,,S,reverse-evidence/package-paths.txt,imported,package path from AOT; source=reverse-evidence/package-paths.txt
PKG-1780,petitparser,repeating.dart,package:petitparser/src/parser/repeater/repeating.dart,,S,reverse-evidence/package-paths.txt,imported,package path from AOT; source=reverse-evidence/package-paths.txt
PKG-1781,petitparser,failure_joiner.dart,package:petitparser/src/parser/utils/failure_joiner.dart,,S,reverse-evidence/package-paths.txt,imported,package path from AOT; source=reverse-evidence/package-paths.txt
PKG-1782,petitparser,resolvable.dart,package:petitparser/src/parser/utils/resolvable.dart,,S,reverse-evidence/package-paths.txt,imported,package path from AOT; source=reverse-evidence/package-paths.txt
PKG-1783,petitparser,sequential.dart,package:petitparser/src/parser/utils/sequential.dart,,S,reverse-evidence/package-paths.txt,imported,package path from AOT; source=reverse-evidence/package-paths.txt
PKG-1784,photo_manager,base_filter.dart,package:photo_manager/src/filter/base_filter.dart,,S,reverse-evidence/package-paths.txt,imported,package path from AOT; source=reverse-evidence/package-paths.txt
PKG-1785,photo_manager,filter_option_group.dart,package:photo_manager/src/filter/classical/filter_option_group.dart,,S,reverse-evidence/package-paths.txt,imported,package path from AOT; source=reverse-evidence/package-paths.txt
PKG-1786,photo_manager,filter_options.dart,package:photo_manager/src/filter/classical/filter_options.dart,,S,reverse-evidence/package-paths.txt,imported,package path from AOT; source=reverse-evidence/package-paths.txt
PKG-1787,photo_manager,path_filter.dart,package:photo_manager/src/filter/path_filter.dart,,S,reverse-evidence/package-paths.txt,imported,package path from AOT; source=reverse-evidence/package-paths.txt
PKG-1788,photo_manager,enums.dart,package:photo_manager/src/internal/enums.dart,,S,reverse-evidence/package-paths.txt,imported,package path from AOT; source=reverse-evidence/package-paths.txt
PKG-1789,photo_manager,map_interface.dart,package:photo_manager/src/internal/map_interface.dart,,S,reverse-evidence/package-paths.txt,imported,package path from AOT; source=reverse-evidence/package-paths.txt
PKG-1790,photo_manager,plugin.dart,package:photo_manager/src/internal/plugin.dart,,S,reverse-evidence/package-paths.txt,imported,package path from AOT; source=reverse-evidence/package-paths.txt
PKG-1791,photo_manager,photo_manager.dart,package:photo_manager/src/managers/photo_manager.dart,,S,reverse-evidence/package-paths.txt,imported,package path from AOT; source=reverse-evidence/package-paths.txt
PKG-1792,photo_manager,entity.dart,package:photo_manager/src/types/entity.dart,,S,reverse-evidence/package-paths.txt,imported,package path from AOT; source=reverse-evidence/package-paths.txt
PKG-1793,photo_manager,thumbnail.dart,package:photo_manager/src/types/thumbnail.dart,,S,reverse-evidence/package-paths.txt,imported,package path from AOT; source=reverse-evidence/package-paths.txt
PKG-1794,photo_manager,types.dart,package:photo_manager/src/types/types.dart,,S,reverse-evidence/package-paths.txt,imported,package path from AOT; source=reverse-evidence/package-paths.txt
PKG-1795,photo_manager,convert_utils.dart,package:photo_manager/src/utils/convert_utils.dart,,S,reverse-evidence/package-paths.txt,imported,package path from AOT; source=reverse-evidence/package-paths.txt
PKG-1796,photo_view,photo_view.dart,package:photo_view/photo_view.dart,,S,reverse-evidence/package-paths.txt,imported,package path from AOT; source=reverse-evidence/package-paths.txt
PKG-1797,photo_view,photo_view_gallery.dart,package:photo_view/photo_view_gallery.dart,,S,reverse-evidence/package-paths.txt,imported,package path from AOT; source=reverse-evidence/package-paths.txt
PKG-1798,photo_view,photo_view_controller.dart,package:photo_view/src/controller/photo_view_controller.dart,,S,reverse-evidence/package-paths.txt,imported,package path from AOT; source=reverse-evidence/package-paths.txt
PKG-1799,photo_view,photo_view_controller_delegate.dart,package:photo_view/src/controller/photo_view_controller_delegate.dart,,S,reverse-evidence/package-paths.txt,imported,package path from AOT; source=reverse-evidence/package-paths.txt
PKG-1800,photo_view,photo_view_scalestate_controller.dart,package:photo_view/src/controller/photo_view_scalestate_controller.dart,,S,reverse-evidence/package-paths.txt,imported,package path from AOT; source=reverse-evidence/package-paths.txt
PKG-1801,photo_view,photo_view_core.dart,package:photo_view/src/core/photo_view_core.dart,,S,reverse-evidence/package-paths.txt,imported,package path from AOT; source=reverse-evidence/package-paths.txt
PKG-1802,photo_view,photo_view_gesture_detector.dart,package:photo_view/src/core/photo_view_gesture_detector.dart,,S,reverse-evidence/package-paths.txt,imported,package path from AOT; source=reverse-evidence/package-paths.txt
PKG-1803,photo_view,photo_view_hit_corners.dart,package:photo_view/src/core/photo_view_hit_corners.dart,,S,reverse-evidence/package-paths.txt,imported,package path from AOT; source=reverse-evidence/package-paths.txt
PKG-1804,photo_view,photo_view_computed_scale.dart,package:photo_view/src/photo_view_computed_scale.dart,,S,reverse-evidence/package-paths.txt,imported,package path from AOT; source=reverse-evidence/package-paths.txt
PKG-1805,photo_view,photo_view_scale_state.dart,package:photo_view/src/photo_view_scale_state.dart,,S,reverse-evidence/package-paths.txt,imported,package path from AOT; source=reverse-evidence/package-paths.txt
PKG-1806,photo_view,photo_view_wrappers.dart,package:photo_view/src/photo_view_wrappers.dart,,S,reverse-evidence/package-paths.txt,imported,package path from AOT; source=reverse-evidence/package-paths.txt
PKG-1807,photo_view,ignorable_change_notifier.dart,package:photo_view/src/utils/ignorable_change_notifier.dart,,S,reverse-evidence/package-paths.txt,imported,package path from AOT; source=reverse-evidence/package-paths.txt
PKG-1808,photo_view,photo_view_hero_attributes.dart,package:photo_view/src/utils/photo_view_hero_attributes.dart,,S,reverse-evidence/package-paths.txt,imported,package path from AOT; source=reverse-evidence/package-paths.txt
PKG-1809,photo_view,photo_view_utils.dart,package:photo_view/src/utils/photo_view_utils.dart,,S,reverse-evidence/package-paths.txt,imported,package path from AOT; source=reverse-evidence/package-paths.txt
PKG-1810,plugin_platform_interface,plugin_platform_interface.dart,package:plugin_platform_interface/plugin_platform_interface.dart,,S,reverse-evidence/package-paths.txt,imported,package path from AOT; source=reverse-evidence/package-paths.txt
PKG-1811,provider,change_notifier_provider.dart,package:provider/src/change_notifier_provider.dart,,S,reverse-evidence/package-paths.txt,imported,package path from AOT; source=reverse-evidence/package-paths.txt
PKG-1812,provider,consumer.dart,package:provider/src/consumer.dart,,S,reverse-evidence/package-paths.txt,imported,package path from AOT; source=reverse-evidence/package-paths.txt
PKG-1813,provider,inherited_provider.dart,package:provider/src/inherited_provider.dart,,S,reverse-evidence/package-paths.txt,imported,package path from AOT; source=reverse-evidence/package-paths.txt
PKG-1814,provider,listenable_provider.dart,package:provider/src/listenable_provider.dart,,S,reverse-evidence/package-paths.txt,imported,package path from AOT; source=reverse-evidence/package-paths.txt
PKG-1815,provider,provider.dart,package:provider/src/provider.dart,,S,reverse-evidence/package-paths.txt,imported,package path from AOT; source=reverse-evidence/package-paths.txt
PKG-1816,pub_semver,version.dart,package:pub_semver/src/version.dart,,S,reverse-evidence/package-paths.txt,imported,package path from AOT; source=reverse-evidence/package-paths.txt
PKG-1817,pub_semver,version_constraint.dart,package:pub_semver/src/version_constraint.dart,,S,reverse-evidence/package-paths.txt,imported,package path from AOT; source=reverse-evidence/package-paths.txt
PKG-1818,pub_semver,version_range.dart,package:pub_semver/src/version_range.dart,,S,reverse-evidence/package-paths.txt,imported,package path from AOT; source=reverse-evidence/package-paths.txt
PKG-1819,qr,bit_buffer.dart,package:qr/src/bit_buffer.dart,,S,reverse-evidence/package-paths.txt,imported,package path from AOT; source=reverse-evidence/package-paths.txt
PKG-1820,qr,byte.dart,package:qr/src/byte.dart,,S,reverse-evidence/package-paths.txt,imported,package path from AOT; source=reverse-evidence/package-paths.txt
PKG-1821,qr,input_too_long_exception.dart,package:qr/src/input_too_long_exception.dart,,S,reverse-evidence/package-paths.txt,imported,package path from AOT; source=reverse-evidence/package-paths.txt
PKG-1822,qr,math.dart,package:qr/src/math.dart,,S,reverse-evidence/package-paths.txt,imported,package path from AOT; source=reverse-evidence/package-paths.txt
PKG-1823,qr,polynomial.dart,package:qr/src/polynomial.dart,,S,reverse-evidence/package-paths.txt,imported,package path from AOT; source=reverse-evidence/package-paths.txt
PKG-1824,qr,qr_code.dart,package:qr/src/qr_code.dart,,S,reverse-evidence/package-paths.txt,imported,package path from AOT; source=reverse-evidence/package-paths.txt
PKG-1825,qr,qr_image.dart,package:qr/src/qr_image.dart,,S,reverse-evidence/package-paths.txt,imported,package path from AOT; source=reverse-evidence/package-paths.txt
PKG-1826,qr,rs_block.dart,package:qr/src/rs_block.dart,,S,reverse-evidence/package-paths.txt,imported,package path from AOT; source=reverse-evidence/package-paths.txt
PKG-1827,qr,util.dart,package:qr/src/util.dart,,S,reverse-evidence/package-paths.txt,imported,package path from AOT; source=reverse-evidence/package-paths.txt
PKG-1828,qr_flutter,paint_cache.dart,package:qr_flutter/src/paint_cache.dart,,S,reverse-evidence/package-paths.txt,imported,package path from AOT; source=reverse-evidence/package-paths.txt
PKG-1829,qr_flutter,qr_image_view.dart,package:qr_flutter/src/qr_image_view.dart,,S,reverse-evidence/package-paths.txt,imported,package path from AOT; source=reverse-evidence/package-paths.txt
PKG-1830,qr_flutter,qr_painter.dart,package:qr_flutter/src/qr_painter.dart,,S,reverse-evidence/package-paths.txt,imported,package path from AOT; source=reverse-evidence/package-paths.txt
PKG-1831,qr_flutter,types.dart,package:qr_flutter/src/types.dart,,S,reverse-evidence/package-paths.txt,imported,package path from AOT; source=reverse-evidence/package-paths.txt
PKG-1832,qr_flutter,validator.dart,package:qr_flutter/src/validator.dart,,S,reverse-evidence/package-paths.txt,imported,package path from AOT; source=reverse-evidence/package-paths.txt
PKG-1833,record,record.dart,package:record/src/record.dart,,S,reverse-evidence/package-paths.txt,imported,package path from AOT; source=reverse-evidence/package-paths.txt
PKG-1834,record_platform_interface,record_method_channel_mixin.dart,package:record_platform_interface/src/record_method_channel_mixin.dart,,S,reverse-evidence/package-paths.txt,imported,package path from AOT; source=reverse-evidence/package-paths.txt
PKG-1835,record_platform_interface,record_platform.dart,package:record_platform_interface/src/record_platform.dart,,S,reverse-evidence/package-paths.txt,imported,package path from AOT; source=reverse-evidence/package-paths.txt
PKG-1836,record_platform_interface,record_platform_interface.dart,package:record_platform_interface/src/record_platform_interface.dart,,S,reverse-evidence/package-paths.txt,imported,package path from AOT; source=reverse-evidence/package-paths.txt
PKG-1837,record_platform_interface,android_record_config.dart,package:record_platform_interface/src/types/android_record_config.dart,,S,reverse-evidence/package-paths.txt,imported,package path from AOT; source=reverse-evidence/package-paths.txt
PKG-1838,record_platform_interface,audio_encoder.dart,package:record_platform_interface/src/types/audio_encoder.dart,,S,reverse-evidence/package-paths.txt,imported,package path from AOT; source=reverse-evidence/package-paths.txt
PKG-1839,record_platform_interface,audio_interruption_mode.dart,package:record_platform_interface/src/types/audio_interruption_mode.dart,,S,reverse-evidence/package-paths.txt,imported,package path from AOT; source=reverse-evidence/package-paths.txt
PKG-1840,record_platform_interface,ios_record_config.dart,package:record_platform_interface/src/types/ios_record_config.dart,,S,reverse-evidence/package-paths.txt,imported,package path from AOT; source=reverse-evidence/package-paths.txt
PKG-1841,record_platform_interface,record_config.dart,package:record_platform_interface/src/types/record_config.dart,,S,reverse-evidence/package-paths.txt,imported,package path from AOT; source=reverse-evidence/package-paths.txt
PKG-1842,record_platform_interface,record_state.dart,package:record_platform_interface/src/types/record_state.dart,,S,reverse-evidence/package-paths.txt,imported,package path from AOT; source=reverse-evidence/package-paths.txt
PKG-1843,reorderables,transitions.dart,package:reorderables/src/rendering/transitions.dart,,S,reverse-evidence/package-paths.txt,imported,package path from AOT; source=reverse-evidence/package-paths.txt
PKG-1844,reorderables,wrap.dart,package:reorderables/src/rendering/wrap.dart,,S,reverse-evidence/package-paths.txt,imported,package path from AOT; source=reverse-evidence/package-paths.txt
PKG-1845,reorderables,passthrough_overlay.dart,package:reorderables/src/widgets/passthrough_overlay.dart,,S,reverse-evidence/package-paths.txt,imported,package path from AOT; source=reverse-evidence/package-paths.txt
PKG-1846,reorderables,reorderable_mixin.dart,package:reorderables/src/widgets/reorderable_mixin.dart,,S,reverse-evidence/package-paths.txt,imported,package path from AOT; source=reverse-evidence/package-paths.txt
PKG-1847,reorderables,reorderable_wrap.dart,package:reorderables/src/widgets/reorderable_wrap.dart,,S,reverse-evidence/package-paths.txt,imported,package path from AOT; source=reverse-evidence/package-paths.txt
PKG-1848,reorderables,transitions.dart,package:reorderables/src/widgets/transitions.dart,,S,reverse-evidence/package-paths.txt,imported,package path from AOT; source=reverse-evidence/package-paths.txt
PKG-1849,rxdart,rx.dart,package:rxdart/src/rx.dart,,S,reverse-evidence/package-paths.txt,imported,package path from AOT; source=reverse-evidence/package-paths.txt
PKG-1850,rxdart,defer.dart,package:rxdart/src/streams/defer.dart,,S,reverse-evidence/package-paths.txt,imported,package path from AOT; source=reverse-evidence/package-paths.txt
PKG-1851,rxdart,value_stream.dart,package:rxdart/src/streams/value_stream.dart,,S,reverse-evidence/package-paths.txt,imported,package path from AOT; source=reverse-evidence/package-paths.txt
PKG-1852,rxdart,behavior_subject.dart,package:rxdart/src/subjects/behavior_subject.dart,,S,reverse-evidence/package-paths.txt,imported,package path from AOT; source=reverse-evidence/package-paths.txt
PKG-1853,rxdart,subject.dart,package:rxdart/src/subjects/subject.dart,,S,reverse-evidence/package-paths.txt,imported,package path from AOT; source=reverse-evidence/package-paths.txt
PKG-1854,rxdart,start_with.dart,package:rxdart/src/transformers/start_with.dart,,S,reverse-evidence/package-paths.txt,imported,package path from AOT; source=reverse-evidence/package-paths.txt
PKG-1855,rxdart,start_with_error.dart,package:rxdart/src/transformers/start_with_error.dart,,S,reverse-evidence/package-paths.txt,imported,package path from AOT; source=reverse-evidence/package-paths.txt
PKG-1856,rxdart,empty.dart,package:rxdart/src/utils/empty.dart,,S,reverse-evidence/package-paths.txt,imported,package path from AOT; source=reverse-evidence/package-paths.txt
PKG-1857,rxdart,error_and_stacktrace.dart,package:rxdart/src/utils/error_and_stacktrace.dart,,S,reverse-evidence/package-paths.txt,imported,package path from AOT; source=reverse-evidence/package-paths.txt
PKG-1858,rxdart,forwarding_sink.dart,package:rxdart/src/utils/forwarding_sink.dart,,S,reverse-evidence/package-paths.txt,imported,package path from AOT; source=reverse-evidence/package-paths.txt
PKG-1859,rxdart,forwarding_stream.dart,package:rxdart/src/utils/forwarding_stream.dart,,S,reverse-evidence/package-paths.txt,imported,package path from AOT; source=reverse-evidence/package-paths.txt
PKG-1860,share_plus,share_plus.dart,package:share_plus/share_plus.dart,,S,reverse-evidence/package-paths.txt,imported,package path from AOT; source=reverse-evidence/package-paths.txt
PKG-1861,share_plus_platform_interface,method_channel_share.dart,package:share_plus_platform_interface/method_channel/method_channel_share.dart,,S,reverse-evidence/package-paths.txt,imported,package path from AOT; source=reverse-evidence/package-paths.txt
PKG-1862,share_plus_platform_interface,share_plus_platform.dart,package:share_plus_platform_interface/platform_interface/share_plus_platform.dart,,S,reverse-evidence/package-paths.txt,imported,package path from AOT; source=reverse-evidence/package-paths.txt
PKG-1863,shared_preferences,shared_preferences_legacy.dart,package:shared_preferences/src/shared_preferences_legacy.dart,,S,reverse-evidence/package-paths.txt,imported,package path from AOT; source=reverse-evidence/package-paths.txt
PKG-1864,shared_preferences_foundation,messages.g.dart,package:shared_preferences_foundation/src/messages.g.dart,,S,reverse-evidence/package-paths.txt,imported,package path from AOT; source=reverse-evidence/package-paths.txt
PKG-1865,shared_preferences_foundation,shared_preferences_foundation.dart,package:shared_preferences_foundation/src/shared_preferences_foundation.dart,,S,reverse-evidence/package-paths.txt,imported,package path from AOT; source=reverse-evidence/package-paths.txt
PKG-1866,shared_preferences_platform_interface,method_channel_shared_preferences.dart,package:shared_preferences_platform_interface/method_channel_shared_preferences.dart,,S,reverse-evidence/package-paths.txt,imported,package path from AOT; source=reverse-evidence/package-paths.txt
PKG-1867,shared_preferences_platform_interface,shared_preferences_platform_interface.dart,package:shared_preferences_platform_interface/shared_preferences_platform_interface.dart,,S,reverse-evidence/package-paths.txt,imported,package path from AOT; source=reverse-evidence/package-paths.txt
PKG-1868,shared_preferences_platform_interface,types.dart,package:shared_preferences_platform_interface/types.dart,,S,reverse-evidence/package-paths.txt,imported,package path from AOT; source=reverse-evidence/package-paths.txt
PKG-1869,sign_in_with_apple,sign_in_with_apple.dart,package:sign_in_with_apple/src/sign_in_with_apple.dart,,S,reverse-evidence/package-paths.txt,imported,package path from AOT; source=reverse-evidence/package-paths.txt
PKG-1870,sign_in_with_apple,apple_logo_painter.dart,package:sign_in_with_apple/src/widgets/apple_logo_painter.dart,,S,reverse-evidence/package-paths.txt,imported,package path from AOT; source=reverse-evidence/package-paths.txt
PKG-1871,sign_in_with_apple,sign_in_with_apple_button.dart,package:sign_in_with_apple/src/widgets/sign_in_with_apple_button.dart,,S,reverse-evidence/package-paths.txt,imported,package path from AOT; source=reverse-evidence/package-paths.txt
PKG-1872,sign_in_with_apple_platform_interface,authorization_credential.dart,package:sign_in_with_apple_platform_interface/authorization_credential.dart,,S,reverse-evidence/package-paths.txt,imported,package path from AOT; source=reverse-evidence/package-paths.txt
PKG-1873,sign_in_with_apple_platform_interface,authorization_request.dart,package:sign_in_with_apple_platform_interface/authorization_request.dart,,S,reverse-evidence/package-paths.txt,imported,package path from AOT; source=reverse-evidence/package-paths.txt
PKG-1874,sign_in_with_apple_platform_interface,exceptions.dart,package:sign_in_with_apple_platform_interface/exceptions.dart,,S,reverse-evidence/package-paths.txt,imported,package path from AOT; source=reverse-evidence/package-paths.txt
PKG-1875,sign_in_with_apple_platform_interface,method_channel_sign_in_with_apple.dart,package:sign_in_with_apple_platform_interface/method_channel_sign_in_with_apple.dart,,S,reverse-evidence/package-paths.txt,imported,package path from AOT; source=reverse-evidence/package-paths.txt
PKG-1876,sign_in_with_apple_platform_interface,sign_in_with_apple_platform_interface.dart,package:sign_in_with_apple_platform_interface/sign_in_with_apple_platform_interface.dart,,S,reverse-evidence/package-paths.txt,imported,package path from AOT; source=reverse-evidence/package-paths.txt
PKG-1877,simple_gesture_detector,simple_gesture_detector.dart,package:simple_gesture_detector/simple_gesture_detector.dart,,S,reverse-evidence/package-paths.txt,imported,package path from AOT; source=reverse-evidence/package-paths.txt
PKG-1878,source_span,file.dart,package:source_span/src/file.dart,,S,reverse-evidence/package-paths.txt,imported,package path from AOT; source=reverse-evidence/package-paths.txt
PKG-1879,source_span,highlighter.dart,package:source_span/src/highlighter.dart,,S,reverse-evidence/package-paths.txt,imported,package path from AOT; source=reverse-evidence/package-paths.txt
PKG-1880,source_span,location.dart,package:source_span/src/location.dart,,S,reverse-evidence/package-paths.txt,imported,package path from AOT; source=reverse-evidence/package-paths.txt
PKG-1881,source_span,location_mixin.dart,package:source_span/src/location_mixin.dart,,S,reverse-evidence/package-paths.txt,imported,package path from AOT; source=reverse-evidence/package-paths.txt
PKG-1882,source_span,span.dart,package:source_span/src/span.dart,,S,reverse-evidence/package-paths.txt,imported,package path from AOT; source=reverse-evidence/package-paths.txt
PKG-1883,source_span,span_exception.dart,package:source_span/src/span_exception.dart,,S,reverse-evidence/package-paths.txt,imported,package path from AOT; source=reverse-evidence/package-paths.txt
PKG-1884,source_span,span_mixin.dart,package:source_span/src/span_mixin.dart,,S,reverse-evidence/package-paths.txt,imported,package path from AOT; source=reverse-evidence/package-paths.txt
PKG-1885,source_span,span_with_context.dart,package:source_span/src/span_with_context.dart,,S,reverse-evidence/package-paths.txt,imported,package path from AOT; source=reverse-evidence/package-paths.txt
PKG-1886,source_span,utils.dart,package:source_span/src/utils.dart,,S,reverse-evidence/package-paths.txt,imported,package path from AOT; source=reverse-evidence/package-paths.txt
PKG-1887,sqflite_common,sqflite.dart,package:sqflite_common/sqflite.dart,,S,reverse-evidence/package-paths.txt,imported,package path from AOT; source=reverse-evidence/package-paths.txt
PKG-1888,sqflite_common,sqlite_api.dart,package:sqflite_common/sqlite_api.dart,,S,reverse-evidence/package-paths.txt,imported,package path from AOT; source=reverse-evidence/package-paths.txt
PKG-1889,sqflite_common,arg_utils.dart,package:sqflite_common/src/arg_utils.dart,,S,reverse-evidence/package-paths.txt,imported,package path from AOT; source=reverse-evidence/package-paths.txt
PKG-1890,sqflite_common,collection_utils.dart,package:sqflite_common/src/collection_utils.dart,,S,reverse-evidence/package-paths.txt,imported,package path from AOT; source=reverse-evidence/package-paths.txt
PKG-1891,sqflite_common,database.dart,package:sqflite_common/src/database.dart,,S,reverse-evidence/package-paths.txt,imported,package path from AOT; source=reverse-evidence/package-paths.txt
PKG-1892,sqflite_common,database_mixin.dart,package:sqflite_common/src/database_mixin.dart,,S,reverse-evidence/package-paths.txt,imported,package path from AOT; source=reverse-evidence/package-paths.txt
PKG-1893,sqflite_common,exception.dart,package:sqflite_common/src/exception.dart,,S,reverse-evidence/package-paths.txt,imported,package path from AOT; source=reverse-evidence/package-paths.txt
PKG-1894,sqflite_common,factory.dart,package:sqflite_common/src/factory.dart,,S,reverse-evidence/package-paths.txt,imported,package path from AOT; source=reverse-evidence/package-paths.txt
PKG-1895,sqflite_common,factory_mixin.dart,package:sqflite_common/src/factory_mixin.dart,,S,reverse-evidence/package-paths.txt,imported,package path from AOT; source=reverse-evidence/package-paths.txt
PKG-1896,sqflite_common,factory.dart,package:sqflite_common/src/mixin/factory.dart,,S,reverse-evidence/package-paths.txt,imported,package path from AOT; source=reverse-evidence/package-paths.txt
PKG-1897,sqflite_common,open_options.dart,package:sqflite_common/src/open_options.dart,,S,reverse-evidence/package-paths.txt,imported,package path from AOT; source=reverse-evidence/package-paths.txt
PKG-1898,sqflite_common,path_utils.dart,package:sqflite_common/src/path_utils.dart,,S,reverse-evidence/package-paths.txt,imported,package path from AOT; source=reverse-evidence/package-paths.txt
PKG-1899,sqflite_common,sqflite_database_factory.dart,package:sqflite_common/src/sqflite_database_factory.dart,,S,reverse-evidence/package-paths.txt,imported,package path from AOT; source=reverse-evidence/package-paths.txt
PKG-1900,sqflite_common,sql_builder.dart,package:sqflite_common/src/sql_builder.dart,,S,reverse-evidence/package-paths.txt,imported,package path from AOT; source=reverse-evidence/package-paths.txt
PKG-1901,sqflite_common,transaction.dart,package:sqflite_common/src/transaction.dart,,S,reverse-evidence/package-paths.txt,imported,package path from AOT; source=reverse-evidence/package-paths.txt
PKG-1902,sqflite_common,utils.dart,package:sqflite_common/src/utils.dart,,S,reverse-evidence/package-paths.txt,imported,package path from AOT; source=reverse-evidence/package-paths.txt
PKG-1903,sqflite_common,utils.dart,package:sqflite_common/utils/utils.dart,,S,reverse-evidence/package-paths.txt,imported,package path from AOT; source=reverse-evidence/package-paths.txt
PKG-1904,sqflite_darwin,sqflite_darwin.dart,package:sqflite_darwin/sqflite_darwin.dart,,S,reverse-evidence/package-paths.txt,imported,package path from AOT; source=reverse-evidence/package-paths.txt
PKG-1905,sqflite_platform_interface,sqflite_platform_interface.dart,package:sqflite_platform_interface/sqflite_platform_interface.dart,,S,reverse-evidence/package-paths.txt,imported,package path from AOT; source=reverse-evidence/package-paths.txt
PKG-1906,sqflite_platform_interface,factory_platform.dart,package:sqflite_platform_interface/src/factory_platform.dart,,S,reverse-evidence/package-paths.txt,imported,package path from AOT; source=reverse-evidence/package-paths.txt
PKG-1907,sqflite_platform_interface,platform_exception.dart,package:sqflite_platform_interface/src/platform_exception.dart,,S,reverse-evidence/package-paths.txt,imported,package path from AOT; source=reverse-evidence/package-paths.txt
PKG-1908,sqflite_platform_interface,sqflite_method_channel.dart,package:sqflite_platform_interface/src/sqflite_method_channel.dart,,S,reverse-evidence/package-paths.txt,imported,package path from AOT; source=reverse-evidence/package-paths.txt
PKG-1909,string_scanner,exception.dart,package:string_scanner/src/exception.dart,,S,reverse-evidence/package-paths.txt,imported,package path from AOT; source=reverse-evidence/package-paths.txt
PKG-1910,string_scanner,string_scanner.dart,package:string_scanner/src/string_scanner.dart,,S,reverse-evidence/package-paths.txt,imported,package path from AOT; source=reverse-evidence/package-paths.txt
PKG-1911,string_scanner,utils.dart,package:string_scanner/src/utils.dart,,S,reverse-evidence/package-paths.txt,imported,package path from AOT; source=reverse-evidence/package-paths.txt
PKG-1912,syncfusion_flutter_calendar,appointment.dart,package:syncfusion_flutter_calendar/src/calendar/appointment_engine/appointment.dart,,S,reverse-evidence/package-paths.txt,imported,package path from AOT; source=reverse-evidence/package-paths.txt
PKG-1913,syncfusion_flutter_calendar,appointment_helper.dart,package:syncfusion_flutter_calendar/src/calendar/appointment_engine/appointment_helper.dart,,S,reverse-evidence/package-paths.txt,imported,package path from AOT; source=reverse-evidence/package-paths.txt
PKG-1914,syncfusion_flutter_calendar,calendar_datasource.dart,package:syncfusion_flutter_calendar/src/calendar/appointment_engine/calendar_datasource.dart,,S,reverse-evidence/package-paths.txt,imported,package path from AOT; source=reverse-evidence/package-paths.txt
PKG-1915,syncfusion_flutter_calendar,month_appointment_helper.dart,package:syncfusion_flutter_calendar/src/calendar/appointment_engine/month_appointment_helper.dart,,S,reverse-evidence/package-paths.txt,imported,package path from AOT; source=reverse-evidence/package-paths.txt
PKG-1916,syncfusion_flutter_calendar,agenda_view_layout.dart,package:syncfusion_flutter_calendar/src/calendar/appointment_layout/agenda_view_layout.dart,,S,reverse-evidence/package-paths.txt,imported,package path from AOT; source=reverse-evidence/package-paths.txt
PKG-1917,syncfusion_flutter_calendar,allday_appointment_layout.dart,package:syncfusion_flutter_calendar/src/calendar/appointment_layout/allday_appointment_layout.dart,,S,reverse-evidence/package-paths.txt,imported,package path from AOT; source=reverse-evidence/package-paths.txt
PKG-1918,syncfusion_flutter_calendar,appointment_layout.dart,package:syncfusion_flutter_calendar/src/calendar/appointment_layout/appointment_layout.dart,,S,reverse-evidence/package-paths.txt,imported,package path from AOT; source=reverse-evidence/package-paths.txt
PKG-1919,syncfusion_flutter_calendar,calendar_controller.dart,package:syncfusion_flutter_calendar/src/calendar/common/calendar_controller.dart,,S,reverse-evidence/package-paths.txt,imported,package path from AOT; source=reverse-evidence/package-paths.txt
PKG-1920,syncfusion_flutter_calendar,calendar_view_helper.dart,package:syncfusion_flutter_calendar/src/calendar/common/calendar_view_helper.dart,,S,reverse-evidence/package-paths.txt,imported,package path from AOT; source=reverse-evidence/package-paths.txt
PKG-1921,syncfusion_flutter_calendar,date_time_engine.dart,package:syncfusion_flutter_calendar/src/calendar/common/date_time_engine.dart,,S,reverse-evidence/package-paths.txt,imported,package path from AOT; source=reverse-evidence/package-paths.txt
PKG-1922,syncfusion_flutter_calendar,enums.dart,package:syncfusion_flutter_calendar/src/calendar/common/enums.dart,,S,reverse-evidence/package-paths.txt,imported,package path from AOT; source=reverse-evidence/package-paths.txt
PKG-1923,syncfusion_flutter_calendar,event_args.dart,package:syncfusion_flutter_calendar/src/calendar/common/event_args.dart,,S,reverse-evidence/package-paths.txt,imported,package path from AOT; source=reverse-evidence/package-paths.txt
PKG-1924,syncfusion_flutter_calendar,calendar_resource.dart,package:syncfusion_flutter_calendar/src/calendar/resource_view/calendar_resource.dart,,S,reverse-evidence/package-paths.txt,imported,package path from AOT; source=reverse-evidence/package-paths.txt
PKG-1925,syncfusion_flutter_calendar,drag_and_drop_settings.dart,package:syncfusion_flutter_calendar/src/calendar/settings/drag_and_drop_settings.dart,,S,reverse-evidence/package-paths.txt,imported,package path from AOT; source=reverse-evidence/package-paths.txt
PKG-1926,syncfusion_flutter_calendar,header_style.dart,package:syncfusion_flutter_calendar/src/calendar/settings/header_style.dart,,S,reverse-evidence/package-paths.txt,imported,package path from AOT; source=reverse-evidence/package-paths.txt
PKG-1927,syncfusion_flutter_calendar,month_view_settings.dart,package:syncfusion_flutter_calendar/src/calendar/settings/month_view_settings.dart,,S,reverse-evidence/package-paths.txt,imported,package path from AOT; source=reverse-evidence/package-paths.txt
PKG-1928,syncfusion_flutter_calendar,resource_view_settings.dart,package:syncfusion_flutter_calendar/src/calendar/settings/resource_view_settings.dart,,S,reverse-evidence/package-paths.txt,imported,package path from AOT; source=reverse-evidence/package-paths.txt
PKG-1929,syncfusion_flutter_calendar,schedule_view_settings.dart,package:syncfusion_flutter_calendar/src/calendar/settings/schedule_view_settings.dart,,S,reverse-evidence/package-paths.txt,imported,package path from AOT; source=reverse-evidence/package-paths.txt
PKG-1930,syncfusion_flutter_calendar,time_slot_view_settings.dart,package:syncfusion_flutter_calendar/src/calendar/settings/time_slot_view_settings.dart,,S,reverse-evidence/package-paths.txt,imported,package path from AOT; source=reverse-evidence/package-paths.txt
PKG-1931,syncfusion_flutter_calendar,view_header_style.dart,package:syncfusion_flutter_calendar/src/calendar/settings/view_header_style.dart,,S,reverse-evidence/package-paths.txt,imported,package path from AOT; source=reverse-evidence/package-paths.txt
PKG-1932,syncfusion_flutter_calendar,week_number_style.dart,package:syncfusion_flutter_calendar/src/calendar/settings/week_number_style.dart,,S,reverse-evidence/package-paths.txt,imported,package path from AOT; source=reverse-evidence/package-paths.txt
PKG-1933,syncfusion_flutter_calendar,sfcalendar.dart,package:syncfusion_flutter_calendar/src/calendar/sfcalendar.dart,,S,reverse-evidence/package-paths.txt,imported,package path from AOT; source=reverse-evidence/package-paths.txt
PKG-1934,syncfusion_flutter_calendar,theme.dart,package:syncfusion_flutter_calendar/src/calendar/theme.dart,,S,reverse-evidence/package-paths.txt,imported,package path from AOT; source=reverse-evidence/package-paths.txt
PKG-1935,syncfusion_flutter_calendar,calendar_view.dart,package:syncfusion_flutter_calendar/src/calendar/views/calendar_view.dart,,S,reverse-evidence/package-paths.txt,imported,package path from AOT; source=reverse-evidence/package-paths.txt
PKG-1936,syncfusion_flutter_calendar,day_view.dart,package:syncfusion_flutter_calendar/src/calendar/views/day_view.dart,,S,reverse-evidence/package-paths.txt,imported,package path from AOT; source=reverse-evidence/package-paths.txt
PKG-1937,syncfusion_flutter_calendar,month_view.dart,package:syncfusion_flutter_calendar/src/calendar/views/month_view.dart,,S,reverse-evidence/package-paths.txt,imported,package path from AOT; source=reverse-evidence/package-paths.txt
PKG-1938,syncfusion_flutter_calendar,timeline_view.dart,package:syncfusion_flutter_calendar/src/calendar/views/timeline_view.dart,,S,reverse-evidence/package-paths.txt,imported,package path from AOT; source=reverse-evidence/package-paths.txt
PKG-1939,syncfusion_flutter_core,core.dart,package:syncfusion_flutter_core/core.dart,,S,reverse-evidence/package-paths.txt,imported,package path from AOT; source=reverse-evidence/package-paths.txt
PKG-1940,syncfusion_flutter_core,core_internal.dart,package:syncfusion_flutter_core/core_internal.dart,,S,reverse-evidence/package-paths.txt,imported,package path from AOT; source=reverse-evidence/package-paths.txt
PKG-1941,syncfusion_flutter_core,calendar_helper.dart,package:syncfusion_flutter_core/src/calendar/calendar_helper.dart,,S,reverse-evidence/package-paths.txt,imported,package path from AOT; source=reverse-evidence/package-paths.txt
PKG-1942,syncfusion_flutter_core,custom_looping_widget.dart,package:syncfusion_flutter_core/src/calendar/custom_looping_widget.dart,,S,reverse-evidence/package-paths.txt,imported,package path from AOT; source=reverse-evidence/package-paths.txt
PKG-1943,syncfusion_flutter_core,global_localizations.dart,package:syncfusion_flutter_core/src/localizations/global_localizations.dart,,S,reverse-evidence/package-paths.txt,imported,package path from AOT; source=reverse-evidence/package-paths.txt
PKG-1944,syncfusion_flutter_core,assistview_theme.dart,package:syncfusion_flutter_core/src/theme/assistview_theme.dart,,S,reverse-evidence/package-paths.txt,imported,package path from AOT; source=reverse-evidence/package-paths.txt
PKG-1945,syncfusion_flutter_core,barcodes_theme.dart,package:syncfusion_flutter_core/src/theme/barcodes_theme.dart,,S,reverse-evidence/package-paths.txt,imported,package path from AOT; source=reverse-evidence/package-paths.txt
PKG-1946,syncfusion_flutter_core,calendar_theme.dart,package:syncfusion_flutter_core/src/theme/calendar_theme.dart,,S,reverse-evidence/package-paths.txt,imported,package path from AOT; source=reverse-evidence/package-paths.txt
PKG-1947,syncfusion_flutter_core,charts_theme.dart,package:syncfusion_flutter_core/src/theme/charts_theme.dart,,S,reverse-evidence/package-paths.txt,imported,package path from AOT; source=reverse-evidence/package-paths.txt
PKG-1948,syncfusion_flutter_core,chat_theme.dart,package:syncfusion_flutter_core/src/theme/chat_theme.dart,,S,reverse-evidence/package-paths.txt,imported,package path from AOT; source=reverse-evidence/package-paths.txt
PKG-1949,syncfusion_flutter_core,color_scheme.dart,package:syncfusion_flutter_core/src/theme/color_scheme.dart,,S,reverse-evidence/package-paths.txt,imported,package path from AOT; source=reverse-evidence/package-paths.txt
PKG-1950,syncfusion_flutter_core,datagrid_theme.dart,package:syncfusion_flutter_core/src/theme/datagrid_theme.dart,,S,reverse-evidence/package-paths.txt,imported,package path from AOT; source=reverse-evidence/package-paths.txt
PKG-1951,syncfusion_flutter_core,datapager_theme.dart,package:syncfusion_flutter_core/src/theme/datapager_theme.dart,,S,reverse-evidence/package-paths.txt,imported,package path from AOT; source=reverse-evidence/package-paths.txt
PKG-1952,syncfusion_flutter_core,daterangepicker_theme.dart,package:syncfusion_flutter_core/src/theme/daterangepicker_theme.dart,,S,reverse-evidence/package-paths.txt,imported,package path from AOT; source=reverse-evidence/package-paths.txt
PKG-1953,syncfusion_flutter_core,gauges_theme.dart,package:syncfusion_flutter_core/src/theme/gauges_theme.dart,,S,reverse-evidence/package-paths.txt,imported,package path from AOT; source=reverse-evidence/package-paths.txt
PKG-1954,syncfusion_flutter_core,maps_theme.dart,package:syncfusion_flutter_core/src/theme/maps_theme.dart,,S,reverse-evidence/package-paths.txt,imported,package path from AOT; source=reverse-evidence/package-paths.txt
PKG-1955,syncfusion_flutter_core,pdfviewer_theme.dart,package:syncfusion_flutter_core/src/theme/pdfviewer_theme.dart,,S,reverse-evidence/package-paths.txt,imported,package path from AOT; source=reverse-evidence/package-paths.txt
PKG-1956,syncfusion_flutter_core,range_selector_theme.dart,package:syncfusion_flutter_core/src/theme/range_selector_theme.dart,,S,reverse-evidence/package-paths.txt,imported,package path from AOT; source=reverse-evidence/package-paths.txt
PKG-1957,syncfusion_flutter_core,range_slider_theme.dart,package:syncfusion_flutter_core/src/theme/range_slider_theme.dart,,S,reverse-evidence/package-paths.txt,imported,package path from AOT; source=reverse-evidence/package-paths.txt
PKG-1958,syncfusion_flutter_core,slider_theme.dart,package:syncfusion_flutter_core/src/theme/slider_theme.dart,,S,reverse-evidence/package-paths.txt,imported,package path from AOT; source=reverse-evidence/package-paths.txt
PKG-1959,syncfusion_flutter_core,spark_charts_theme.dart,package:syncfusion_flutter_core/src/theme/spark_charts_theme.dart,,S,reverse-evidence/package-paths.txt,imported,package path from AOT; source=reverse-evidence/package-paths.txt
PKG-1960,syncfusion_flutter_core,theme_widget.dart,package:syncfusion_flutter_core/src/theme/theme_widget.dart,,S,reverse-evidence/package-paths.txt,imported,package path from AOT; source=reverse-evidence/package-paths.txt
PKG-1961,syncfusion_flutter_core,treemap_theme.dart,package:syncfusion_flutter_core/src/theme/treemap_theme.dart,,S,reverse-evidence/package-paths.txt,imported,package path from AOT; source=reverse-evidence/package-paths.txt
PKG-1962,syncfusion_flutter_datepicker,theme.dart,package:syncfusion_flutter_datepicker/src/date_picker/theme.dart,,S,reverse-evidence/package-paths.txt,imported,package path from AOT; source=reverse-evidence/package-paths.txt
PKG-1963,synchronized,basic_lock.dart,package:synchronized/src/basic_lock.dart,,S,reverse-evidence/package-paths.txt,imported,package path from AOT; source=reverse-evidence/package-paths.txt
PKG-1964,synchronized,reentrant_lock.dart,package:synchronized/src/reentrant_lock.dart,,S,reverse-evidence/package-paths.txt,imported,package path from AOT; source=reverse-evidence/package-paths.txt
PKG-1965,synchronized,synchronized.dart,package:synchronized/synchronized.dart,,S,reverse-evidence/package-paths.txt,imported,package path from AOT; source=reverse-evidence/package-paths.txt
PKG-1966,table_calendar,calendar_builders.dart,package:table_calendar/src/customization/calendar_builders.dart,,S,reverse-evidence/package-paths.txt,imported,package path from AOT; source=reverse-evidence/package-paths.txt
PKG-1967,table_calendar,calendar_style.dart,package:table_calendar/src/customization/calendar_style.dart,,S,reverse-evidence/package-paths.txt,imported,package path from AOT; source=reverse-evidence/package-paths.txt
PKG-1968,table_calendar,days_of_week_style.dart,package:table_calendar/src/customization/days_of_week_style.dart,,S,reverse-evidence/package-paths.txt,imported,package path from AOT; source=reverse-evidence/package-paths.txt
PKG-1969,table_calendar,header_style.dart,package:table_calendar/src/customization/header_style.dart,,S,reverse-evidence/package-paths.txt,imported,package path from AOT; source=reverse-evidence/package-paths.txt
PKG-1970,table_calendar,utils.dart,package:table_calendar/src/shared/utils.dart,,S,reverse-evidence/package-paths.txt,imported,package path from AOT; source=reverse-evidence/package-paths.txt
PKG-1971,table_calendar,table_calendar.dart,package:table_calendar/src/table_calendar.dart,,S,reverse-evidence/package-paths.txt,imported,package path from AOT; source=reverse-evidence/package-paths.txt
PKG-1972,table_calendar,table_calendar_base.dart,package:table_calendar/src/table_calendar_base.dart,,S,reverse-evidence/package-paths.txt,imported,package path from AOT; source=reverse-evidence/package-paths.txt
PKG-1973,table_calendar,calendar_core.dart,package:table_calendar/src/widgets/calendar_core.dart,,S,reverse-evidence/package-paths.txt,imported,package path from AOT; source=reverse-evidence/package-paths.txt
PKG-1974,table_calendar,calendar_header.dart,package:table_calendar/src/widgets/calendar_header.dart,,S,reverse-evidence/package-paths.txt,imported,package path from AOT; source=reverse-evidence/package-paths.txt
PKG-1975,table_calendar,calendar_page.dart,package:table_calendar/src/widgets/calendar_page.dart,,S,reverse-evidence/package-paths.txt,imported,package path from AOT; source=reverse-evidence/package-paths.txt
PKG-1976,table_calendar,cell_content.dart,package:table_calendar/src/widgets/cell_content.dart,,S,reverse-evidence/package-paths.txt,imported,package path from AOT; source=reverse-evidence/package-paths.txt
PKG-1977,table_calendar,custom_icon_button.dart,package:table_calendar/src/widgets/custom_icon_button.dart,,S,reverse-evidence/package-paths.txt,imported,package path from AOT; source=reverse-evidence/package-paths.txt
PKG-1978,table_calendar,format_button.dart,package:table_calendar/src/widgets/format_button.dart,,S,reverse-evidence/package-paths.txt,imported,package path from AOT; source=reverse-evidence/package-paths.txt
PKG-1979,term_glyph,glyph_set.dart,package:term_glyph/src/generated/glyph_set.dart,,S,reverse-evidence/package-paths.txt,imported,package path from AOT; source=reverse-evidence/package-paths.txt
PKG-1980,term_glyph,top_level.dart,package:term_glyph/src/generated/top_level.dart,,S,reverse-evidence/package-paths.txt,imported,package path from AOT; source=reverse-evidence/package-paths.txt
PKG-1981,term_glyph,unicode_glyph_set.dart,package:term_glyph/src/generated/unicode_glyph_set.dart,,S,reverse-evidence/package-paths.txt,imported,package path from AOT; source=reverse-evidence/package-paths.txt
PKG-1982,term_glyph,term_glyph.dart,package:term_glyph/term_glyph.dart,,S,reverse-evidence/package-paths.txt,imported,package path from AOT; source=reverse-evidence/package-paths.txt
PKG-1983,timeago,en_messages.dart,package:timeago/src/messages/en_messages.dart,,S,reverse-evidence/package-paths.txt,imported,package path from AOT; source=reverse-evidence/package-paths.txt
PKG-1984,timeago,es_messages.dart,package:timeago/src/messages/es_messages.dart,,S,reverse-evidence/package-paths.txt,imported,package path from AOT; source=reverse-evidence/package-paths.txt
PKG-1985,timeago,lookupmessages.dart,package:timeago/src/messages/lookupmessages.dart,,S,reverse-evidence/package-paths.txt,imported,package path from AOT; source=reverse-evidence/package-paths.txt
PKG-1986,timeago,zh_cn_messages.dart,package:timeago/src/messages/zh_cn_messages.dart,,S,reverse-evidence/package-paths.txt,imported,package path from AOT; source=reverse-evidence/package-paths.txt
PKG-1987,timeago,timeago.dart,package:timeago/src/timeago.dart,,S,reverse-evidence/package-paths.txt,imported,package path from AOT; source=reverse-evidence/package-paths.txt
PKG-1988,timezone,latest.dart,package:timezone/data/latest.dart,,S,reverse-evidence/package-paths.txt,imported,package path from AOT; source=reverse-evidence/package-paths.txt
PKG-1989,timezone,date_time.dart,package:timezone/src/date_time.dart,,S,reverse-evidence/package-paths.txt,imported,package path from AOT; source=reverse-evidence/package-paths.txt
PKG-1990,timezone,env.dart,package:timezone/src/env.dart,,S,reverse-evidence/package-paths.txt,imported,package path from AOT; source=reverse-evidence/package-paths.txt
PKG-1991,timezone,exceptions.dart,package:timezone/src/exceptions.dart,,S,reverse-evidence/package-paths.txt,imported,package path from AOT; source=reverse-evidence/package-paths.txt
PKG-1992,timezone,location.dart,package:timezone/src/location.dart,,S,reverse-evidence/package-paths.txt,imported,package path from AOT; source=reverse-evidence/package-paths.txt
PKG-1993,timezone,location_database.dart,package:timezone/src/location_database.dart,,S,reverse-evidence/package-paths.txt,imported,package path from AOT; source=reverse-evidence/package-paths.txt
PKG-1994,timezone,tzdb.dart,package:timezone/src/tzdb.dart,,S,reverse-evidence/package-paths.txt,imported,package path from AOT; source=reverse-evidence/package-paths.txt
PKG-1995,url_launcher,type_conversion.dart,package:url_launcher/src/type_conversion.dart,,S,reverse-evidence/package-paths.txt,imported,package path from AOT; source=reverse-evidence/package-paths.txt
PKG-1996,url_launcher,types.dart,package:url_launcher/src/types.dart,,S,reverse-evidence/package-paths.txt,imported,package path from AOT; source=reverse-evidence/package-paths.txt
PKG-1997,url_launcher,url_launcher_uri.dart,package:url_launcher/src/url_launcher_uri.dart,,S,reverse-evidence/package-paths.txt,imported,package path from AOT; source=reverse-evidence/package-paths.txt
PKG-1998,url_launcher_ios,messages.g.dart,package:url_launcher_ios/src/messages.g.dart,,S,reverse-evidence/package-paths.txt,imported,package path from AOT; source=reverse-evidence/package-paths.txt
PKG-1999,url_launcher_ios,url_launcher_ios.dart,package:url_launcher_ios/url_launcher_ios.dart,,S,reverse-evidence/package-paths.txt,imported,package path from AOT; source=reverse-evidence/package-paths.txt
PKG-2000,url_launcher_platform_interface,method_channel_url_launcher.dart,package:url_launcher_platform_interface/method_channel_url_launcher.dart,,S,reverse-evidence/package-paths.txt,imported,package path from AOT; source=reverse-evidence/package-paths.txt
PKG-2001,url_launcher_platform_interface,types.dart,package:url_launcher_platform_interface/src/types.dart,,S,reverse-evidence/package-paths.txt,imported,package path from AOT; source=reverse-evidence/package-paths.txt
PKG-2002,url_launcher_platform_interface,url_launcher_platform.dart,package:url_launcher_platform_interface/src/url_launcher_platform.dart,,S,reverse-evidence/package-paths.txt,imported,package path from AOT; source=reverse-evidence/package-paths.txt
PKG-2003,uuid,data.dart,package:uuid/data.dart,,S,reverse-evidence/package-paths.txt,imported,package path from AOT; source=reverse-evidence/package-paths.txt
PKG-2004,uuid,parsing.dart,package:uuid/parsing.dart,,S,reverse-evidence/package-paths.txt,imported,package path from AOT; source=reverse-evidence/package-paths.txt
PKG-2005,uuid,rng.dart,package:uuid/rng.dart,,S,reverse-evidence/package-paths.txt,imported,package path from AOT; source=reverse-evidence/package-paths.txt
PKG-2006,uuid,uuid.dart,package:uuid/uuid.dart,,S,reverse-evidence/package-paths.txt,imported,package path from AOT; source=reverse-evidence/package-paths.txt
PKG-2007,uuid,v1.dart,package:uuid/v1.dart,,S,reverse-evidence/package-paths.txt,imported,package path from AOT; source=reverse-evidence/package-paths.txt
PKG-2008,uuid,v4.dart,package:uuid/v4.dart,,S,reverse-evidence/package-paths.txt,imported,package path from AOT; source=reverse-evidence/package-paths.txt
PKG-2009,vector_graphics,listener.dart,package:vector_graphics/src/listener.dart,,S,reverse-evidence/package-paths.txt,imported,package path from AOT; source=reverse-evidence/package-paths.txt
PKG-2010,vector_graphics,loader.dart,package:vector_graphics/src/loader.dart,,S,reverse-evidence/package-paths.txt,imported,package path from AOT; source=reverse-evidence/package-paths.txt
PKG-2011,vector_graphics,render_vector_graphic.dart,package:vector_graphics/src/render_vector_graphic.dart,,S,reverse-evidence/package-paths.txt,imported,package path from AOT; source=reverse-evidence/package-paths.txt
PKG-2012,vector_graphics,vector_graphics.dart,package:vector_graphics/src/vector_graphics.dart,,S,reverse-evidence/package-paths.txt,imported,package path from AOT; source=reverse-evidence/package-paths.txt
PKG-2013,vector_graphics_codec,fp16.dart,package:vector_graphics_codec/src/fp16.dart,,S,reverse-evidence/package-paths.txt,imported,package path from AOT; source=reverse-evidence/package-paths.txt
PKG-2014,vector_graphics_codec,vector_graphics_codec.dart,package:vector_graphics_codec/vector_graphics_codec.dart,,S,reverse-evidence/package-paths.txt,imported,package path from AOT; source=reverse-evidence/package-paths.txt
PKG-2015,vector_graphics_compiler,draw_command_builder.dart,package:vector_graphics_compiler/src/draw_command_builder.dart,,S,reverse-evidence/package-paths.txt,imported,package path from AOT; source=reverse-evidence/package-paths.txt
PKG-2016,vector_graphics_compiler,basic_types.dart,package:vector_graphics_compiler/src/geometry/basic_types.dart,,S,reverse-evidence/package-paths.txt,imported,package path from AOT; source=reverse-evidence/package-paths.txt
PKG-2017,vector_graphics_compiler,image.dart,package:vector_graphics_compiler/src/geometry/image.dart,,S,reverse-evidence/package-paths.txt,imported,package path from AOT; source=reverse-evidence/package-paths.txt
PKG-2018,vector_graphics_compiler,matrix.dart,package:vector_graphics_compiler/src/geometry/matrix.dart,,S,reverse-evidence/package-paths.txt,imported,package path from AOT; source=reverse-evidence/package-paths.txt
PKG-2019,vector_graphics_compiler,path.dart,package:vector_graphics_compiler/src/geometry/path.dart,,S,reverse-evidence/package-paths.txt,imported,package path from AOT; source=reverse-evidence/package-paths.txt
PKG-2020,vector_graphics_compiler,pattern.dart,package:vector_graphics_compiler/src/geometry/pattern.dart,,S,reverse-evidence/package-paths.txt,imported,package path from AOT; source=reverse-evidence/package-paths.txt
PKG-2021,vector_graphics_compiler,vertices.dart,package:vector_graphics_compiler/src/geometry/vertices.dart,,S,reverse-evidence/package-paths.txt,imported,package path from AOT; source=reverse-evidence/package-paths.txt
PKG-2022,vector_graphics_compiler,image_info.dart,package:vector_graphics_compiler/src/image/image_info.dart,,S,reverse-evidence/package-paths.txt,imported,package path from AOT; source=reverse-evidence/package-paths.txt
PKG-2023,vector_graphics_compiler,paint.dart,package:vector_graphics_compiler/src/paint.dart,,S,reverse-evidence/package-paths.txt,imported,package path from AOT; source=reverse-evidence/package-paths.txt
PKG-2024,vector_graphics_compiler,clipping_optimizer.dart,package:vector_graphics_compiler/src/svg/clipping_optimizer.dart,,S,reverse-evidence/package-paths.txt,imported,package path from AOT; source=reverse-evidence/package-paths.txt
PKG-2025,vector_graphics_compiler,colors.dart,package:vector_graphics_compiler/src/svg/colors.dart,,S,reverse-evidence/package-paths.txt,imported,package path from AOT; source=reverse-evidence/package-paths.txt
PKG-2026,vector_graphics_compiler,masking_optimizer.dart,package:vector_graphics_compiler/src/svg/masking_optimizer.dart,,S,reverse-evidence/package-paths.txt,imported,package path from AOT; source=reverse-evidence/package-paths.txt
PKG-2027,vector_graphics_compiler,node.dart,package:vector_graphics_compiler/src/svg/node.dart,,S,reverse-evidence/package-paths.txt,imported,package path from AOT; source=reverse-evidence/package-paths.txt
PKG-2028,vector_graphics_compiler,numbers.dart,package:vector_graphics_compiler/src/svg/numbers.dart,,S,reverse-evidence/package-paths.txt,imported,package path from AOT; source=reverse-evidence/package-paths.txt
PKG-2029,vector_graphics_compiler,parser.dart,package:vector_graphics_compiler/src/svg/parser.dart,,S,reverse-evidence/package-paths.txt,imported,package path from AOT; source=reverse-evidence/package-paths.txt
PKG-2030,vector_graphics_compiler,parsers.dart,package:vector_graphics_compiler/src/svg/parsers.dart,,S,reverse-evidence/package-paths.txt,imported,package path from AOT; source=reverse-evidence/package-paths.txt
PKG-2031,vector_graphics_compiler,resolver.dart,package:vector_graphics_compiler/src/svg/resolver.dart,,S,reverse-evidence/package-paths.txt,imported,package path from AOT; source=reverse-evidence/package-paths.txt
PKG-2032,vector_graphics_compiler,theme.dart,package:vector_graphics_compiler/src/svg/theme.dart,,S,reverse-evidence/package-paths.txt,imported,package path from AOT; source=reverse-evidence/package-paths.txt
PKG-2033,vector_graphics_compiler,visitor.dart,package:vector_graphics_compiler/src/svg/visitor.dart,,S,reverse-evidence/package-paths.txt,imported,package path from AOT; source=reverse-evidence/package-paths.txt
PKG-2034,vector_graphics_compiler,util.dart,package:vector_graphics_compiler/src/util.dart,,S,reverse-evidence/package-paths.txt,imported,package path from AOT; source=reverse-evidence/package-paths.txt
PKG-2035,vector_graphics_compiler,vector_instructions.dart,package:vector_graphics_compiler/src/vector_instructions.dart,,S,reverse-evidence/package-paths.txt,imported,package path from AOT; source=reverse-evidence/package-paths.txt
PKG-2036,vector_graphics_compiler,vector_graphics_compiler.dart,package:vector_graphics_compiler/vector_graphics_compiler.dart,,S,reverse-evidence/package-paths.txt,imported,package path from AOT; source=reverse-evidence/package-paths.txt
PKG-2037,vector_math,matrix4.dart,package:vector_math/src/vector_math/matrix4.dart,,S,reverse-evidence/package-paths.txt,imported,package path from AOT; source=reverse-evidence/package-paths.txt
PKG-2038,vector_math,vector.dart,package:vector_math/src/vector_math/vector.dart,,S,reverse-evidence/package-paths.txt,imported,package path from AOT; source=reverse-evidence/package-paths.txt
PKG-2039,vector_math,vector4.dart,package:vector_math/src/vector_math/vector4.dart,,S,reverse-evidence/package-paths.txt,imported,package path from AOT; source=reverse-evidence/package-paths.txt
PKG-2040,vector_math,matrix3.dart,package:vector_math/src/vector_math_64/matrix3.dart,,S,reverse-evidence/package-paths.txt,imported,package path from AOT; source=reverse-evidence/package-paths.txt
PKG-2041,vector_math,matrix4.dart,package:vector_math/src/vector_math_64/matrix4.dart,,S,reverse-evidence/package-paths.txt,imported,package path from AOT; source=reverse-evidence/package-paths.txt
PKG-2042,vector_math,quad.dart,package:vector_math/src/vector_math_64/quad.dart,,S,reverse-evidence/package-paths.txt,imported,package path from AOT; source=reverse-evidence/package-paths.txt
PKG-2043,vector_math,quaternion.dart,package:vector_math/src/vector_math_64/quaternion.dart,,S,reverse-evidence/package-paths.txt,imported,package path from AOT; source=reverse-evidence/package-paths.txt
PKG-2044,vector_math,vector.dart,package:vector_math/src/vector_math_64/vector.dart,,S,reverse-evidence/package-paths.txt,imported,package path from AOT; source=reverse-evidence/package-paths.txt
PKG-2045,vector_math,vector3.dart,package:vector_math/src/vector_math_64/vector3.dart,,S,reverse-evidence/package-paths.txt,imported,package path from AOT; source=reverse-evidence/package-paths.txt
PKG-2046,vector_math,vector4.dart,package:vector_math/src/vector_math_64/vector4.dart,,S,reverse-evidence/package-paths.txt,imported,package path from AOT; source=reverse-evidence/package-paths.txt
PKG-2047,vector_math,vector_math.dart,package:vector_math/vector_math.dart,,S,reverse-evidence/package-paths.txt,imported,package path from AOT; source=reverse-evidence/package-paths.txt
PKG-2048,vector_math,vector_math_64.dart,package:vector_math/vector_math_64.dart,,S,reverse-evidence/package-paths.txt,imported,package path from AOT; source=reverse-evidence/package-paths.txt
PKG-2049,video_compress,media_info.dart,package:video_compress/src/media/media_info.dart,,S,reverse-evidence/package-paths.txt,imported,package path from AOT; source=reverse-evidence/package-paths.txt
PKG-2050,video_compress,compress_mixin.dart,package:video_compress/src/progress_callback/compress_mixin.dart,,S,reverse-evidence/package-paths.txt,imported,package path from AOT; source=reverse-evidence/package-paths.txt
PKG-2051,video_compress,subscription.dart,package:video_compress/src/progress_callback/subscription.dart,,S,reverse-evidence/package-paths.txt,imported,package path from AOT; source=reverse-evidence/package-paths.txt
PKG-2052,video_compress,video_compressor.dart,package:video_compress/src/video_compress/video_compressor.dart,,S,reverse-evidence/package-paths.txt,imported,package path from AOT; source=reverse-evidence/package-paths.txt
PKG-2053,video_player,closed_caption_file.dart,package:video_player/src/closed_caption_file.dart,,S,reverse-evidence/package-paths.txt,imported,package path from AOT; source=reverse-evidence/package-paths.txt
PKG-2054,video_player,video_player.dart,package:video_player/video_player.dart,,S,reverse-evidence/package-paths.txt,imported,package path from AOT; source=reverse-evidence/package-paths.txt
PKG-2055,video_player_avfoundation,avfoundation_video_player.dart,package:video_player_avfoundation/src/avfoundation_video_player.dart,,S,reverse-evidence/package-paths.txt,imported,package path from AOT; source=reverse-evidence/package-paths.txt
PKG-2056,video_player_avfoundation,video_player_instance_messages.g.dart,package:video_player_avfoundation/src/video_player_instance_messages.g.dart,,S,reverse-evidence/package-paths.txt,imported,package path from AOT; source=reverse-evidence/package-paths.txt
PKG-2057,video_player_avfoundation,video_player_plugin_messages.g.dart,package:video_player_avfoundation/src/video_player_plugin_messages.g.dart,,S,reverse-evidence/package-paths.txt,imported,package path from AOT; source=reverse-evidence/package-paths.txt
PKG-2058,video_player_platform_interface,video_player_platform_interface.dart,package:video_player_platform_interface/video_player_platform_interface.dart,,S,reverse-evidence/package-paths.txt,imported,package path from AOT; source=reverse-evidence/package-paths.txt
PKG-2059,video_thumbnail,video_thumbnail.dart,package:video_thumbnail/video_thumbnail.dart,,S,reverse-evidence/package-paths.txt,imported,package path from AOT; source=reverse-evidence/package-paths.txt
PKG-2060,webview_flutter,navigation_delegate.dart,package:webview_flutter/src/navigation_delegate.dart,,S,reverse-evidence/package-paths.txt,imported,package path from AOT; source=reverse-evidence/package-paths.txt
PKG-2061,webview_flutter,webview_controller.dart,package:webview_flutter/src/webview_controller.dart,,S,reverse-evidence/package-paths.txt,imported,package path from AOT; source=reverse-evidence/package-paths.txt
PKG-2062,webview_flutter,webview_widget.dart,package:webview_flutter/src/webview_widget.dart,,S,reverse-evidence/package-paths.txt,imported,package path from AOT; source=reverse-evidence/package-paths.txt
PKG-2063,webview_flutter_platform_interface,platform_navigation_delegate.dart,package:webview_flutter_platform_interface/src/platform_navigation_delegate.dart,,S,reverse-evidence/package-paths.txt,imported,package path from AOT; source=reverse-evidence/package-paths.txt
PKG-2064,webview_flutter_platform_interface,platform_webview_controller.dart,package:webview_flutter_platform_interface/src/platform_webview_controller.dart,,S,reverse-evidence/package-paths.txt,imported,package path from AOT; source=reverse-evidence/package-paths.txt
PKG-2065,webview_flutter_platform_interface,platform_webview_widget.dart,package:webview_flutter_platform_interface/src/platform_webview_widget.dart,,S,reverse-evidence/package-paths.txt,imported,package path from AOT; source=reverse-evidence/package-paths.txt
PKG-2066,webview_flutter_platform_interface,javascript_message.dart,package:webview_flutter_platform_interface/src/types/javascript_message.dart,,S,reverse-evidence/package-paths.txt,imported,package path from AOT; source=reverse-evidence/package-paths.txt
PKG-2067,webview_flutter_platform_interface,javascript_mode.dart,package:webview_flutter_platform_interface/src/types/javascript_mode.dart,,S,reverse-evidence/package-paths.txt,imported,package path from AOT; source=reverse-evidence/package-paths.txt
PKG-2068,webview_flutter_platform_interface,load_request_params.dart,package:webview_flutter_platform_interface/src/types/load_request_params.dart,,S,reverse-evidence/package-paths.txt,imported,package path from AOT; source=reverse-evidence/package-paths.txt
PKG-2069,webview_flutter_platform_interface,navigation_decision.dart,package:webview_flutter_platform_interface/src/types/navigation_decision.dart,,S,reverse-evidence/package-paths.txt,imported,package path from AOT; source=reverse-evidence/package-paths.txt
PKG-2070,webview_flutter_platform_interface,navigation_request.dart,package:webview_flutter_platform_interface/src/types/navigation_request.dart,,S,reverse-evidence/package-paths.txt,imported,package path from AOT; source=reverse-evidence/package-paths.txt
PKG-2071,webview_flutter_platform_interface,platform_webview_controller_creation_params.dart,package:webview_flutter_platform_interface/src/types/platform_webview_controller_creation_params.dart,,S,reverse-evidence/package-paths.txt,imported,package path from AOT; source=reverse-evidence/package-paths.txt
PKG-2072,webview_flutter_platform_interface,platform_webview_widget_creation_params.dart,package:webview_flutter_platform_interface/src/types/platform_webview_widget_creation_params.dart,,S,reverse-evidence/package-paths.txt,imported,package path from AOT; source=reverse-evidence/package-paths.txt
PKG-2073,webview_flutter_platform_interface,web_resource_error.dart,package:webview_flutter_platform_interface/src/types/web_resource_error.dart,,S,reverse-evidence/package-paths.txt,imported,package path from AOT; source=reverse-evidence/package-paths.txt
PKG-2074,webview_flutter_platform_interface,webview_platform.dart,package:webview_flutter_platform_interface/src/webview_platform.dart,,S,reverse-evidence/package-paths.txt,imported,package path from AOT; source=reverse-evidence/package-paths.txt
PKG-2075,webview_flutter_wkwebview,platform_webview.dart,package:webview_flutter_wkwebview/src/common/platform_webview.dart,,S,reverse-evidence/package-paths.txt,imported,package path from AOT; source=reverse-evidence/package-paths.txt
PKG-2076,webview_flutter_wkwebview,weak_reference_utils.dart,package:webview_flutter_wkwebview/src/common/weak_reference_utils.dart,,S,reverse-evidence/package-paths.txt,imported,package path from AOT; source=reverse-evidence/package-paths.txt
PKG-2077,webview_flutter_wkwebview,web_kit.g.dart,package:webview_flutter_wkwebview/src/common/web_kit.g.dart,,S,reverse-evidence/package-paths.txt,imported,package path from AOT; source=reverse-evidence/package-paths.txt
PKG-2078,webview_flutter_wkwebview,webkit_webview_controller.dart,package:webview_flutter_wkwebview/src/webkit_webview_controller.dart,,S,reverse-evidence/package-paths.txt,imported,package path from AOT; source=reverse-evidence/package-paths.txt
PKG-2079,webview_flutter_wkwebview,webkit_webview_platform.dart,package:webview_flutter_wkwebview/src/webkit_webview_platform.dart,,S,reverse-evidence/package-paths.txt,imported,package path from AOT; source=reverse-evidence/package-paths.txt
PKG-2080,xml,external_id.dart,package:xml/src/xml/dtd/external_id.dart,,S,reverse-evidence/package-paths.txt,imported,package path from AOT; source=reverse-evidence/package-paths.txt
PKG-2081,xml,default_mapping.dart,package:xml/src/xml/entities/default_mapping.dart,,S,reverse-evidence/package-paths.txt,imported,package path from AOT; source=reverse-evidence/package-paths.txt
PKG-2082,xml,entity_mapping.dart,package:xml/src/xml/entities/entity_mapping.dart,,S,reverse-evidence/package-paths.txt,imported,package path from AOT; source=reverse-evidence/package-paths.txt
PKG-2083,xml,attribute_type.dart,package:xml/src/xml/enums/attribute_type.dart,,S,reverse-evidence/package-paths.txt,imported,package path from AOT; source=reverse-evidence/package-paths.txt
PKG-2084,xml,node_type.dart,package:xml/src/xml/enums/node_type.dart,,S,reverse-evidence/package-paths.txt,imported,package path from AOT; source=reverse-evidence/package-paths.txt
PKG-2085,xml,exception.dart,package:xml/src/xml/exceptions/exception.dart,,S,reverse-evidence/package-paths.txt,imported,package path from AOT; source=reverse-evidence/package-paths.txt
PKG-2086,xml,format_exception.dart,package:xml/src/xml/exceptions/format_exception.dart,,S,reverse-evidence/package-paths.txt,imported,package path from AOT; source=reverse-evidence/package-paths.txt
PKG-2087,xml,parser_exception.dart,package:xml/src/xml/exceptions/parser_exception.dart,,S,reverse-evidence/package-paths.txt,imported,package path from AOT; source=reverse-evidence/package-paths.txt
PKG-2088,xml,cache.dart,package:xml/src/xml/utils/cache.dart,,S,reverse-evidence/package-paths.txt,imported,package path from AOT; source=reverse-evidence/package-paths.txt
PKG-2089,xml,character_data_parser.dart,package:xml/src/xml/utils/character_data_parser.dart,,S,reverse-evidence/package-paths.txt,imported,package path from AOT; source=reverse-evidence/package-paths.txt
PKG-2090,xml,annotator.dart,package:xml/src/xml_events/annotations/annotator.dart,,S,reverse-evidence/package-paths.txt,imported,package path from AOT; source=reverse-evidence/package-paths.txt
PKG-2091,xml,has_buffer.dart,package:xml/src/xml_events/annotations/has_buffer.dart,,S,reverse-evidence/package-paths.txt,imported,package path from AOT; source=reverse-evidence/package-paths.txt
PKG-2092,xml,has_location.dart,package:xml/src/xml_events/annotations/has_location.dart,,S,reverse-evidence/package-paths.txt,imported,package path from AOT; source=reverse-evidence/package-paths.txt
PKG-2093,xml,has_parent.dart,package:xml/src/xml_events/annotations/has_parent.dart,,S,reverse-evidence/package-paths.txt,imported,package path from AOT; source=reverse-evidence/package-paths.txt
PKG-2094,xml,event_encoder.dart,package:xml/src/xml_events/converters/event_encoder.dart,,S,reverse-evidence/package-paths.txt,imported,package path from AOT; source=reverse-evidence/package-paths.txt
PKG-2095,xml,event.dart,package:xml/src/xml_events/event.dart,,S,reverse-evidence/package-paths.txt,imported,package path from AOT; source=reverse-evidence/package-paths.txt
PKG-2096,xml,cdata.dart,package:xml/src/xml_events/events/cdata.dart,,S,reverse-evidence/package-paths.txt,imported,package path from AOT; source=reverse-evidence/package-paths.txt
PKG-2097,xml,comment.dart,package:xml/src/xml_events/events/comment.dart,,S,reverse-evidence/package-paths.txt,imported,package path from AOT; source=reverse-evidence/package-paths.txt
PKG-2098,xml,declaration.dart,package:xml/src/xml_events/events/declaration.dart,,S,reverse-evidence/package-paths.txt,imported,package path from AOT; source=reverse-evidence/package-paths.txt
PKG-2099,xml,doctype.dart,package:xml/src/xml_events/events/doctype.dart,,S,reverse-evidence/package-paths.txt,imported,package path from AOT; source=reverse-evidence/package-paths.txt
PKG-2100,xml,end_element.dart,package:xml/src/xml_events/events/end_element.dart,,S,reverse-evidence/package-paths.txt,imported,package path from AOT; source=reverse-evidence/package-paths.txt
PKG-2101,xml,processing.dart,package:xml/src/xml_events/events/processing.dart,,S,reverse-evidence/package-paths.txt,imported,package path from AOT; source=reverse-evidence/package-paths.txt
PKG-2102,xml,start_element.dart,package:xml/src/xml_events/events/start_element.dart,,S,reverse-evidence/package-paths.txt,imported,package path from AOT; source=reverse-evidence/package-paths.txt
PKG-2103,xml,text.dart,package:xml/src/xml_events/events/text.dart,,S,reverse-evidence/package-paths.txt,imported,package path from AOT; source=reverse-evidence/package-paths.txt
PKG-2104,xml,iterable.dart,package:xml/src/xml_events/iterable.dart,,S,reverse-evidence/package-paths.txt,imported,package path from AOT; source=reverse-evidence/package-paths.txt
PKG-2105,xml,iterator.dart,package:xml/src/xml_events/iterator.dart,,S,reverse-evidence/package-paths.txt,imported,package path from AOT; source=reverse-evidence/package-paths.txt
PKG-2106,xml,parser.dart,package:xml/src/xml_events/parser.dart,,S,reverse-evidence/package-paths.txt,imported,package path from AOT; source=reverse-evidence/package-paths.txt
PKG-2107,xml,conversion_sink.dart,package:xml/src/xml_events/utils/conversion_sink.dart,,S,reverse-evidence/package-paths.txt,imported,package path from AOT; source=reverse-evidence/package-paths.txt
PKG-2108,xml,event_attribute.dart,package:xml/src/xml_events/utils/event_attribute.dart,,S,reverse-evidence/package-paths.txt,imported,package path from AOT; source=reverse-evidence/package-paths.txt
PKG-2109,xml,named.dart,package:xml/src/xml_events/utils/named.dart,,S,reverse-evidence/package-paths.txt,imported,package path from AOT; source=reverse-evidence/package-paths.txt
PKG-2110,xml,visitor.dart,package:xml/src/xml_events/visitor.dart,,S,reverse-evidence/package-paths.txt,imported,package path from AOT; source=reverse-evidence/package-paths.txt
PKG-2111,xml,xml_events.dart,package:xml/xml_events.dart,,S,reverse-evidence/package-paths.txt,imported,package path from AOT; source=reverse-evidence/package-paths.txt
