id,module,name,path,route,evidence_level,evidence_ref,status,notes
API-N-0001,admin/account,path-heuristic-low,app-only,/api/admin/account,I,merged app+web baselines,normalized|app-only|P0|method=inferred,"sources=app-only; evidence_combo=S+I; raw_ids=API-APP-0001; method=get; method_source=path-heuristic-low; auth=bearer-or-token-header; entities=-; services=accounting_api_service,agent_api_service,ai_api_service,analytics_api_service,api_service,app_tool_badge_api_service,article_api_service,auth_api_service"
API-N-0002,admin/account,path-heuristic-medium,app-only,/api/admin/account/recover,I,merged app+web baselines,normalized|app-only|P0|method=inferred,"sources=app-only; evidence_combo=S+I; raw_ids=API-APP-0002; method=put; method_source=path-heuristic-medium; auth=bearer-or-token-header; entities=-; services=accounting_api_service,agent_api_service,ai_api_service,analytics_api_service,api_service,app_tool_badge_api_service,article_api_service,auth_api_service"
API-N-0003,admin/accounting,path-heuristic-medium,app-only,/api/admin/accounting/categories/,I,merged app+web baselines,normalized|app-only|P0|method=inferred,"sources=app-only; evidence_combo=S+I; raw_ids=API-APP-0003; method=get; method_source=path-heuristic-medium; auth=bearer-or-token-header; entities=cat; services=accounting_api_service,agent_api_service,ai_api_service,analytics_api_service,api_service,app_tool_badge_api_service,article_api_service,auth_api_service"
API-N-0004,admin/accounting,app-only,app-only,/api/admin/accounting/categoriesr,S,merged app+web baselines,normalized|app-only|P0|method=unknown,"sources=app-only; evidence_combo=S; raw_ids=API-APP-0004; method=∅; method_source=∅; auth=bearer-or-token-header; entities=cat; services=accounting_api_service,agent_api_service,ai_api_service,analytics_api_service,api_service,app_tool_badge_api_service,article_api_service,auth_api_service"
API-N-0005,admin/accounting,app-only,app-only,/api/admin/accounting/daily-report,S,merged app+web baselines,normalized|app-only|P0|method=unknown,"sources=app-only; evidence_combo=S; raw_ids=API-APP-0005; method=∅; method_source=∅; auth=bearer-or-token-header; entities=daily_health_status; services=accounting_api_service,agent_api_service,ai_api_service,analytics_api_service,api_service,app_tool_badge_api_service,article_api_service,auth_api_service"
API-N-0006,admin/accounting,app-only,app-only,/api/admin/accounting/goods-sales-report,S,merged app+web baselines,normalized|app-only|P0|method=unknown,"sources=app-only; evidence_combo=S; raw_ids=API-APP-0006; method=∅; method_source=∅; auth=bearer-or-token-header; entities=-; services=accounting_api_service,agent_api_service,ai_api_service,analytics_api_service,api_service,app_tool_badge_api_service,article_api_service,auth_api_service"
API-N-0007,admin/accounting,app-only,app-only,/api/admin/accounting/monthly-report,S,merged app+web baselines,normalized|app-only|P0|method=unknown,"sources=app-only; evidence_combo=S; raw_ids=API-APP-0007; method=∅; method_source=∅; auth=bearer-or-token-header; entities=-; services=accounting_api_service,agent_api_service,ai_api_service,analytics_api_service,api_service,app_tool_badge_api_service,article_api_service,auth_api_service"
API-N-0008,admin/accounting,app-only,app-only,/api/admin/accounting/records,S,merged app+web baselines,normalized|app-only|P0|method=unknown,"sources=app-only; evidence_combo=S; raw_ids=API-APP-0008,API-APP-0009; method=∅; method_source=∅; auth=bearer-or-token-header; entities=health_records; services=accounting_api_service,agent_api_service,ai_api_service,analytics_api_service,api_service,app_tool_badge_api_service,article_api_service,auth_api_service"
API-N-0009,admin/accounting,app-only,app-only,/api/admin/accounting/statisticsr,S,merged app+web baselines,normalized|app-only|P0|method=unknown,"sources=app-only; evidence_combo=S; raw_ids=API-APP-0010; method=∅; method_source=∅; auth=bearer-or-token-header; entities=-; services=accounting_api_service,agent_api_service,ai_api_service,analytics_api_service,api_service,app_tool_badge_api_service,article_api_service,auth_api_service"
API-N-0010,admin/accounting,app-only,app-only,/api/admin/accounting/subcategories,S,merged app+web baselines,normalized|app-only|P0|method=unknown,"sources=app-only; evidence_combo=S; raw_ids=API-APP-0011; method=∅; method_source=∅; auth=bearer-or-token-header; entities=cat; services=accounting_api_service,agent_api_service,ai_api_service,analytics_api_service,api_service,app_tool_badge_api_service,article_api_service,auth_api_service"
API-N-0011,admin/ad,app-only,app-only,/api/admin/ad/video,S,merged app+web baselines,normalized|app-only|P2|method=unknown,"sources=app-only; evidence_combo=S; raw_ids=API-APP-0012; method=∅; method_source=∅; auth=bearer-or-token-header; entities=uploaded_image; services=accounting_api_service,agent_api_service,ai_api_service,analytics_api_service,api_service,app_tool_badge_api_service,article_api_service,auth_api_service"
API-N-0012,admin/ad,app-only,app-only,/api/admin/ad/video/set,S,merged app+web baselines,normalized|app-only|P2|method=unknown,"sources=app-only; evidence_combo=S; raw_ids=API-APP-0013; method=∅; method_source=∅; auth=bearer-or-token-header; entities=uploaded_image; services=accounting_api_service,agent_api_service,ai_api_service,analytics_api_service,api_service,app_tool_badge_api_service,article_api_service,auth_api_service"
API-N-0013,admin/analytics,path-heuristic-medium,app-only,/api/admin/analytics/breeding/ranking,I,merged app+web baselines,normalized|app-only|P2|method=inferred,"sources=app-only; evidence_combo=S+I; raw_ids=API-APP-0014; method=put; method_source=path-heuristic-medium; auth=bearer-or-token-header; entities=breeding_plan,breeding_plan_filter,breeding_plan_form,breeding_plan_reminder,breeding_transaction,paginated_breeding_plan_response; services=accounting_api_service,agent_api_service,ai_api_service,analytics_api_service,api_service,app_tool_badge_api_service,article_api_service,auth_api_service"
API-N-0014,admin/analytics,app-only,app-only,/api/admin/analytics/cat/rankingr,S,merged app+web baselines,normalized|app-only|P2|method=unknown,"sources=app-only; evidence_combo=S; raw_ids=API-APP-0015; method=∅; method_source=∅; auth=bearer-or-token-header; entities=cat,cat_sort_item,cat_tag,cat_variety,cat_weight,cat_with_weight; services=accounting_api_service,agent_api_service,ai_api_service,analytics_api_service,api_service,app_tool_badge_api_service,article_api_service,auth_api_service"
API-N-0015,admin/analytics,app-only,app-only,/api/admin/analytics/cat/stats,S,merged app+web baselines,normalized|app-only|P2|method=unknown,"sources=app-only; evidence_combo=S; raw_ids=API-APP-0016; method=∅; method_source=∅; auth=bearer-or-token-header; entities=cat,cat_sort_item,cat_tag,cat_variety,cat_weight,cat_with_weight; services=accounting_api_service,agent_api_service,ai_api_service,analytics_api_service,api_service,app_tool_badge_api_service,article_api_service,auth_api_service"
API-N-0016,admin/analytics,app-only,app-only,/api/admin/analytics/overview,S,merged app+web baselines,normalized|app-only|P2|method=unknown,"sources=app-only; evidence_combo=S; raw_ids=API-APP-0017; method=∅; method_source=∅; auth=bearer-or-token-header; entities=-; services=accounting_api_service,agent_api_service,ai_api_service,analytics_api_service,api_service,app_tool_badge_api_service,article_api_service,auth_api_service"
API-N-0017,admin/analytics,app-only,app-only,/api/admin/analytics/trend,S,merged app+web baselines,normalized|app-only|P2|method=unknown,"sources=app-only; evidence_combo=S; raw_ids=API-APP-0018; method=∅; method_source=∅; auth=bearer-or-token-header; entities=-; services=accounting_api_service,agent_api_service,ai_api_service,analytics_api_service,api_service,app_tool_badge_api_service,article_api_service,auth_api_service"
API-N-0018,admin/analytics,app-only,app-only,/api/admin/analytics/visitors,S,merged app+web baselines,normalized|app-only|P2|method=unknown,"sources=app-only; evidence_combo=S; raw_ids=API-APP-0019; method=∅; method_source=∅; auth=bearer-or-token-header; entities=-; services=accounting_api_service,agent_api_service,ai_api_service,analytics_api_service,api_service,app_tool_badge_api_service,article_api_service,auth_api_service"
API-N-0019,admin/app-tool-badges,app-only,app-only,/api/admin/app-tool-badges,S,merged app+web baselines,normalized|app-only|P2|method=unknown,"sources=app-only; evidence_combo=S; raw_ids=API-APP-0020; method=∅; method_source=∅; auth=bearer-or-token-header; entities=app_version,tool_item; services=accounting_api_service,agent_api_service,ai_api_service,analytics_api_service,api_service,app_tool_badge_api_service,article_api_service,auth_api_service"
API-N-0020,admin/app-version,app-only,app-only,/api/admin/app-version/check-update,S,merged app+web baselines,normalized|app-only|P2|method=unknown,"sources=app-only; evidence_combo=S; raw_ids=API-APP-0021; method=∅; method_source=∅; auth=bearer-or-token-header; entities=app_version,version_info; services=accounting_api_service,agent_api_service,ai_api_service,analytics_api_service,api_service,app_tool_badge_api_service,article_api_service,auth_api_service"
API-N-0021,admin/app,app-only,app-only,/api/admin/app/apple,S,merged app+web baselines,normalized|app-only|P2|method=unknown,"sources=app-only; evidence_combo=S; raw_ids=API-APP-0022; method=∅; method_source=∅; auth=bearer-or-token-header; entities=app_version; services=accounting_api_service,agent_api_service,ai_api_service,analytics_api_service,api_service,app_tool_badge_api_service,article_api_service,auth_api_service"
API-N-0022,admin/app,app-only,app-only,/api/admin/app/bind-phone,S,merged app+web baselines,normalized|app-only|P2|method=unknown,"sources=app-only; evidence_combo=S; raw_ids=API-APP-0023; method=∅; method_source=∅; auth=bearer-or-token-header; entities=app_version; services=accounting_api_service,agent_api_service,ai_api_service,analytics_api_service,api_service,app_tool_badge_api_service,article_api_service,auth_api_service"
API-N-0023,admin/app,path-heuristic-medium,app-only,/api/admin/app/login,I,merged app+web baselines,normalized|app-only|P0|method=inferred,"sources=app-only; evidence_combo=S+I; raw_ids=API-APP-0024; method=post; method_source=path-heuristic-medium; auth=likely-public-or-pre-session; entities=app_version; services=accounting_api_service,agent_api_service,ai_api_service,analytics_api_service,api_service,app_tool_badge_api_service,article_api_service,auth_api_service"
API-N-0024,admin/app,path-heuristic-medium,app-only,/api/admin/app/register,I,merged app+web baselines,normalized|app-only|P2|method=inferred,"sources=app-only; evidence_combo=S+I; raw_ids=API-APP-0025; method=post; method_source=path-heuristic-medium; auth=bearer-or-token-header; entities=app_version; services=accounting_api_service,agent_api_service,ai_api_service,analytics_api_service,api_service,app_tool_badge_api_service,article_api_service,auth_api_service"
API-N-0025,admin/articles,web-admin-named-request,shared,/api/admin/articles,S,merged app+web baselines,normalized|shared|P1|method=web,"sources=shared; evidence_combo=S+W; raw_ids=API-APP-0026,API-WEB-0001; method=get; method_source=web-admin-named-request; auth=bearer-or-token-header; entities=article; services=accounting_api_service,agent_api_service,ai_api_service,analytics_api_service,api_service,app_tool_badge_api_service,article_api_service,auth_api_service"
API-N-0026,admin/articles,web-admin-named-request,web-only,/api/admin/articles/add,W,merged app+web baselines,normalized|web-only|P1|method=web,"sources=web-only; evidence_combo=W; raw_ids=API-WEB-0002; method=post; method_source=web-admin-named-request; auth=bearer-or-token-header; entities=article; services=accounting_api_service,agent_api_service,ai_api_service,analytics_api_service,api_service,app_tool_badge_api_service,article_api_service,auth_api_service"
API-N-0027,admin/articles,web-admin-named-request,web-only,/api/admin/articles/delete/:id,W,merged app+web baselines,normalized|web-only|P1|method=web,"sources=web-only; evidence_combo=W; raw_ids=API-WEB-0003; method=delete; method_source=web-admin-named-request; auth=bearer-or-token-header; entities=article; services=accounting_api_service,agent_api_service,ai_api_service,analytics_api_service,api_service,app_tool_badge_api_service,article_api_service,auth_api_service"
API-N-0028,admin/articles,web-admin-named-request,web-only,/api/admin/articles/detail/:id,W,merged app+web baselines,normalized|web-only|P1|method=web,"sources=web-only; evidence_combo=W; raw_ids=API-WEB-0004; method=get; method_source=web-admin-named-request; auth=bearer-or-token-header; entities=article; services=accounting_api_service,agent_api_service,ai_api_service,analytics_api_service,api_service,app_tool_badge_api_service,article_api_service,auth_api_service"
API-N-0029,admin/articles,web-admin-named-request,web-only,/api/admin/articles/update/:id,W,merged app+web baselines,normalized|web-only|P1|method=web,"sources=web-only; evidence_combo=W; raw_ids=API-WEB-0005; method=put; method_source=web-admin-named-request; auth=bearer-or-token-header; entities=article; services=accounting_api_service,agent_api_service,ai_api_service,analytics_api_service,api_service,app_tool_badge_api_service,article_api_service,auth_api_service"
API-N-0030,admin/auto-backup,app-only,app-only,/api/admin/auto-backup/config,S,merged app+web baselines,normalized|app-only|P2|method=unknown,"sources=app-only; evidence_combo=S; raw_ids=API-APP-0027; method=∅; method_source=∅; auth=bearer-or-token-header; entities=auto_backup_config,backup_task,batch_config_response,intro_splash_config; services=accounting_api_service,agent_api_service,ai_api_service,analytics_api_service,api_service,app_tool_badge_api_service,article_api_service,auth_api_service"
API-N-0031,admin/auto-backup,app-only,app-only,/api/admin/auto-backup/send-verify-code,S,merged app+web baselines,normalized|app-only|P2|method=unknown,"sources=app-only; evidence_combo=S; raw_ids=API-APP-0028; method=∅; method_source=∅; auth=bearer-or-token-header; entities=auto_backup_config,backup_task; services=accounting_api_service,agent_api_service,ai_api_service,analytics_api_service,api_service,app_tool_badge_api_service,article_api_service,auth_api_service"
API-N-0032,admin/auto-backup,app-only,app-only,/api/admin/auto-backup/verify-email,S,merged app+web baselines,normalized|app-only|P2|method=unknown,"sources=app-only; evidence_combo=S; raw_ids=API-APP-0029; method=∅; method_source=∅; auth=bearer-or-token-header; entities=auto_backup_config,backup_task; services=accounting_api_service,agent_api_service,ai_api_service,analytics_api_service,api_service,app_tool_badge_api_service,article_api_service,auth_api_service"
API-N-0033,admin/boarding,app-only,app-only,/api/admin/boarding/,S,merged app+web baselines,normalized|app-only|P1|method=unknown,"sources=app-only; evidence_combo=S; raw_ids=API-APP-0030; method=∅; method_source=∅; auth=bearer-or-token-header; entities=-; services=accounting_api_service,agent_api_service,ai_api_service,analytics_api_service,api_service,app_tool_badge_api_service,article_api_service,auth_api_service"
API-N-0034,admin/boarding,path-heuristic-medium,app-only,/api/admin/boarding/add,I,merged app+web baselines,normalized|app-only|P1|method=inferred,"sources=app-only; evidence_combo=S+I; raw_ids=API-APP-0031; method=post; method_source=path-heuristic-medium; auth=bearer-or-token-header; entities=-; services=accounting_api_service,agent_api_service,ai_api_service,analytics_api_service,api_service,app_tool_badge_api_service,article_api_service,auth_api_service"
API-N-0035,admin/boarding,app-only,app-only,/api/admin/boarding/config,S,merged app+web baselines,normalized|app-only|P1|method=unknown,"sources=app-only; evidence_combo=S; raw_ids=API-APP-0032; method=∅; method_source=∅; auth=bearer-or-token-header; entities=auto_backup_config,batch_config_response,intro_splash_config; services=accounting_api_service,agent_api_service,ai_api_service,analytics_api_service,api_service,app_tool_badge_api_service,article_api_service,auth_api_service"
API-N-0036,admin/boarding,path-heuristic-medium,app-only,/api/admin/boarding/detail/,I,merged app+web baselines,normalized|app-only|P1|method=inferred,"sources=app-only; evidence_combo=S+I; raw_ids=API-APP-0033; method=get; method_source=path-heuristic-medium; auth=bearer-or-token-header; entities=-; services=accounting_api_service,agent_api_service,ai_api_service,analytics_api_service,api_service,app_tool_badge_api_service,article_api_service,auth_api_service"
API-N-0037,admin/boarding,path-heuristic-medium,app-only,/api/admin/boarding/list,I,merged app+web baselines,normalized|app-only|P1|method=inferred,"sources=app-only; evidence_combo=S+I; raw_ids=API-APP-0034; method=get; method_source=path-heuristic-medium; auth=bearer-or-token-header; entities=-; services=accounting_api_service,agent_api_service,ai_api_service,analytics_api_service,api_service,app_tool_badge_api_service,article_api_service,auth_api_service"
API-N-0038,admin/boarding,app-only,app-only,/api/admin/boarding/operate,S,merged app+web baselines,normalized|app-only|P1|method=unknown,"sources=app-only; evidence_combo=S; raw_ids=API-APP-0035; method=∅; method_source=∅; auth=bearer-or-token-header; entities=-; services=accounting_api_service,agent_api_service,ai_api_service,analytics_api_service,api_service,app_tool_badge_api_service,article_api_service,auth_api_service"
API-N-0039,admin/brand-tasks,app-only,app-only,/api/admin/brand-tasks/,S,merged app+web baselines,normalized|app-only|P2|method=unknown,"sources=app-only; evidence_combo=S; raw_ids=API-APP-0036; method=∅; method_source=∅; auth=bearer-or-token-header; entities=-; services=accounting_api_service,agent_api_service,ai_api_service,analytics_api_service,api_service,app_tool_badge_api_service,article_api_service,auth_api_service"
API-N-0040,admin/brand-tasks,app-only,app-only,/api/admin/brand-tasks/availabler,S,merged app+web baselines,normalized|app-only|P2|method=unknown,"sources=app-only; evidence_combo=S; raw_ids=API-APP-0037; method=∅; method_source=∅; auth=bearer-or-token-header; entities=-; services=accounting_api_service,agent_api_service,ai_api_service,analytics_api_service,api_service,app_tool_badge_api_service,article_api_service,auth_api_service"
API-N-0041,admin/brands,web-admin-named-request,web-only,/api/admin/brands,W,merged app+web baselines,normalized|web-only|P2|method=web,"sources=web-only; evidence_combo=W; raw_ids=API-WEB-0006; method=get; method_source=web-admin-named-request; auth=bearer-or-token-header; entities=-; services=accounting_api_service,agent_api_service,ai_api_service,analytics_api_service,api_service,app_tool_badge_api_service,article_api_service,auth_api_service"
API-N-0042,admin/brands,web-admin-named-request,web-only,/api/admin/brands/add,W,merged app+web baselines,normalized|web-only|P2|method=web,"sources=web-only; evidence_combo=W; raw_ids=API-WEB-0007; method=post; method_source=web-admin-named-request; auth=bearer-or-token-header; entities=-; services=accounting_api_service,agent_api_service,ai_api_service,analytics_api_service,api_service,app_tool_badge_api_service,article_api_service,auth_api_service"
API-N-0043,admin/brands,web-admin-named-request,web-only,/api/admin/brands/delete/:id,W,merged app+web baselines,normalized|web-only|P2|method=web,"sources=web-only; evidence_combo=W; raw_ids=API-WEB-0008; method=delete; method_source=web-admin-named-request; auth=bearer-or-token-header; entities=-; services=accounting_api_service,agent_api_service,ai_api_service,analytics_api_service,api_service,app_tool_badge_api_service,article_api_service,auth_api_service"
API-N-0044,admin/brands,web-admin-named-request,web-only,/api/admin/brands/detail/:id,W,merged app+web baselines,normalized|web-only|P2|method=web,"sources=web-only; evidence_combo=W; raw_ids=API-WEB-0009; method=get; method_source=web-admin-named-request; auth=bearer-or-token-header; entities=-; services=accounting_api_service,agent_api_service,ai_api_service,analytics_api_service,api_service,app_tool_badge_api_service,article_api_service,auth_api_service"
API-N-0045,admin/brands,web-admin-named-request,web-only,/api/admin/brands/update/:id,W,merged app+web baselines,normalized|web-only|P2|method=web,"sources=web-only; evidence_combo=W; raw_ids=API-WEB-0010; method=put; method_source=web-admin-named-request; auth=bearer-or-token-header; entities=-; services=accounting_api_service,agent_api_service,ai_api_service,analytics_api_service,api_service,app_tool_badge_api_service,article_api_service,auth_api_service"
API-N-0046,admin/brands,web-admin-named-request,web-only,/api/admin/brands/update/:id/show,W,merged app+web baselines,normalized|web-only|P2|method=web,"sources=web-only; evidence_combo=W; raw_ids=API-WEB-0011; method=put; method_source=web-admin-named-request; auth=bearer-or-token-header; entities=-; services=accounting_api_service,agent_api_service,ai_api_service,analytics_api_service,api_service,app_tool_badge_api_service,article_api_service,auth_api_service"
API-N-0047,admin/breeding,path-heuristic-medium,app-only,/api/admin/breeding/invite/,I,merged app+web baselines,normalized|app-only|P0|method=inferred,"sources=app-only; evidence_combo=S+I; raw_ids=API-APP-0038; method=put; method_source=path-heuristic-medium; auth=bearer-or-token-header; entities=breeding_plan,breeding_plan_filter,breeding_plan_form,breeding_plan_reminder,breeding_transaction,paginated_breeding_plan_response; services=accounting_api_service,agent_api_service,ai_api_service,analytics_api_service,api_service,app_tool_badge_api_service,article_api_service,auth_api_service"
API-N-0048,admin/breeding,web-admin-named-request,web-only,/api/admin/breeding/invite/:token/info,W,merged app+web baselines,normalized|web-only|P0|method=web,"sources=web-only; evidence_combo=W; raw_ids=API-WEB-0012; method=get; method_source=web-admin-named-request; auth=bearer-or-token-header; entities=audit_info,breeding_plan,breeding_plan_filter,breeding_plan_form,breeding_plan_reminder,breeding_transaction,cdn_traffic_info,door_info; services=accounting_api_service,agent_api_service,ai_api_service,analytics_api_service,api_service,app_tool_badge_api_service,article_api_service,auth_api_service"
API-N-0049,admin/breeding,web-admin-named-request,shared,/api/admin/breeding/invite/accept,S,merged app+web baselines,normalized|shared|P0|method=web,"sources=shared; evidence_combo=S+W; raw_ids=API-APP-0039,API-WEB-0013; method=post; method_source=web-admin-named-request; auth=bearer-or-token-header; entities=breeding_plan,breeding_plan_filter,breeding_plan_form,breeding_plan_reminder,breeding_transaction,paginated_breeding_plan_response; services=accounting_api_service,agent_api_service,ai_api_service,analytics_api_service,api_service,app_tool_badge_api_service,article_api_service,auth_api_service"
API-N-0050,admin/breeding,web-admin-named-request,shared,/api/admin/breeding/transaction/create,S,merged app+web baselines,normalized|shared|P0|method=web,"sources=shared; evidence_combo=S+W; raw_ids=API-APP-0040,API-WEB-0014; method=post; method_source=web-admin-named-request; auth=bearer-or-token-header; entities=breeding_plan,breeding_plan_filter,breeding_plan_form,breeding_plan_reminder,breeding_transaction,paginated_breeding_plan_response; services=accounting_api_service,agent_api_service,ai_api_service,analytics_api_service,api_service,app_tool_badge_api_service,article_api_service,auth_api_service"
API-N-0051,admin/breeding,web-admin-named-request,shared,/api/admin/breeding/transaction/list,S,merged app+web baselines,normalized|shared|P0|method=web,"sources=shared; evidence_combo=S+W; raw_ids=API-APP-0041,API-WEB-0015; method=get; method_source=web-admin-named-request; auth=bearer-or-token-header; entities=breeding_plan,breeding_plan_filter,breeding_plan_form,breeding_plan_reminder,breeding_transaction,paginated_breeding_plan_response; services=accounting_api_service,agent_api_service,ai_api_service,analytics_api_service,api_service,app_tool_badge_api_service,article_api_service,auth_api_service"
API-N-0052,admin/breeding,path-heuristic-medium,app-only,/api/admin/breeding/transaction/r,I,merged app+web baselines,normalized|app-only|P0|method=inferred,"sources=app-only; evidence_combo=S+I; raw_ids=API-APP-0042; method=put; method_source=path-heuristic-medium; auth=bearer-or-token-header; entities=app_version,article,banner,batch_config_response,before_after_recipe,breeding_plan,breeding_plan_filter,breeding_plan_form; services=accounting_api_service,agent_api_service,ai_api_service,analytics_api_service,api_service,app_tool_badge_api_service,article_api_service,auth_api_service"
API-N-0053,admin/calendar,app-only,app-only,/api/admin/calendar/events/,S,merged app+web baselines,normalized|app-only|P1|method=unknown,"sources=app-only; evidence_combo=S; raw_ids=API-APP-0043; method=∅; method_source=∅; auth=bearer-or-token-header; entities=-; services=accounting_api_service,agent_api_service,ai_api_service,analytics_api_service,api_service,app_tool_badge_api_service,article_api_service,auth_api_service"
API-N-0054,admin/calendar,app-only,app-only,/api/admin/calendar/month-data,S,merged app+web baselines,normalized|app-only|P1|method=unknown,"sources=app-only; evidence_combo=S; raw_ids=API-APP-0044; method=∅; method_source=∅; auth=bearer-or-token-header; entities=-; services=accounting_api_service,agent_api_service,ai_api_service,analytics_api_service,api_service,app_tool_badge_api_service,article_api_service,auth_api_service"
API-N-0055,admin/cat,app-only,app-only,/api/admin/cat/,S,merged app+web baselines,normalized|app-only|P2|method=unknown,"sources=app-only; evidence_combo=S; raw_ids=API-APP-0045; method=∅; method_source=∅; auth=bearer-or-token-header; entities=cat,cat_sort_item,cat_tag,cat_variety,cat_weight,cat_with_weight; services=accounting_api_service,agent_api_service,ai_api_service,analytics_api_service,api_service,app_tool_badge_api_service,article_api_service,auth_api_service"
API-N-0056,admin/cat,app-only,app-only,/api/admin/cat/0/breeding-check,S,merged app+web baselines,normalized|app-only|P2|method=unknown,"sources=app-only; evidence_combo=S; raw_ids=API-APP-0046; method=∅; method_source=∅; auth=bearer-or-token-header; entities=breeding_plan,breeding_plan_filter,breeding_plan_form,breeding_plan_reminder,breeding_transaction,cat,cat_sort_item,cat_tag; services=accounting_api_service,agent_api_service,ai_api_service,analytics_api_service,api_service,app_tool_badge_api_service,article_api_service,auth_api_service"
API-N-0057,admin/cat,web-admin-named-request,web-only,/api/admin/cat/:id/record,W,merged app+web baselines,normalized|web-only|P2|method=web,"sources=web-only; evidence_combo=W; raw_ids=API-WEB-0016,API-WEB-0018; method=delete; method_source=web-admin-named-request; auth=bearer-or-token-header; entities=cat,cat_sort_item,cat_tag,cat_variety,cat_weight,cat_with_weight,event_record,health_records; services=accounting_api_service,agent_api_service,ai_api_service,analytics_api_service,api_service,app_tool_badge_api_service,article_api_service,auth_api_service"
API-N-0058,admin/cat,web-admin-named-request,web-only,/api/admin/cat/:id/tags,W,merged app+web baselines,normalized|web-only|P2|method=web,"sources=web-only; evidence_combo=W; raw_ids=API-WEB-0017; method=put; method_source=web-admin-named-request; auth=bearer-or-token-header; entities=cat,cat_sort_item,cat_tag,cat_variety,cat_weight,cat_with_weight,tag; services=accounting_api_service,agent_api_service,ai_api_service,analytics_api_service,api_service,app_tool_badge_api_service,article_api_service,auth_api_service"
API-N-0059,admin/cat,path-heuristic-low,app-only,/api/admin/cat/bepro/planes,I,merged app+web baselines,normalized|app-only|P2|method=inferred,"sources=app-only; evidence_combo=S+I; raw_ids=API-APP-0047; method=get; method_source=path-heuristic-low; auth=bearer-or-token-header; entities=breeding_plan,breeding_plan_filter,breeding_plan_form,breeding_plan_reminder,cat,cat_sort_item,cat_tag,cat_variety; services=accounting_api_service,agent_api_service,ai_api_service,analytics_api_service,api_service,app_tool_badge_api_service,article_api_service,auth_api_service"
API-N-0060,admin/cat,app-only,app-only,/api/admin/cat/health,S,merged app+web baselines,normalized|app-only|P2|method=unknown,"sources=app-only; evidence_combo=S; raw_ids=API-APP-0048,API-APP-0049; method=∅; method_source=∅; auth=bearer-or-token-header; entities=cat,cat_sort_item,cat_tag,cat_variety,cat_weight,cat_with_weight,daily_health_status,health_records; services=accounting_api_service,agent_api_service,ai_api_service,analytics_api_service,api_service,app_tool_badge_api_service,article_api_service,auth_api_service"
API-N-0061,admin/cat,web-admin-named-request,shared,/api/admin/cat/levels,S,merged app+web baselines,normalized|shared|P2|method=web,"sources=shared; evidence_combo=S+W; raw_ids=API-APP-0050,API-WEB-0019; method=get; method_source=web-admin-named-request; auth=bearer-or-token-header; entities=cat,cat_sort_item,cat_tag,cat_variety,cat_weight,cat_with_weight; services=accounting_api_service,agent_api_service,ai_api_service,analytics_api_service,api_service,app_tool_badge_api_service,article_api_service,auth_api_service"
API-N-0062,admin/cat,web-admin-named-request,shared,/api/admin/cat/levels/add,S,merged app+web baselines,normalized|shared|P2|method=web,"sources=shared; evidence_combo=S+W; raw_ids=API-APP-0051,API-WEB-0020; method=post; method_source=web-admin-named-request; auth=bearer-or-token-header; entities=cat,cat_sort_item,cat_tag,cat_variety,cat_weight,cat_with_weight; services=accounting_api_service,agent_api_service,ai_api_service,analytics_api_service,api_service,app_tool_badge_api_service,article_api_service,auth_api_service"
API-N-0063,admin/cat,path-heuristic-medium,app-only,/api/admin/cat/levels/bind/,I,merged app+web baselines,normalized|app-only|P2|method=inferred,"sources=app-only; evidence_combo=S+I; raw_ids=API-APP-0052; method=put; method_source=path-heuristic-medium; auth=bearer-or-token-header; entities=cat,cat_sort_item,cat_tag,cat_variety,cat_weight,cat_with_weight; services=accounting_api_service,agent_api_service,ai_api_service,analytics_api_service,api_service,app_tool_badge_api_service,article_api_service,auth_api_service"
API-N-0064,admin/cat,web-admin-named-request,app-only,/api/admin/cat/levels/delete/,S,merged app+web baselines,normalized|app-only|P2|method=web,"sources=app-only; evidence_combo=S; raw_ids=API-APP-0053; method=delete; method_source=web-admin-named-request; auth=bearer-or-token-header; entities=cat,cat_sort_item,cat_tag,cat_variety,cat_weight,cat_with_weight; services=accounting_api_service,agent_api_service,ai_api_service,analytics_api_service,api_service,app_tool_badge_api_service,article_api_service,auth_api_service"
API-N-0065,admin/cat,web-admin-named-request,web-only,/api/admin/cat/levels/delete/:id,W,merged app+web baselines,normalized|web-only|P2|method=web,"sources=web-only; evidence_combo=W; raw_ids=API-WEB-0021; method=delete; method_source=web-admin-named-request; auth=bearer-or-token-header; entities=cat,cat_sort_item,cat_tag,cat_variety,cat_weight,cat_with_weight; services=accounting_api_service,agent_api_service,ai_api_service,analytics_api_service,api_service,app_tool_badge_api_service,article_api_service,auth_api_service"
API-N-0066,admin/cat,web-admin-named-request,web-only,/api/admin/cat/levels/detail/:id,W,merged app+web baselines,normalized|web-only|P2|method=web,"sources=web-only; evidence_combo=W; raw_ids=API-WEB-0022; method=get; method_source=web-admin-named-request; auth=bearer-or-token-header; entities=cat,cat_sort_item,cat_tag,cat_variety,cat_weight,cat_with_weight; services=accounting_api_service,agent_api_service,ai_api_service,analytics_api_service,api_service,app_tool_badge_api_service,article_api_service,auth_api_service"
API-N-0067,admin/cat,app-only,app-only,/api/admin/cat/levels/toggle-visibility/,S,merged app+web baselines,normalized|app-only|P2|method=unknown,"sources=app-only; evidence_combo=S; raw_ids=API-APP-0054; method=∅; method_source=∅; auth=bearer-or-token-header; entities=cat,cat_sort_item,cat_tag,cat_variety,cat_weight,cat_with_weight; services=accounting_api_service,agent_api_service,ai_api_service,analytics_api_service,api_service,app_tool_badge_api_service,article_api_service,auth_api_service"
API-N-0068,admin/cat,web-admin-named-request,app-only,/api/admin/cat/levels/update/,S,merged app+web baselines,normalized|app-only|P2|method=web,"sources=app-only; evidence_combo=S; raw_ids=API-APP-0055; method=put; method_source=web-admin-named-request; auth=bearer-or-token-header; entities=cat,cat_sort_item,cat_tag,cat_variety,cat_weight,cat_with_weight; services=accounting_api_service,agent_api_service,ai_api_service,analytics_api_service,api_service,app_tool_badge_api_service,article_api_service,auth_api_service"
API-N-0069,admin/cat,web-admin-named-request,web-only,/api/admin/cat/levels/update/:id,W,merged app+web baselines,normalized|web-only|P2|method=web,"sources=web-only; evidence_combo=W; raw_ids=API-WEB-0023; method=put; method_source=web-admin-named-request; auth=bearer-or-token-header; entities=cat,cat_sort_item,cat_tag,cat_variety,cat_weight,cat_with_weight; services=accounting_api_service,agent_api_service,ai_api_service,analytics_api_service,api_service,app_tool_badge_api_service,article_api_service,auth_api_service"
API-N-0070,admin/cat,app-only,app-only,/api/admin/cat/levels/withcats,S,merged app+web baselines,normalized|app-only|P2|method=unknown,"sources=app-only; evidence_combo=S; raw_ids=API-APP-0056; method=∅; method_source=∅; auth=bearer-or-token-header; entities=cat,cat_sort_item,cat_tag,cat_variety,cat_weight,cat_with_weight; services=accounting_api_service,agent_api_service,ai_api_service,analytics_api_service,api_service,app_tool_badge_api_service,article_api_service,auth_api_service"
API-N-0071,admin/cat,web-admin-named-request,shared,/api/admin/cat/planes | /api/admin/cat/planes/,S,merged app+web baselines,normalized|shared|P0|method=web,"sources=shared; evidence_combo=S+W; raw_ids=API-APP-0057,API-APP-0058,API-WEB-0024; method=get; method_source=web-admin-named-request; auth=bearer-or-token-header; entities=breeding_plan,breeding_plan_filter,breeding_plan_form,breeding_plan_reminder,cat,cat_sort_item,cat_tag,cat_variety; services=accounting_api_service,agent_api_service,ai_api_service,analytics_api_service,api_service,app_tool_badge_api_service,article_api_service,auth_api_service"
API-N-0072,admin/cat,web-admin-named-request,shared,/api/admin/cat/planes/add,S,merged app+web baselines,normalized|shared|P0|method=web,"sources=shared; evidence_combo=S+W; raw_ids=API-APP-0059,API-WEB-0025; method=post; method_source=web-admin-named-request; auth=bearer-or-token-header; entities=breeding_plan,breeding_plan_filter,breeding_plan_form,breeding_plan_reminder,cat,cat_sort_item,cat_tag,cat_variety; services=accounting_api_service,agent_api_service,ai_api_service,analytics_api_service,api_service,app_tool_badge_api_service,article_api_service,auth_api_service"
API-N-0073,admin/cat,web-admin-named-request,app-only,/api/admin/cat/planes/archive/,S,merged app+web baselines,normalized|app-only|P0|method=web,"sources=app-only; evidence_combo=S; raw_ids=API-APP-0060; method=put; method_source=web-admin-named-request; auth=bearer-or-token-header; entities=breeding_plan,breeding_plan_filter,breeding_plan_form,breeding_plan_reminder,cat,cat_sort_item,cat_tag,cat_variety; services=accounting_api_service,agent_api_service,ai_api_service,analytics_api_service,api_service,app_tool_badge_api_service,article_api_service,auth_api_service"
API-N-0074,admin/cat,web-admin-named-request,web-only,/api/admin/cat/planes/archive/:id,W,merged app+web baselines,normalized|web-only|P0|method=web,"sources=web-only; evidence_combo=W; raw_ids=API-WEB-0026; method=put; method_source=web-admin-named-request; auth=bearer-or-token-header; entities=breeding_plan,breeding_plan_filter,breeding_plan_form,breeding_plan_reminder,cat,cat_sort_item,cat_tag,cat_variety; services=accounting_api_service,agent_api_service,ai_api_service,analytics_api_service,api_service,app_tool_badge_api_service,article_api_service,auth_api_service"
API-N-0075,admin/cat,web-admin-named-request,app-only,/api/admin/cat/planes/breeding/,S,merged app+web baselines,normalized|app-only|P0|method=web,"sources=app-only; evidence_combo=S; raw_ids=API-APP-0061; method=put; method_source=web-admin-named-request; auth=bearer-or-token-header; entities=breeding_plan,breeding_plan_filter,breeding_plan_form,breeding_plan_reminder,breeding_transaction,cat,cat_sort_item,cat_tag; services=accounting_api_service,agent_api_service,ai_api_service,analytics_api_service,api_service,app_tool_badge_api_service,article_api_service,auth_api_service"
API-N-0076,admin/cat,web-admin-named-request,web-only,/api/admin/cat/planes/breeding/:id,W,merged app+web baselines,normalized|web-only|P0|method=web,"sources=web-only; evidence_combo=W; raw_ids=API-WEB-0027; method=put; method_source=web-admin-named-request; auth=bearer-or-token-header; entities=breeding_plan,breeding_plan_filter,breeding_plan_form,breeding_plan_reminder,breeding_transaction,cat,cat_sort_item,cat_tag; services=accounting_api_service,agent_api_service,ai_api_service,analytics_api_service,api_service,app_tool_badge_api_service,article_api_service,auth_api_service"
API-N-0077,admin/cat,web-admin-named-request,web-only,/api/admin/cat/planes/breeding/:id/date,W,merged app+web baselines,normalized|web-only|P0|method=web,"sources=web-only; evidence_combo=W; raw_ids=API-WEB-0028; method=put; method_source=web-admin-named-request; auth=bearer-or-token-header; entities=breeding_plan,breeding_plan_filter,breeding_plan_form,breeding_plan_reminder,breeding_transaction,cat,cat_sort_item,cat_tag; services=accounting_api_service,agent_api_service,ai_api_service,analytics_api_service,api_service,app_tool_badge_api_service,article_api_service,auth_api_service"
API-N-0078,admin/cat,web-admin-named-request,app-only,/api/admin/cat/planes/confirm/,S,merged app+web baselines,normalized|app-only|P0|method=web,"sources=app-only; evidence_combo=S; raw_ids=API-APP-0062; method=put; method_source=web-admin-named-request; auth=bearer-or-token-header; entities=breeding_plan,breeding_plan_filter,breeding_plan_form,breeding_plan_reminder,cat,cat_sort_item,cat_tag,cat_variety; services=accounting_api_service,agent_api_service,ai_api_service,analytics_api_service,api_service,app_tool_badge_api_service,article_api_service,auth_api_service"
API-N-0079,admin/cat,web-admin-named-request,web-only,/api/admin/cat/planes/confirm/:id,W,merged app+web baselines,normalized|web-only|P0|method=web,"sources=web-only; evidence_combo=W; raw_ids=API-WEB-0029; method=put; method_source=web-admin-named-request; auth=bearer-or-token-header; entities=breeding_plan,breeding_plan_filter,breeding_plan_form,breeding_plan_reminder,cat,cat_sort_item,cat_tag,cat_variety; services=accounting_api_service,agent_api_service,ai_api_service,analytics_api_service,api_service,app_tool_badge_api_service,article_api_service,auth_api_service"
API-N-0080,admin/cat,web-admin-named-request,app-only,/api/admin/cat/planes/delete/,S,merged app+web baselines,normalized|app-only|P0|method=web,"sources=app-only; evidence_combo=S; raw_ids=API-APP-0063; method=delete; method_source=web-admin-named-request; auth=bearer-or-token-header; entities=breeding_plan,breeding_plan_filter,breeding_plan_form,breeding_plan_reminder,cat,cat_sort_item,cat_tag,cat_variety; services=accounting_api_service,agent_api_service,ai_api_service,analytics_api_service,api_service,app_tool_badge_api_service,article_api_service,auth_api_service"
API-N-0081,admin/cat,web-admin-named-request,web-only,/api/admin/cat/planes/delete/:id,W,merged app+web baselines,normalized|web-only|P0|method=web,"sources=web-only; evidence_combo=W; raw_ids=API-WEB-0030; method=delete; method_source=web-admin-named-request; auth=bearer-or-token-header; entities=breeding_plan,breeding_plan_filter,breeding_plan_form,breeding_plan_reminder,cat,cat_sort_item,cat_tag,cat_variety; services=accounting_api_service,agent_api_service,ai_api_service,analytics_api_service,api_service,app_tool_badge_api_service,article_api_service,auth_api_service"
API-N-0082,admin/cat,web-admin-named-request,app-only,/api/admin/cat/planes/detail/,S,merged app+web baselines,normalized|app-only|P0|method=web,"sources=app-only; evidence_combo=S; raw_ids=API-APP-0064; method=get; method_source=web-admin-named-request; auth=bearer-or-token-header; entities=breeding_plan,breeding_plan_filter,breeding_plan_form,breeding_plan_reminder,cat,cat_sort_item,cat_tag,cat_variety; services=accounting_api_service,agent_api_service,ai_api_service,analytics_api_service,api_service,app_tool_badge_api_service,article_api_service,auth_api_service"
API-N-0083,admin/cat,web-admin-named-request,web-only,/api/admin/cat/planes/detail/:id,W,merged app+web baselines,normalized|web-only|P0|method=web,"sources=web-only; evidence_combo=W; raw_ids=API-WEB-0031; method=get; method_source=web-admin-named-request; auth=bearer-or-token-header; entities=breeding_plan,breeding_plan_filter,breeding_plan_form,breeding_plan_reminder,cat,cat_sort_item,cat_tag,cat_variety; services=accounting_api_service,agent_api_service,ai_api_service,analytics_api_service,api_service,app_tool_badge_api_service,article_api_service,auth_api_service"
API-N-0084,admin/cat,app-only,app-only,/api/admin/cat/planes/remind/,S,merged app+web baselines,normalized|app-only|P0|method=unknown,"sources=app-only; evidence_combo=S; raw_ids=API-APP-0065; method=∅; method_source=∅; auth=bearer-or-token-header; entities=breeding_plan,breeding_plan_filter,breeding_plan_form,breeding_plan_reminder,cat,cat_sort_item,cat_tag,cat_variety; services=accounting_api_service,agent_api_service,ai_api_service,analytics_api_service,api_service,app_tool_badge_api_service,article_api_service,auth_api_service"
API-N-0085,admin/cat,path-heuristic-medium,app-only,/api/admin/cat/planes/update/,I,merged app+web baselines,normalized|app-only|P0|method=inferred,"sources=app-only; evidence_combo=S+I; raw_ids=API-APP-0066; method=put; method_source=path-heuristic-medium; auth=bearer-or-token-header; entities=breeding_plan,breeding_plan_filter,breeding_plan_form,breeding_plan_reminder,cat,cat_sort_item,cat_tag,cat_variety; services=accounting_api_service,agent_api_service,ai_api_service,analytics_api_service,api_service,app_tool_badge_api_service,article_api_service,auth_api_service"
API-N-0086,admin/cat,web-admin-named-request,web-only,/api/admin/cat/planes/update/:id/show,W,merged app+web baselines,normalized|web-only|P0|method=web,"sources=web-only; evidence_combo=W; raw_ids=API-WEB-0032; method=put; method_source=web-admin-named-request; auth=bearer-or-token-header; entities=breeding_plan,breeding_plan_filter,breeding_plan_form,breeding_plan_reminder,cat,cat_sort_item,cat_tag,cat_variety; services=accounting_api_service,agent_api_service,ai_api_service,analytics_api_service,api_service,app_tool_badge_api_service,article_api_service,auth_api_service"
API-N-0087,admin/cat,web-admin-named-request,app-only,/api/admin/cat/planes/update/cats/,S,merged app+web baselines,normalized|app-only|P0|method=web,"sources=app-only; evidence_combo=S; raw_ids=API-APP-0067; method=put; method_source=web-admin-named-request; auth=bearer-or-token-header; entities=breeding_plan,breeding_plan_filter,breeding_plan_form,breeding_plan_reminder,cat,cat_sort_item,cat_tag,cat_variety; services=accounting_api_service,agent_api_service,ai_api_service,analytics_api_service,api_service,app_tool_badge_api_service,article_api_service,auth_api_service"
API-N-0088,admin/cat,web-admin-named-request,web-only,/api/admin/cat/planes/update/cats/:id,W,merged app+web baselines,normalized|web-only|P0|method=web,"sources=web-only; evidence_combo=W; raw_ids=API-WEB-0033; method=put; method_source=web-admin-named-request; auth=bearer-or-token-header; entities=breeding_plan,breeding_plan_filter,breeding_plan_form,breeding_plan_reminder,cat,cat_sort_item,cat_tag,cat_variety; services=accounting_api_service,agent_api_service,ai_api_service,analytics_api_service,api_service,app_tool_badge_api_service,article_api_service,auth_api_service"
API-N-0089,admin/cat,web-admin-named-request,app-only,/api/admin/cat/planes/weights/,S,merged app+web baselines,normalized|app-only|P0|method=web,"sources=app-only; evidence_combo=S; raw_ids=API-APP-0068; method=post; method_source=web-admin-named-request; auth=bearer-or-token-header; entities=breeding_plan,breeding_plan_filter,breeding_plan_form,breeding_plan_reminder,cat,cat_sort_item,cat_tag,cat_variety; services=accounting_api_service,agent_api_service,ai_api_service,analytics_api_service,api_service,app_tool_badge_api_service,article_api_service,auth_api_service"
API-N-0090,admin/cat,web-admin-named-request,web-only,/api/admin/cat/planes/weights/:id,W,merged app+web baselines,normalized|web-only|P0|method=web,"sources=web-only; evidence_combo=W; raw_ids=API-WEB-0034; method=post; method_source=web-admin-named-request; auth=bearer-or-token-header; entities=breeding_plan,breeding_plan_filter,breeding_plan_form,breeding_plan_reminder,cat,cat_sort_item,cat_tag,cat_variety; services=accounting_api_service,agent_api_service,ai_api_service,analytics_api_service,api_service,app_tool_badge_api_service,article_api_service,auth_api_service"
API-N-0091,admin/cat,web-admin-named-request,web-only,/api/admin/cat/planes/weights/:id/delete,W,merged app+web baselines,normalized|web-only|P0|method=web,"sources=web-only; evidence_combo=W; raw_ids=API-WEB-0035; method=delete; method_source=web-admin-named-request; auth=bearer-or-token-header; entities=breeding_plan,breeding_plan_filter,breeding_plan_form,breeding_plan_reminder,cat,cat_sort_item,cat_tag,cat_variety; services=accounting_api_service,agent_api_service,ai_api_service,analytics_api_service,api_service,app_tool_badge_api_service,article_api_service,auth_api_service"
API-N-0092,admin/cat,web-admin-named-request,web-only,/api/admin/cat/planes/weights/:id/update,W,merged app+web baselines,normalized|web-only|P0|method=web,"sources=web-only; evidence_combo=W; raw_ids=API-WEB-0036; method=put; method_source=web-admin-named-request; auth=bearer-or-token-header; entities=breeding_plan,breeding_plan_filter,breeding_plan_form,breeding_plan_reminder,cat,cat_sort_item,cat_tag,cat_variety; services=accounting_api_service,agent_api_service,ai_api_service,analytics_api_service,api_service,app_tool_badge_api_service,article_api_service,auth_api_service"
API-N-0093,admin/cat,app-only,app-only,/api/admin/cat/planes/weights/cat,S,merged app+web baselines,normalized|app-only|P0|method=unknown,"sources=app-only; evidence_combo=S; raw_ids=API-APP-0069,API-APP-0070; method=∅; method_source=∅; auth=bearer-or-token-header; entities=breeding_plan,breeding_plan_filter,breeding_plan_form,breeding_plan_reminder,cat,cat_sort_item,cat_tag,cat_variety; services=accounting_api_service,agent_api_service,ai_api_service,analytics_api_service,api_service,app_tool_badge_api_service,article_api_service,auth_api_service"
API-N-0094,admin/cat,web-admin-named-request,app-only,/api/admin/cat/record/,S,merged app+web baselines,normalized|app-only|P2|method=web,"sources=app-only; evidence_combo=S; raw_ids=API-APP-0071; method=delete; method_source=web-admin-named-request; auth=bearer-or-token-header; entities=cat,cat_sort_item,cat_tag,cat_variety,cat_weight,cat_with_weight,event_record,health_records; services=accounting_api_service,agent_api_service,ai_api_service,analytics_api_service,api_service,app_tool_badge_api_service,article_api_service,auth_api_service"
API-N-0095,admin/cat,web-admin-named-request,web-only,/api/admin/cat/record/actions,W,merged app+web baselines,normalized|web-only|P2|method=web,"sources=web-only; evidence_combo=W; raw_ids=API-WEB-0037; method=get; method_source=web-admin-named-request; auth=bearer-or-token-header; entities=cat,cat_sort_item,cat_tag,cat_variety,cat_weight,cat_with_weight,event_record,health_records; services=accounting_api_service,agent_api_service,ai_api_service,analytics_api_service,api_service,app_tool_badge_api_service,article_api_service,auth_api_service"
API-N-0096,admin/cat,web-admin-named-request,web-only,/api/admin/cat/record/events,W,merged app+web baselines,normalized|web-only|P2|method=web,"sources=web-only; evidence_combo=W; raw_ids=API-WEB-0038; method=get; method_source=web-admin-named-request; auth=bearer-or-token-header; entities=cat,cat_sort_item,cat_tag,cat_variety,cat_weight,cat_with_weight,event_record,health_records; services=accounting_api_service,agent_api_service,ai_api_service,analytics_api_service,api_service,app_tool_badge_api_service,article_api_service,auth_api_service"
API-N-0097,admin/cat,app-only,app-only,/api/admin/cat/record/public/,S,merged app+web baselines,normalized|app-only|P2|method=unknown,"sources=app-only; evidence_combo=S; raw_ids=API-APP-0072; method=∅; method_source=∅; auth=bearer-or-token-header; entities=cat,cat_sort_item,cat_tag,cat_variety,cat_weight,cat_with_weight,event_record,health_records; services=accounting_api_service,agent_api_service,ai_api_service,analytics_api_service,api_service,app_tool_badge_api_service,article_api_service,auth_api_service"
API-N-0098,admin/cat,app-only,app-only,/api/admin/cat/record/v2,S,merged app+web baselines,normalized|app-only|P2|method=unknown,"sources=app-only; evidence_combo=S; raw_ids=API-APP-0073,API-APP-0074; method=∅; method_source=∅; auth=bearer-or-token-header; entities=app_version,cat,cat_sort_item,cat_tag,cat_variety,cat_weight,cat_with_weight,event_record; services=accounting_api_service,agent_api_service,ai_api_service,analytics_api_service,api_service,app_tool_badge_api_service,article_api_service,auth_api_service"
API-N-0099,admin/cat,web-admin-named-request,shared,/api/admin/cat/tags,S,merged app+web baselines,normalized|shared|P2|method=web,"sources=shared; evidence_combo=S+W; raw_ids=API-APP-0075,API-WEB-0039; method=get; method_source=web-admin-named-request; auth=bearer-or-token-header; entities=cat,cat_sort_item,cat_tag,cat_variety,cat_weight,cat_with_weight,tag; services=accounting_api_service,agent_api_service,ai_api_service,analytics_api_service,api_service,app_tool_badge_api_service,article_api_service,auth_api_service"
API-N-0100,admin/cat,web-admin-named-request,shared,/api/admin/cat/tags/add,S,merged app+web baselines,normalized|shared|P2|method=web,"sources=shared; evidence_combo=S+W; raw_ids=API-APP-0076,API-WEB-0040; method=post; method_source=web-admin-named-request; auth=bearer-or-token-header; entities=cat,cat_sort_item,cat_tag,cat_variety,cat_weight,cat_with_weight,tag; services=accounting_api_service,agent_api_service,ai_api_service,analytics_api_service,api_service,app_tool_badge_api_service,article_api_service,auth_api_service"
API-N-0101,admin/cat,web-admin-named-request,app-only,/api/admin/cat/tags/bind/,S,merged app+web baselines,normalized|app-only|P2|method=web,"sources=app-only; evidence_combo=S; raw_ids=API-APP-0077; method=put; method_source=web-admin-named-request; auth=bearer-or-token-header; entities=cat,cat_sort_item,cat_tag,cat_variety,cat_weight,cat_with_weight,tag; services=accounting_api_service,agent_api_service,ai_api_service,analytics_api_service,api_service,app_tool_badge_api_service,article_api_service,auth_api_service"
API-N-0102,admin/cat,web-admin-named-request,web-only,/api/admin/cat/tags/bind/:id,W,merged app+web baselines,normalized|web-only|P2|method=web,"sources=web-only; evidence_combo=W; raw_ids=API-WEB-0041; method=put; method_source=web-admin-named-request; auth=bearer-or-token-header; entities=cat,cat_sort_item,cat_tag,cat_variety,cat_weight,cat_with_weight,tag; services=accounting_api_service,agent_api_service,ai_api_service,analytics_api_service,api_service,app_tool_badge_api_service,article_api_service,auth_api_service"
API-N-0103,admin/cat,app-only,app-only,/api/admin/cat/tags/count,S,merged app+web baselines,normalized|app-only|P2|method=unknown,"sources=app-only; evidence_combo=S; raw_ids=API-APP-0078; method=∅; method_source=∅; auth=bearer-or-token-header; entities=cat,cat_sort_item,cat_tag,cat_variety,cat_weight,cat_with_weight,tag; services=accounting_api_service,agent_api_service,ai_api_service,analytics_api_service,api_service,app_tool_badge_api_service,article_api_service,auth_api_service"
API-N-0104,admin/cat,web-admin-named-request,app-only,/api/admin/cat/tags/delete/,S,merged app+web baselines,normalized|app-only|P2|method=web,"sources=app-only; evidence_combo=S; raw_ids=API-APP-0079; method=delete; method_source=web-admin-named-request; auth=bearer-or-token-header; entities=cat,cat_sort_item,cat_tag,cat_variety,cat_weight,cat_with_weight,tag; services=accounting_api_service,agent_api_service,ai_api_service,analytics_api_service,api_service,app_tool_badge_api_service,article_api_service,auth_api_service"
API-N-0105,admin/cat,web-admin-named-request,web-only,/api/admin/cat/tags/delete/:id,W,merged app+web baselines,normalized|web-only|P2|method=web,"sources=web-only; evidence_combo=W; raw_ids=API-WEB-0042; method=delete; method_source=web-admin-named-request; auth=bearer-or-token-header; entities=cat,cat_sort_item,cat_tag,cat_variety,cat_weight,cat_with_weight,tag; services=accounting_api_service,agent_api_service,ai_api_service,analytics_api_service,api_service,app_tool_badge_api_service,article_api_service,auth_api_service"
API-N-0106,admin/cat,web-admin-named-request,app-only,/api/admin/cat/tags/update/,S,merged app+web baselines,normalized|app-only|P2|method=web,"sources=app-only; evidence_combo=S; raw_ids=API-APP-0080; method=put; method_source=web-admin-named-request; auth=bearer-or-token-header; entities=cat,cat_sort_item,cat_tag,cat_variety,cat_weight,cat_with_weight,tag; services=accounting_api_service,agent_api_service,ai_api_service,analytics_api_service,api_service,app_tool_badge_api_service,article_api_service,auth_api_service"
API-N-0107,admin/cat,web-admin-named-request,web-only,/api/admin/cat/tags/update/:id,W,merged app+web baselines,normalized|web-only|P2|method=web,"sources=web-only; evidence_combo=W; raw_ids=API-WEB-0043; method=put; method_source=web-admin-named-request; auth=bearer-or-token-header; entities=cat,cat_sort_item,cat_tag,cat_variety,cat_weight,cat_with_weight,tag; services=accounting_api_service,agent_api_service,ai_api_service,analytics_api_service,api_service,app_tool_badge_api_service,article_api_service,auth_api_service"
API-N-0108,admin/cat,web-admin-named-request,shared,/api/admin/cat/varieties,S,merged app+web baselines,normalized|shared|P2|method=web,"sources=shared; evidence_combo=S+W; raw_ids=API-APP-0081,API-WEB-0044; method=get; method_source=web-admin-named-request; auth=bearer-or-token-header; entities=cat,cat_sort_item,cat_tag,cat_variety,cat_weight,cat_with_weight; services=accounting_api_service,agent_api_service,ai_api_service,analytics_api_service,api_service,app_tool_badge_api_service,article_api_service,auth_api_service"
API-N-0109,admin/cat,web-admin-named-request,shared,/api/admin/cat/varieties/add,S,merged app+web baselines,normalized|shared|P2|method=web,"sources=shared; evidence_combo=S+W; raw_ids=API-APP-0082,API-WEB-0045; method=post; method_source=web-admin-named-request; auth=bearer-or-token-header; entities=cat,cat_sort_item,cat_tag,cat_variety,cat_weight,cat_with_weight; services=accounting_api_service,agent_api_service,ai_api_service,analytics_api_service,api_service,app_tool_badge_api_service,article_api_service,auth_api_service"
API-N-0110,admin/cat,web-admin-named-request,web-only,/api/admin/cat/varieties/delete/:id,W,merged app+web baselines,normalized|web-only|P2|method=web,"sources=web-only; evidence_combo=W; raw_ids=API-WEB-0046; method=delete; method_source=web-admin-named-request; auth=bearer-or-token-header; entities=cat,cat_sort_item,cat_tag,cat_variety,cat_weight,cat_with_weight; services=accounting_api_service,agent_api_service,ai_api_service,analytics_api_service,api_service,app_tool_badge_api_service,article_api_service,auth_api_service"
API-N-0111,admin/cat,path-heuristic-medium,app-only,/api/admin/cat/varieties/delete/r,I,merged app+web baselines,normalized|app-only|P2|method=inferred,"sources=app-only; evidence_combo=S+I; raw_ids=API-APP-0083; method=delete; method_source=path-heuristic-medium; auth=bearer-or-token-header; entities=app_version,article,banner,batch_config_response,before_after_recipe,breeding_plan,breeding_plan_filter,breeding_plan_form; services=accounting_api_service,agent_api_service,ai_api_service,analytics_api_service,api_service,app_tool_badge_api_service,article_api_service,auth_api_service"
API-N-0112,admin/cat,web-admin-named-request,web-only,/api/admin/cat/varieties/update/:id,W,merged app+web baselines,normalized|web-only|P2|method=web,"sources=web-only; evidence_combo=W; raw_ids=API-WEB-0047; method=put; method_source=web-admin-named-request; auth=bearer-or-token-header; entities=cat,cat_sort_item,cat_tag,cat_variety,cat_weight,cat_with_weight; services=accounting_api_service,agent_api_service,ai_api_service,analytics_api_service,api_service,app_tool_badge_api_service,article_api_service,auth_api_service"
API-N-0113,admin/cat,path-heuristic-medium,app-only,/api/admin/cat/varieties/update/r,I,merged app+web baselines,normalized|app-only|P2|method=inferred,"sources=app-only; evidence_combo=S+I; raw_ids=API-APP-0084; method=put; method_source=path-heuristic-medium; auth=bearer-or-token-header; entities=app_version,article,banner,batch_config_response,before_after_recipe,breeding_plan,breeding_plan_filter,breeding_plan_form; services=accounting_api_service,agent_api_service,ai_api_service,analytics_api_service,api_service,app_tool_badge_api_service,article_api_service,auth_api_service"
API-N-0114,admin/cat,app-only,app-only,/api/admin/cat/weights/,S,merged app+web baselines,normalized|app-only|P0|method=unknown,"sources=app-only; evidence_combo=S; raw_ids=API-APP-0085; method=∅; method_source=∅; auth=bearer-or-token-header; entities=cat,cat_sort_item,cat_tag,cat_variety,cat_weight,cat_with_weight; services=accounting_api_service,agent_api_service,ai_api_service,analytics_api_service,api_service,app_tool_badge_api_service,article_api_service,auth_api_service"
API-N-0115,admin/category,web-admin-named-request,web-only,/api/admin/category,W,merged app+web baselines,normalized|web-only|P2|method=web,"sources=web-only; evidence_combo=W; raw_ids=API-WEB-0048; method=get; method_source=web-admin-named-request; auth=bearer-or-token-header; entities=cat; services=accounting_api_service,agent_api_service,ai_api_service,analytics_api_service,api_service,app_tool_badge_api_service,article_api_service,auth_api_service"
API-N-0116,admin/category,web-admin-named-request,web-only,/api/admin/category/update,W,merged app+web baselines,normalized|web-only|P2|method=web,"sources=web-only; evidence_combo=W; raw_ids=API-WEB-0049; method=put; method_source=web-admin-named-request; auth=bearer-or-token-header; entities=cat; services=accounting_api_service,agent_api_service,ai_api_service,analytics_api_service,api_service,app_tool_badge_api_service,article_api_service,auth_api_service"
API-N-0117,admin/cats,web-admin-named-request,shared,/api/admin/cats,S,merged app+web baselines,normalized|shared|P0|method=web,"sources=shared; evidence_combo=S+W; raw_ids=API-APP-0086,API-WEB-0050; method=get; method_source=web-admin-named-request; auth=bearer-or-token-header; entities=cat,cat_sort_item,cat_tag,cat_variety,cat_weight,cat_with_weight; services=accounting_api_service,agent_api_service,ai_api_service,analytics_api_service,api_service,app_tool_badge_api_service,article_api_service,auth_api_service"
API-N-0118,admin/cats,web-admin-named-request,shared,/api/admin/cats/add,S,merged app+web baselines,normalized|shared|P0|method=web,"sources=shared; evidence_combo=S+W; raw_ids=API-APP-0087,API-WEB-0051; method=post; method_source=web-admin-named-request; auth=bearer-or-token-header; entities=cat,cat_sort_item,cat_tag,cat_variety,cat_weight,cat_with_weight; services=accounting_api_service,agent_api_service,ai_api_service,analytics_api_service,api_service,app_tool_badge_api_service,article_api_service,auth_api_service"
API-N-0119,admin/cats,app-only,app-only,/api/admin/cats/batch,S,merged app+web baselines,normalized|app-only|P0|method=unknown,"sources=app-only; evidence_combo=S; raw_ids=API-APP-0088; method=∅; method_source=∅; auth=bearer-or-token-header; entities=batch_config_response,cat,cat_sort_item,cat_tag,cat_variety,cat_weight,cat_with_weight; services=accounting_api_service,agent_api_service,ai_api_service,analytics_api_service,api_service,app_tool_badge_api_service,article_api_service,auth_api_service"
API-N-0120,admin/cats,app-only,app-only,/api/admin/cats/batch/config,S,merged app+web baselines,normalized|app-only|P0|method=unknown,"sources=app-only; evidence_combo=S; raw_ids=API-APP-0089; method=∅; method_source=∅; auth=bearer-or-token-header; entities=auto_backup_config,batch_config_response,cat,cat_sort_item,cat_tag,cat_variety,cat_weight,cat_with_weight; services=accounting_api_service,agent_api_service,ai_api_service,analytics_api_service,api_service,app_tool_badge_api_service,article_api_service,auth_api_service"
API-N-0121,admin/cats,web-admin-named-request,app-only,/api/admin/cats/delete/,S,merged app+web baselines,normalized|app-only|P0|method=web,"sources=app-only; evidence_combo=S; raw_ids=API-APP-0090; method=delete; method_source=web-admin-named-request; auth=bearer-or-token-header; entities=cat,cat_sort_item,cat_tag,cat_variety,cat_weight,cat_with_weight; services=accounting_api_service,agent_api_service,ai_api_service,analytics_api_service,api_service,app_tool_badge_api_service,article_api_service,auth_api_service"
API-N-0122,admin/cats,web-admin-named-request,web-only,/api/admin/cats/delete/:id,W,merged app+web baselines,normalized|web-only|P0|method=web,"sources=web-only; evidence_combo=W; raw_ids=API-WEB-0052; method=delete; method_source=web-admin-named-request; auth=bearer-or-token-header; entities=cat,cat_sort_item,cat_tag,cat_variety,cat_weight,cat_with_weight; services=accounting_api_service,agent_api_service,ai_api_service,analytics_api_service,api_service,app_tool_badge_api_service,article_api_service,auth_api_service"
API-N-0123,admin/cats,web-admin-named-request,app-only,/api/admin/cats/detail/,S,merged app+web baselines,normalized|app-only|P0|method=web,"sources=app-only; evidence_combo=S; raw_ids=API-APP-0091; method=get; method_source=web-admin-named-request; auth=bearer-or-token-header; entities=cat,cat_sort_item,cat_tag,cat_variety,cat_weight,cat_with_weight; services=accounting_api_service,agent_api_service,ai_api_service,analytics_api_service,api_service,app_tool_badge_api_service,article_api_service,auth_api_service"
API-N-0124,admin/cats,web-admin-named-request,web-only,/api/admin/cats/detail/:id,W,merged app+web baselines,normalized|web-only|P0|method=web,"sources=web-only; evidence_combo=W; raw_ids=API-WEB-0053; method=get; method_source=web-admin-named-request; auth=bearer-or-token-header; entities=cat,cat_sort_item,cat_tag,cat_variety,cat_weight,cat_with_weight; services=accounting_api_service,agent_api_service,ai_api_service,analytics_api_service,api_service,app_tool_badge_api_service,article_api_service,auth_api_service"
API-N-0125,admin/cats,app-only,app-only,/api/admin/cats/r,S,merged app+web baselines,normalized|app-only|P0|method=unknown,"sources=app-only; evidence_combo=S; raw_ids=API-APP-0092; method=∅; method_source=∅; auth=bearer-or-token-header; entities=app_version,article,banner,batch_config_response,before_after_recipe,breeding_plan,breeding_plan_filter,breeding_plan_form; services=accounting_api_service,agent_api_service,ai_api_service,analytics_api_service,api_service,app_tool_badge_api_service,article_api_service,auth_api_service"
API-N-0126,admin/cats,web-admin-named-request,web-only,/api/admin/cats/unmother,W,merged app+web baselines,normalized|web-only|P0|method=web,"sources=web-only; evidence_combo=W; raw_ids=API-WEB-0054; method=get; method_source=web-admin-named-request; auth=bearer-or-token-header; entities=cat,cat_sort_item,cat_tag,cat_variety,cat_weight,cat_with_weight; services=accounting_api_service,agent_api_service,ai_api_service,analytics_api_service,api_service,app_tool_badge_api_service,article_api_service,auth_api_service"
API-N-0127,admin/cats,web-admin-named-request,app-only,/api/admin/cats/update/,S,merged app+web baselines,normalized|app-only|P0|method=web,"sources=app-only; evidence_combo=S; raw_ids=API-APP-0093; method=put; method_source=web-admin-named-request; auth=bearer-or-token-header; entities=cat,cat_sort_item,cat_tag,cat_variety,cat_weight,cat_with_weight; services=accounting_api_service,agent_api_service,ai_api_service,analytics_api_service,api_service,app_tool_badge_api_service,article_api_service,auth_api_service"
API-N-0128,admin/cats,web-admin-named-request,web-only,/api/admin/cats/update/:id,W,merged app+web baselines,normalized|web-only|P0|method=web,"sources=web-only; evidence_combo=W; raw_ids=API-WEB-0055; method=put; method_source=web-admin-named-request; auth=bearer-or-token-header; entities=cat,cat_sort_item,cat_tag,cat_variety,cat_weight,cat_with_weight; services=accounting_api_service,agent_api_service,ai_api_service,analytics_api_service,api_service,app_tool_badge_api_service,article_api_service,auth_api_service"
API-N-0129,admin/cats,web-admin-named-request,web-only,/api/admin/cats/update/:id/detail,W,merged app+web baselines,normalized|web-only|P0|method=web,"sources=web-only; evidence_combo=W; raw_ids=API-WEB-0056; method=put; method_source=web-admin-named-request; auth=bearer-or-token-header; entities=cat,cat_sort_item,cat_tag,cat_variety,cat_weight,cat_with_weight; services=accounting_api_service,agent_api_service,ai_api_service,analytics_api_service,api_service,app_tool_badge_api_service,article_api_service,auth_api_service"
API-N-0130,admin/cats,web-admin-named-request,web-only,/api/admin/cats/update/:id/show,W,merged app+web baselines,normalized|web-only|P0|method=web,"sources=web-only; evidence_combo=W; raw_ids=API-WEB-0057; method=put; method_source=web-admin-named-request; auth=bearer-or-token-header; entities=cat,cat_sort_item,cat_tag,cat_variety,cat_weight,cat_with_weight; services=accounting_api_service,agent_api_service,ai_api_service,analytics_api_service,api_service,app_tool_badge_api_service,article_api_service,auth_api_service"
API-N-0131,admin/cats,web-admin-named-request,web-only,/api/admin/cats/update/:id/show/detail,W,merged app+web baselines,normalized|web-only|P0|method=web,"sources=web-only; evidence_combo=W; raw_ids=API-WEB-0058; method=put; method_source=web-admin-named-request; auth=bearer-or-token-header; entities=cat,cat_sort_item,cat_tag,cat_variety,cat_weight,cat_with_weight; services=accounting_api_service,agent_api_service,ai_api_service,analytics_api_service,api_service,app_tool_badge_api_service,article_api_service,auth_api_service"
API-N-0132,admin/cats,web-admin-named-request,web-only,/api/admin/cats/update/:id/show/event,W,merged app+web baselines,normalized|web-only|P0|method=web,"sources=web-only; evidence_combo=W; raw_ids=API-WEB-0059; method=put; method_source=web-admin-named-request; auth=bearer-or-token-header; entities=cat,cat_sort_item,cat_tag,cat_variety,cat_weight,cat_with_weight,event_record,event_reminder; services=accounting_api_service,agent_api_service,ai_api_service,analytics_api_service,api_service,app_tool_badge_api_service,article_api_service,auth_api_service"
API-N-0133,admin/cats,web-admin-named-request,web-only,/api/admin/cats/update/:id/show/price,W,merged app+web baselines,normalized|web-only|P0|method=web,"sources=web-only; evidence_combo=W; raw_ids=API-WEB-0060; method=put; method_source=web-admin-named-request; auth=bearer-or-token-header; entities=cat,cat_sort_item,cat_tag,cat_variety,cat_weight,cat_with_weight; services=accounting_api_service,agent_api_service,ai_api_service,analytics_api_service,api_service,app_tool_badge_api_service,article_api_service,auth_api_service"
API-N-0134,admin/cats,web-admin-named-request,web-only,/api/admin/cats/update/:id/thumb,W,merged app+web baselines,normalized|web-only|P0|method=web,"sources=web-only; evidence_combo=W; raw_ids=API-WEB-0061; method=put; method_source=web-admin-named-request; auth=bearer-or-token-header; entities=cat,cat_sort_item,cat_tag,cat_variety,cat_weight,cat_with_weight; services=accounting_api_service,agent_api_service,ai_api_service,analytics_api_service,api_service,app_tool_badge_api_service,article_api_service,auth_api_service"
API-N-0135,admin/cats,path-heuristic-medium,app-only,/api/admin/cats/update/cat/sort,I,merged app+web baselines,normalized|app-only|P0|method=inferred,"sources=app-only; evidence_combo=S+I; raw_ids=API-APP-0094; method=put; method_source=path-heuristic-medium; auth=bearer-or-token-header; entities=cat,cat_sort_item,cat_tag,cat_variety,cat_weight,cat_with_weight; services=accounting_api_service,agent_api_service,ai_api_service,analytics_api_service,api_service,app_tool_badge_api_service,article_api_service,auth_api_service"
API-N-0136,admin/cdn,app-only,app-only,/api/admin/cdn/settings/hd-videor,S,merged app+web baselines,normalized|app-only|P2|method=unknown,"sources=app-only; evidence_combo=S; raw_ids=API-APP-0095; method=∅; method_source=∅; auth=bearer-or-token-header; entities=cdn_traffic_info; services=accounting_api_service,agent_api_service,ai_api_service,analytics_api_service,api_service,app_tool_badge_api_service,article_api_service,auth_api_service"
API-N-0137,admin/cdn,app-only,app-only,/api/admin/cdn/traffic/overview,S,merged app+web baselines,normalized|app-only|P2|method=unknown,"sources=app-only; evidence_combo=S; raw_ids=API-APP-0096; method=∅; method_source=∅; auth=bearer-or-token-header; entities=cdn_traffic_info; services=accounting_api_service,agent_api_service,ai_api_service,analytics_api_service,api_service,app_tool_badge_api_service,article_api_service,auth_api_service"
API-N-0138,admin/common,path-heuristic-medium,app-only,/api/admin/common/event/add,I,merged app+web baselines,normalized|app-only|P2|method=inferred,"sources=app-only; evidence_combo=S+I; raw_ids=API-APP-0097; method=post; method_source=path-heuristic-medium; auth=bearer-or-token-header; entities=event_record,event_reminder; services=accounting_api_service,agent_api_service,ai_api_service,analytics_api_service,api_service,app_tool_badge_api_service,article_api_service,auth_api_service"
API-N-0139,admin/common,path-heuristic-medium,app-only,/api/admin/common/event/confirm/r,I,merged app+web baselines,normalized|app-only|P2|method=inferred,"sources=app-only; evidence_combo=S+I; raw_ids=API-APP-0098; method=put; method_source=path-heuristic-medium; auth=bearer-or-token-header; entities=app_version,article,banner,batch_config_response,before_after_recipe,breeding_plan,breeding_plan_filter,breeding_plan_form; services=accounting_api_service,agent_api_service,ai_api_service,analytics_api_service,api_service,app_tool_badge_api_service,article_api_service,auth_api_service"
API-N-0140,admin/common,app-only,app-only,/api/admin/common/event/reminds,S,merged app+web baselines,normalized|app-only|P2|method=unknown,"sources=app-only; evidence_combo=S; raw_ids=API-APP-0099; method=∅; method_source=∅; auth=bearer-or-token-header; entities=event_record,event_reminder; services=accounting_api_service,agent_api_service,ai_api_service,analytics_api_service,api_service,app_tool_badge_api_service,article_api_service,auth_api_service"
API-N-0141,admin/common,path-heuristic-medium,app-only,/api/admin/common/event/reminds/detail/,I,merged app+web baselines,normalized|app-only|P2|method=inferred,"sources=app-only; evidence_combo=S+I; raw_ids=API-APP-0100; method=get; method_source=path-heuristic-medium; auth=bearer-or-token-header; entities=event_record,event_reminder; services=accounting_api_service,agent_api_service,ai_api_service,analytics_api_service,api_service,app_tool_badge_api_service,article_api_service,auth_api_service"
API-N-0142,admin/common,app-only,app-only,/api/admin/common/event/reminds/my-tasks,S,merged app+web baselines,normalized|app-only|P2|method=unknown,"sources=app-only; evidence_combo=S; raw_ids=API-APP-0101; method=∅; method_source=∅; auth=bearer-or-token-header; entities=event_record,event_reminder; services=accounting_api_service,agent_api_service,ai_api_service,analytics_api_service,api_service,app_tool_badge_api_service,article_api_service,auth_api_service"
API-N-0143,admin/common,app-only,app-only,/api/admin/common/event/reminds/r,S,merged app+web baselines,normalized|app-only|P2|method=unknown,"sources=app-only; evidence_combo=S; raw_ids=API-APP-0102; method=∅; method_source=∅; auth=bearer-or-token-header; entities=app_version,article,banner,batch_config_response,before_after_recipe,breeding_plan,breeding_plan_filter,breeding_plan_form; services=accounting_api_service,agent_api_service,ai_api_service,analytics_api_service,api_service,app_tool_badge_api_service,article_api_service,auth_api_service"
API-N-0144,admin/common,app-only,app-only,/api/admin/common/events,S,merged app+web baselines,normalized|app-only|P2|method=unknown,"sources=app-only; evidence_combo=S; raw_ids=API-APP-0103; method=∅; method_source=∅; auth=bearer-or-token-header; entities=-; services=accounting_api_service,agent_api_service,ai_api_service,analytics_api_service,api_service,app_tool_badge_api_service,article_api_service,auth_api_service"
API-N-0145,admin/contracts,app-only,app-only,/api/admin/contracts/document-imports,S,merged app+web baselines,normalized|app-only|P1|method=unknown,"sources=app-only; evidence_combo=S; raw_ids=API-APP-0104,API-APP-0105; method=∅; method_source=∅; auth=bearer-or-token-header; entities=-; services=accounting_api_service,agent_api_service,ai_api_service,analytics_api_service,api_service,app_tool_badge_api_service,article_api_service,auth_api_service"
API-N-0146,admin/contracts,app-only,app-only,/api/admin/contracts/documents,S,merged app+web baselines,normalized|app-only|P1|method=unknown,"sources=app-only; evidence_combo=S; raw_ids=API-APP-0106,API-APP-0107; method=∅; method_source=∅; auth=bearer-or-token-header; entities=-; services=accounting_api_service,agent_api_service,ai_api_service,analytics_api_service,api_service,app_tool_badge_api_service,article_api_service,auth_api_service"
API-N-0147,admin/contracts,app-only,app-only,/api/admin/contracts/templates,S,merged app+web baselines,normalized|app-only|P1|method=unknown,"sources=app-only; evidence_combo=S; raw_ids=API-APP-0108,API-APP-0109; method=∅; method_source=∅; auth=bearer-or-token-header; entities=-; services=accounting_api_service,agent_api_service,ai_api_service,analytics_api_service,api_service,app_tool_badge_api_service,article_api_service,auth_api_service"
API-N-0148,admin/cos,path-heuristic-medium,web-only,/api/admin/cos/upload,I,merged app+web baselines,normalized|web-only|P0|method=inferred,"sources=web-only; evidence_combo=W+I; raw_ids=API-WEB-0062; method=post; method_source=path-heuristic-medium; auth=bearer-or-token-header; entities=uploaded_image; services=accounting_api_service,agent_api_service,ai_api_service,analytics_api_service,api_service,app_tool_badge_api_service,article_api_service,auth_api_service"
API-N-0149,admin/dam,app-only,app-only,/api/admin/dam/files,S,merged app+web baselines,normalized|app-only|P0|method=unknown,"sources=app-only; evidence_combo=S; raw_ids=API-APP-0110,API-APP-0111; method=∅; method_source=∅; auth=bearer-or-token-header; entities=-; services=accounting_api_service,agent_api_service,ai_api_service,analytics_api_service,api_service,app_tool_badge_api_service,article_api_service,auth_api_service"
API-N-0150,admin/dam,web-only,web-only,/api/admin/dam/files/${a.userTemplateId},W,merged app+web baselines,normalized|web-only|P0|method=unknown,"sources=web-only; evidence_combo=W; raw_ids=API-WEB-0063,API-WEB-0064; method=∅; method_source=∅; auth=bearer-or-token-header; entities=agent_message,app_version,article,audit_info,auto_backup_config,backup_task,banner,batch_config_response; services=accounting_api_service,agent_api_service,ai_api_service,analytics_api_service,api_service,app_tool_badge_api_service,article_api_service,auth_api_service"
API-N-0151,admin/dam,app-only,app-only,/api/admin/dam/files/v2,S,merged app+web baselines,normalized|app-only|P0|method=unknown,"sources=app-only; evidence_combo=S; raw_ids=API-APP-0112; method=∅; method_source=∅; auth=bearer-or-token-header; entities=app_version,cat_variety,event_record,event_reminder,member_level,version_info; services=accounting_api_service,agent_api_service,ai_api_service,analytics_api_service,api_service,app_tool_badge_api_service,article_api_service,auth_api_service"
API-N-0152,admin/dam,app-only,app-only,/api/admin/dam/folders,S,merged app+web baselines,normalized|app-only|P0|method=unknown,"sources=app-only; evidence_combo=S; raw_ids=API-APP-0113,API-APP-0114; method=∅; method_source=∅; auth=bearer-or-token-header; entities=-; services=accounting_api_service,agent_api_service,ai_api_service,analytics_api_service,api_service,app_tool_badge_api_service,article_api_service,auth_api_service"
API-N-0153,admin/decoration-packages,app-only,app-only,/api/admin/decoration-packages/save,S,merged app+web baselines,normalized|app-only|P2|method=unknown,"sources=app-only; evidence_combo=S; raw_ids=API-APP-0115; method=∅; method_source=∅; auth=bearer-or-token-header; entities=-; services=accounting_api_service,agent_api_service,ai_api_service,analytics_api_service,api_service,app_tool_badge_api_service,article_api_service,auth_api_service"
API-N-0154,admin/doors,web-admin-named-request,web-only,/api/admin/doors,W,merged app+web baselines,normalized|web-only|P1|method=web,"sources=web-only; evidence_combo=W; raw_ids=API-WEB-0065; method=get; method_source=web-admin-named-request; auth=bearer-or-token-header; entities=door_info; services=accounting_api_service,agent_api_service,ai_api_service,analytics_api_service,api_service,app_tool_badge_api_service,article_api_service,auth_api_service"
API-N-0155,admin/doors,web-admin-named-request,shared,/api/admin/doors/add,S,merged app+web baselines,normalized|shared|P1|method=web,"sources=shared; evidence_combo=S+W; raw_ids=API-APP-0116,API-WEB-0066; method=post; method_source=web-admin-named-request; auth=bearer-or-token-header; entities=door_info; services=accounting_api_service,agent_api_service,ai_api_service,analytics_api_service,api_service,app_tool_badge_api_service,article_api_service,auth_api_service"
API-N-0156,admin/doors,web-admin-named-request,app-only,/api/admin/doors/delete/,S,merged app+web baselines,normalized|app-only|P1|method=web,"sources=app-only; evidence_combo=S; raw_ids=API-APP-0117; method=delete; method_source=web-admin-named-request; auth=bearer-or-token-header; entities=door_info; services=accounting_api_service,agent_api_service,ai_api_service,analytics_api_service,api_service,app_tool_badge_api_service,article_api_service,auth_api_service"
API-N-0157,admin/doors,web-admin-named-request,web-only,/api/admin/doors/delete/:id,W,merged app+web baselines,normalized|web-only|P1|method=web,"sources=web-only; evidence_combo=W; raw_ids=API-WEB-0067; method=delete; method_source=web-admin-named-request; auth=bearer-or-token-header; entities=door_info; services=accounting_api_service,agent_api_service,ai_api_service,analytics_api_service,api_service,app_tool_badge_api_service,article_api_service,auth_api_service"
API-N-0158,admin/doors,web-admin-named-request,web-only,/api/admin/doors/detail/:id,W,merged app+web baselines,normalized|web-only|P1|method=web,"sources=web-only; evidence_combo=W; raw_ids=API-WEB-0068; method=get; method_source=web-admin-named-request; auth=bearer-or-token-header; entities=door_info; services=accounting_api_service,agent_api_service,ai_api_service,analytics_api_service,api_service,app_tool_badge_api_service,article_api_service,auth_api_service"
API-N-0159,admin/doors,web-admin-named-request,shared,/api/admin/doors/rule,S,merged app+web baselines,normalized|shared|P1|method=web,"sources=shared; evidence_combo=S+W; raw_ids=API-APP-0118,API-WEB-0069; method=get; method_source=web-admin-named-request; auth=bearer-or-token-header; entities=door_info; services=accounting_api_service,agent_api_service,ai_api_service,analytics_api_service,api_service,app_tool_badge_api_service,article_api_service,auth_api_service"
API-N-0160,admin/doors,web-admin-named-request,shared,/api/admin/doors/rule/set,S,merged app+web baselines,normalized|shared|P1|method=web,"sources=shared; evidence_combo=S+W; raw_ids=API-APP-0119,API-WEB-0070; method=post; method_source=web-admin-named-request; auth=bearer-or-token-header; entities=door_info; services=accounting_api_service,agent_api_service,ai_api_service,analytics_api_service,api_service,app_tool_badge_api_service,article_api_service,auth_api_service"
API-N-0161,admin/doors,web-admin-named-request,app-only,/api/admin/doors/update/,S,merged app+web baselines,normalized|app-only|P1|method=web,"sources=app-only; evidence_combo=S; raw_ids=API-APP-0120; method=put; method_source=web-admin-named-request; auth=bearer-or-token-header; entities=door_info; services=accounting_api_service,agent_api_service,ai_api_service,analytics_api_service,api_service,app_tool_badge_api_service,article_api_service,auth_api_service"
API-N-0162,admin/doors,web-admin-named-request,web-only,/api/admin/doors/update/:id,W,merged app+web baselines,normalized|web-only|P1|method=web,"sources=web-only; evidence_combo=W; raw_ids=API-WEB-0071; method=put; method_source=web-admin-named-request; auth=bearer-or-token-header; entities=door_info; services=accounting_api_service,agent_api_service,ai_api_service,analytics_api_service,api_service,app_tool_badge_api_service,article_api_service,auth_api_service"
API-N-0163,admin/doors,web-admin-named-request,web-only,/api/admin/doors/update/:id/user,W,merged app+web baselines,normalized|web-only|P1|method=web,"sources=web-only; evidence_combo=W; raw_ids=API-WEB-0072; method=put; method_source=web-admin-named-request; auth=bearer-or-token-header; entities=door_info,user,user_info; services=accounting_api_service,agent_api_service,ai_api_service,analytics_api_service,api_service,app_tool_badge_api_service,article_api_service,auth_api_service"
API-N-0164,admin/doorsr,app-only,app-only,/api/admin/doorsr,S,merged app+web baselines,normalized|app-only|P1|method=unknown,"sources=app-only; evidence_combo=S; raw_ids=API-APP-0121; method=∅; method_source=∅; auth=bearer-or-token-header; entities=-; services=accounting_api_service,agent_api_service,ai_api_service,analytics_api_service,api_service,app_tool_badge_api_service,article_api_service,auth_api_service"
API-N-0165,admin/entitlements,path-heuristic-low,app-only,/api/admin/entitlements,I,merged app+web baselines,normalized|app-only|P0|method=inferred,"sources=app-only; evidence_combo=S+I; raw_ids=API-APP-0122; method=get; method_source=path-heuristic-low; auth=bearer-or-token-header; entities=-; services=accounting_api_service,agent_api_service,ai_api_service,analytics_api_service,api_service,app_tool_badge_api_service,article_api_service,auth_api_service"
API-N-0166,admin/enums,app-only,app-only,/api/admin/enums/merchant-types,S,merged app+web baselines,normalized|app-only|P2|method=unknown,"sources=app-only; evidence_combo=S; raw_ids=API-APP-0123; method=∅; method_source=∅; auth=bearer-or-token-header; entities=merchant_info; services=accounting_api_service,agent_api_service,ai_api_service,analytics_api_service,api_service,app_tool_badge_api_service,article_api_service,auth_api_service"
API-N-0167,admin/estrus,app-only,app-only,/api/admin/estrus/cycles,S,merged app+web baselines,normalized|app-only|P2|method=unknown,"sources=app-only; evidence_combo=S; raw_ids=API-APP-0124,API-APP-0125; method=∅; method_source=∅; auth=bearer-or-token-header; entities=estrus_cycle; services=accounting_api_service,agent_api_service,ai_api_service,analytics_api_service,api_service,app_tool_badge_api_service,article_api_service,auth_api_service"
API-N-0168,admin/estrus,app-only,app-only,/api/admin/estrus/mothers/,S,merged app+web baselines,normalized|app-only|P2|method=unknown,"sources=app-only; evidence_combo=S; raw_ids=API-APP-0126; method=∅; method_source=∅; auth=bearer-or-token-header; entities=estrus_cycle; services=accounting_api_service,agent_api_service,ai_api_service,analytics_api_service,api_service,app_tool_badge_api_service,article_api_service,auth_api_service"
API-N-0169,admin/export,path-heuristic-medium,app-only,/api/admin/export/create,I,merged app+web baselines,normalized|app-only|P2|method=inferred,"sources=app-only; evidence_combo=S+I; raw_ids=API-APP-0127; method=post; method_source=path-heuristic-medium; auth=bearer-or-token-header; entities=-; services=accounting_api_service,agent_api_service,ai_api_service,analytics_api_service,api_service,app_tool_badge_api_service,article_api_service,auth_api_service"
API-N-0170,admin/export,app-only,app-only,/api/admin/export/tasks,S,merged app+web baselines,normalized|app-only|P2|method=unknown,"sources=app-only; evidence_combo=S; raw_ids=API-APP-0128; method=∅; method_source=∅; auth=bearer-or-token-header; entities=-; services=accounting_api_service,agent_api_service,ai_api_service,analytics_api_service,api_service,app_tool_badge_api_service,article_api_service,auth_api_service"
API-N-0171,admin/feature-event,app-only,app-only,/api/admin/feature-event,S,merged app+web baselines,normalized|app-only|P2|method=unknown,"sources=app-only; evidence_combo=S; raw_ids=API-APP-0129; method=∅; method_source=∅; auth=bearer-or-token-header; entities=event_record,event_reminder; services=accounting_api_service,agent_api_service,ai_api_service,analytics_api_service,api_service,app_tool_badge_api_service,article_api_service,auth_api_service"
API-N-0172,admin/feature-usage-self,app-only,app-only,/api/admin/feature-usage-self,S,merged app+web baselines,normalized|app-only|P2|method=unknown,"sources=app-only; evidence_combo=S; raw_ids=API-APP-0130; method=∅; method_source=∅; auth=bearer-or-token-header; entities=-; services=accounting_api_service,agent_api_service,ai_api_service,analytics_api_service,api_service,app_tool_badge_api_service,article_api_service,auth_api_service"
API-N-0173,admin/feedback,app-only,app-only,/api/admin/feedback,S,merged app+web baselines,normalized|app-only|P2|method=unknown,"sources=app-only; evidence_combo=S; raw_ids=API-APP-0131; method=∅; method_source=∅; auth=bearer-or-token-header; entities=-; services=accounting_api_service,agent_api_service,ai_api_service,analytics_api_service,api_service,app_tool_badge_api_service,article_api_service,auth_api_service"
API-N-0174,admin/forward,app-only,app-only,/api/admin/forward,S,merged app+web baselines,normalized|app-only|P2|method=unknown,"sources=app-only; evidence_combo=S; raw_ids=API-APP-0132; method=∅; method_source=∅; auth=bearer-or-token-header; entities=-; services=accounting_api_service,agent_api_service,ai_api_service,analytics_api_service,api_service,app_tool_badge_api_service,article_api_service,auth_api_service"
API-N-0175,admin/forward,app-only,app-only,/api/admin/forward/set,S,merged app+web baselines,normalized|app-only|P2|method=unknown,"sources=app-only; evidence_combo=S; raw_ids=API-APP-0133; method=∅; method_source=∅; auth=bearer-or-token-header; entities=-; services=accounting_api_service,agent_api_service,ai_api_service,analytics_api_service,api_service,app_tool_badge_api_service,article_api_service,auth_api_service"
API-N-0176,admin/genetic,app-only,app-only,/api/admin/genetic/breed-standards,S,merged app+web baselines,normalized|app-only|P2|method=unknown,"sources=app-only; evidence_combo=S; raw_ids=API-APP-0134; method=∅; method_source=∅; auth=bearer-or-token-header; entities=breeding_plan,breeding_plan_filter,breeding_plan_form,breeding_plan_reminder,breeding_transaction,genetic,paginated_breeding_plan_response; services=accounting_api_service,agent_api_service,ai_api_service,analytics_api_service,api_service,app_tool_badge_api_service,article_api_service,auth_api_service"
API-N-0177,admin/genetic,path-heuristic-medium,app-only,/api/admin/genetic/breeding/simulate,I,merged app+web baselines,normalized|app-only|P2|method=inferred,"sources=app-only; evidence_combo=S+I; raw_ids=API-APP-0135; method=put; method_source=path-heuristic-medium; auth=bearer-or-token-header; entities=breeding_plan,breeding_plan_filter,breeding_plan_form,breeding_plan_reminder,breeding_transaction,genetic,paginated_breeding_plan_response; services=accounting_api_service,agent_api_service,ai_api_service,analytics_api_service,api_service,app_tool_badge_api_service,article_api_service,auth_api_service"
API-N-0178,admin/genetic,app-only,app-only,/api/admin/genetic/markers,S,merged app+web baselines,normalized|app-only|P2|method=unknown,"sources=app-only; evidence_combo=S; raw_ids=API-APP-0136; method=∅; method_source=∅; auth=bearer-or-token-header; entities=genetic; services=accounting_api_service,agent_api_service,ai_api_service,analytics_api_service,api_service,app_tool_badge_api_service,article_api_service,auth_api_service"
API-N-0179,admin/genetic,app-only,app-only,/api/admin/genetic/profile,S,merged app+web baselines,normalized|app-only|P2|method=unknown,"sources=app-only; evidence_combo=S; raw_ids=API-APP-0137,API-APP-0138; method=∅; method_source=∅; auth=bearer-or-token-header; entities=genetic; services=accounting_api_service,agent_api_service,ai_api_service,analytics_api_service,api_service,app_tool_badge_api_service,article_api_service,auth_api_service"
API-N-0180,admin/genetic,app-only,app-only,/api/admin/genetic/rules,S,merged app+web baselines,normalized|app-only|P2|method=unknown,"sources=app-only; evidence_combo=S; raw_ids=API-APP-0139; method=∅; method_source=∅; auth=bearer-or-token-header; entities=genetic; services=accounting_api_service,agent_api_service,ai_api_service,analytics_api_service,api_service,app_tool_badge_api_service,article_api_service,auth_api_service"
API-N-0181,admin/goods,web-admin-named-request,shared,/api/admin/goods | /api/admin/goods/,S,merged app+web baselines,normalized|shared|P1|method=web,"sources=shared; evidence_combo=S+W; raw_ids=API-APP-0140,API-WEB-0073; method=get; method_source=web-admin-named-request; auth=bearer-or-token-header; entities=-; services=accounting_api_service,agent_api_service,ai_api_service,analytics_api_service,api_service,app_tool_badge_api_service,article_api_service,auth_api_service"
API-N-0182,admin/goods,web-admin-named-request,web-only,/api/admin/goods/:id,W,merged app+web baselines,normalized|web-only|P1|method=web,"sources=web-only; evidence_combo=W; raw_ids=API-WEB-0074; method=get; method_source=web-admin-named-request; auth=bearer-or-token-header; entities=-; services=accounting_api_service,agent_api_service,ai_api_service,analytics_api_service,api_service,app_tool_badge_api_service,article_api_service,auth_api_service"
API-N-0183,admin/goods,web-admin-named-request,web-only,/api/admin/goods/:id/delete,W,merged app+web baselines,normalized|web-only|P1|method=web,"sources=web-only; evidence_combo=W; raw_ids=API-WEB-0075; method=delete; method_source=web-admin-named-request; auth=bearer-or-token-header; entities=-; services=accounting_api_service,agent_api_service,ai_api_service,analytics_api_service,api_service,app_tool_badge_api_service,article_api_service,auth_api_service"
API-N-0184,admin/goods,web-admin-named-request,web-only,/api/admin/goods/:id/member-prices,W,merged app+web baselines,normalized|web-only|P1|method=web,"sources=web-only; evidence_combo=W; raw_ids=API-WEB-0076; method=post; method_source=web-admin-named-request; auth=bearer-or-token-header; entities=member_info,member_level,membership,membership_info; services=accounting_api_service,agent_api_service,ai_api_service,analytics_api_service,api_service,app_tool_badge_api_service,article_api_service,auth_api_service"
API-N-0185,admin/goods,web-admin-named-request,web-only,/api/admin/goods/:id/recommended,W,merged app+web baselines,normalized|web-only|P1|method=web,"sources=web-only; evidence_combo=W; raw_ids=API-WEB-0077; method=put; method_source=web-admin-named-request; auth=bearer-or-token-header; entities=-; services=accounting_api_service,agent_api_service,ai_api_service,analytics_api_service,api_service,app_tool_badge_api_service,article_api_service,auth_api_service"
API-N-0186,admin/goods,web-admin-named-request,web-only,/api/admin/goods/:id/status,W,merged app+web baselines,normalized|web-only|P1|method=web,"sources=web-only; evidence_combo=W; raw_ids=API-WEB-0078; method=put; method_source=web-admin-named-request; auth=bearer-or-token-header; entities=daily_health_status; services=accounting_api_service,agent_api_service,ai_api_service,analytics_api_service,api_service,app_tool_badge_api_service,article_api_service,auth_api_service"
API-N-0187,admin/goods,web-admin-named-request,web-only,/api/admin/goods/:id/update,W,merged app+web baselines,normalized|web-only|P1|method=web,"sources=web-only; evidence_combo=W; raw_ids=API-WEB-0079; method=put; method_source=web-admin-named-request; auth=bearer-or-token-header; entities=-; services=accounting_api_service,agent_api_service,ai_api_service,analytics_api_service,api_service,app_tool_badge_api_service,article_api_service,auth_api_service"
API-N-0188,admin/goods,web-admin-named-request,web-only,/api/admin/goods/categories,W,merged app+web baselines,normalized|web-only|P1|method=web,"sources=web-only; evidence_combo=W; raw_ids=API-WEB-0080; method=get; method_source=web-admin-named-request; auth=bearer-or-token-header; entities=cat; services=accounting_api_service,agent_api_service,ai_api_service,analytics_api_service,api_service,app_tool_badge_api_service,article_api_service,auth_api_service"
API-N-0189,admin/goods,web-admin-named-request,web-only,/api/admin/goods/categories/:id/delete,W,merged app+web baselines,normalized|web-only|P1|method=web,"sources=web-only; evidence_combo=W; raw_ids=API-WEB-0081; method=delete; method_source=web-admin-named-request; auth=bearer-or-token-header; entities=cat; services=accounting_api_service,agent_api_service,ai_api_service,analytics_api_service,api_service,app_tool_badge_api_service,article_api_service,auth_api_service"
API-N-0190,admin/goods,web-admin-named-request,web-only,/api/admin/goods/categories/:id/update,W,merged app+web baselines,normalized|web-only|P1|method=web,"sources=web-only; evidence_combo=W; raw_ids=API-WEB-0082; method=put; method_source=web-admin-named-request; auth=bearer-or-token-header; entities=cat; services=accounting_api_service,agent_api_service,ai_api_service,analytics_api_service,api_service,app_tool_badge_api_service,article_api_service,auth_api_service"
API-N-0191,admin/goods,web-admin-named-request,web-only,/api/admin/goods/categories/create,W,merged app+web baselines,normalized|web-only|P1|method=web,"sources=web-only; evidence_combo=W; raw_ids=API-WEB-0083; method=post; method_source=web-admin-named-request; auth=bearer-or-token-header; entities=cat; services=accounting_api_service,agent_api_service,ai_api_service,analytics_api_service,api_service,app_tool_badge_api_service,article_api_service,auth_api_service"
API-N-0192,admin/goods,web-admin-named-request,web-only,/api/admin/goods/config,W,merged app+web baselines,normalized|web-only|P1|method=web,"sources=web-only; evidence_combo=W; raw_ids=API-WEB-0084; method=put; method_source=web-admin-named-request; auth=bearer-or-token-header; entities=auto_backup_config,batch_config_response,intro_splash_config; services=accounting_api_service,agent_api_service,ai_api_service,analytics_api_service,api_service,app_tool_badge_api_service,article_api_service,auth_api_service"
API-N-0193,admin/goods,web-admin-named-request,web-only,/api/admin/goods/create,W,merged app+web baselines,normalized|web-only|P1|method=web,"sources=web-only; evidence_combo=W; raw_ids=API-WEB-0085; method=post; method_source=web-admin-named-request; auth=bearer-or-token-header; entities=-; services=accounting_api_service,agent_api_service,ai_api_service,analytics_api_service,api_service,app_tool_badge_api_service,article_api_service,auth_api_service"
API-N-0194,admin/goodsr,app-only,app-only,/api/admin/goodsr,S,merged app+web baselines,normalized|app-only|P1|method=unknown,"sources=app-only; evidence_combo=S; raw_ids=API-APP-0141; method=∅; method_source=∅; auth=bearer-or-token-header; entities=-; services=accounting_api_service,agent_api_service,ai_api_service,analytics_api_service,api_service,app_tool_badge_api_service,article_api_service,auth_api_service"
API-N-0195,admin/grooming,path-heuristic-medium,app-only,/api/admin/grooming/add,I,merged app+web baselines,normalized|app-only|P1|method=inferred,"sources=app-only; evidence_combo=S+I; raw_ids=API-APP-0142; method=post; method_source=path-heuristic-medium; auth=bearer-or-token-header; entities=-; services=accounting_api_service,agent_api_service,ai_api_service,analytics_api_service,api_service,app_tool_badge_api_service,article_api_service,auth_api_service"
API-N-0196,admin/grooming,app-only,app-only,/api/admin/grooming/config,S,merged app+web baselines,normalized|app-only|P1|method=unknown,"sources=app-only; evidence_combo=S; raw_ids=API-APP-0143; method=∅; method_source=∅; auth=bearer-or-token-header; entities=auto_backup_config,batch_config_response,intro_splash_config; services=accounting_api_service,agent_api_service,ai_api_service,analytics_api_service,api_service,app_tool_badge_api_service,article_api_service,auth_api_service"
API-N-0197,admin/grooming,path-heuristic-medium,app-only,/api/admin/grooming/detail/,I,merged app+web baselines,normalized|app-only|P1|method=inferred,"sources=app-only; evidence_combo=S+I; raw_ids=API-APP-0144; method=get; method_source=path-heuristic-medium; auth=bearer-or-token-header; entities=-; services=accounting_api_service,agent_api_service,ai_api_service,analytics_api_service,api_service,app_tool_badge_api_service,article_api_service,auth_api_service"
API-N-0198,admin/grooming,path-heuristic-medium,app-only,/api/admin/grooming/list,I,merged app+web baselines,normalized|app-only|P1|method=inferred,"sources=app-only; evidence_combo=S+I; raw_ids=API-APP-0145; method=get; method_source=path-heuristic-medium; auth=bearer-or-token-header; entities=-; services=accounting_api_service,agent_api_service,ai_api_service,analytics_api_service,api_service,app_tool_badge_api_service,article_api_service,auth_api_service"
API-N-0199,admin/grooming,app-only,app-only,/api/admin/grooming/operate,S,merged app+web baselines,normalized|app-only|P1|method=unknown,"sources=app-only; evidence_combo=S; raw_ids=API-APP-0146; method=∅; method_source=∅; auth=bearer-or-token-header; entities=-; services=accounting_api_service,agent_api_service,ai_api_service,analytics_api_service,api_service,app_tool_badge_api_service,article_api_service,auth_api_service"
API-N-0200,admin/loans,web-admin-named-request,web-only,/api/admin/loans,W,merged app+web baselines,normalized|web-only|P2|method=web,"sources=web-only; evidence_combo=W; raw_ids=API-WEB-0086; method=get; method_source=web-admin-named-request; auth=bearer-or-token-header; entities=-; services=accounting_api_service,agent_api_service,ai_api_service,analytics_api_service,api_service,app_tool_badge_api_service,article_api_service,auth_api_service"
API-N-0201,admin/loans,web-admin-named-request,web-only,/api/admin/loans/add,W,merged app+web baselines,normalized|web-only|P2|method=web,"sources=web-only; evidence_combo=W; raw_ids=API-WEB-0087; method=post; method_source=web-admin-named-request; auth=bearer-or-token-header; entities=-; services=accounting_api_service,agent_api_service,ai_api_service,analytics_api_service,api_service,app_tool_badge_api_service,article_api_service,auth_api_service"
API-N-0202,admin/loans,web-admin-named-request,web-only,/api/admin/loans/cat,W,merged app+web baselines,normalized|web-only|P2|method=web,"sources=web-only; evidence_combo=W; raw_ids=API-WEB-0088; method=get; method_source=web-admin-named-request; auth=bearer-or-token-header; entities=cat,cat_sort_item,cat_tag,cat_variety,cat_weight,cat_with_weight; services=accounting_api_service,agent_api_service,ai_api_service,analytics_api_service,api_service,app_tool_badge_api_service,article_api_service,auth_api_service"
API-N-0203,admin/loans,web-admin-named-request,web-only,/api/admin/loans/cat/add,W,merged app+web baselines,normalized|web-only|P2|method=web,"sources=web-only; evidence_combo=W; raw_ids=API-WEB-0089; method=post; method_source=web-admin-named-request; auth=bearer-or-token-header; entities=cat,cat_sort_item,cat_tag,cat_variety,cat_weight,cat_with_weight; services=accounting_api_service,agent_api_service,ai_api_service,analytics_api_service,api_service,app_tool_badge_api_service,article_api_service,auth_api_service"
API-N-0204,admin/loans,web-admin-named-request,web-only,/api/admin/loans/cat/delete/:id,W,merged app+web baselines,normalized|web-only|P2|method=web,"sources=web-only; evidence_combo=W; raw_ids=API-WEB-0090; method=delete; method_source=web-admin-named-request; auth=bearer-or-token-header; entities=cat,cat_sort_item,cat_tag,cat_variety,cat_weight,cat_with_weight; services=accounting_api_service,agent_api_service,ai_api_service,analytics_api_service,api_service,app_tool_badge_api_service,article_api_service,auth_api_service"
API-N-0205,admin/loans,web-admin-named-request,web-only,/api/admin/loans/cat/update/:id,W,merged app+web baselines,normalized|web-only|P2|method=web,"sources=web-only; evidence_combo=W; raw_ids=API-WEB-0091; method=put; method_source=web-admin-named-request; auth=bearer-or-token-header; entities=cat,cat_sort_item,cat_tag,cat_variety,cat_weight,cat_with_weight; services=accounting_api_service,agent_api_service,ai_api_service,analytics_api_service,api_service,app_tool_badge_api_service,article_api_service,auth_api_service"
API-N-0206,admin/loans,web-admin-named-request,web-only,/api/admin/loans/delete/:id,W,merged app+web baselines,normalized|web-only|P2|method=web,"sources=web-only; evidence_combo=W; raw_ids=API-WEB-0092; method=delete; method_source=web-admin-named-request; auth=bearer-or-token-header; entities=-; services=accounting_api_service,agent_api_service,ai_api_service,analytics_api_service,api_service,app_tool_badge_api_service,article_api_service,auth_api_service"
API-N-0207,admin/loans,web-admin-named-request,web-only,/api/admin/loans/detail/:id,W,merged app+web baselines,normalized|web-only|P2|method=web,"sources=web-only; evidence_combo=W; raw_ids=API-WEB-0093; method=get; method_source=web-admin-named-request; auth=bearer-or-token-header; entities=-; services=accounting_api_service,agent_api_service,ai_api_service,analytics_api_service,api_service,app_tool_badge_api_service,article_api_service,auth_api_service"
API-N-0208,admin/loans,web-admin-named-request,web-only,/api/admin/loans/rule,W,merged app+web baselines,normalized|web-only|P2|method=web,"sources=web-only; evidence_combo=W; raw_ids=API-WEB-0094; method=get; method_source=web-admin-named-request; auth=bearer-or-token-header; entities=-; services=accounting_api_service,agent_api_service,ai_api_service,analytics_api_service,api_service,app_tool_badge_api_service,article_api_service,auth_api_service"
API-N-0209,admin/loans,web-admin-named-request,web-only,/api/admin/loans/rule/set,W,merged app+web baselines,normalized|web-only|P2|method=web,"sources=web-only; evidence_combo=W; raw_ids=API-WEB-0095; method=post; method_source=web-admin-named-request; auth=bearer-or-token-header; entities=-; services=accounting_api_service,agent_api_service,ai_api_service,analytics_api_service,api_service,app_tool_badge_api_service,article_api_service,auth_api_service"
API-N-0210,admin/loans,web-admin-named-request,web-only,/api/admin/loans/update/:id,W,merged app+web baselines,normalized|web-only|P2|method=web,"sources=web-only; evidence_combo=W; raw_ids=API-WEB-0096; method=put; method_source=web-admin-named-request; auth=bearer-or-token-header; entities=-; services=accounting_api_service,agent_api_service,ai_api_service,analytics_api_service,api_service,app_tool_badge_api_service,article_api_service,auth_api_service"
API-N-0211,admin/loans,web-admin-named-request,web-only,/api/admin/loans/update/:id/user,W,merged app+web baselines,normalized|web-only|P2|method=web,"sources=web-only; evidence_combo=W; raw_ids=API-WEB-0097; method=put; method_source=web-admin-named-request; auth=bearer-or-token-header; entities=user,user_info; services=accounting_api_service,agent_api_service,ai_api_service,analytics_api_service,api_service,app_tool_badge_api_service,article_api_service,auth_api_service"
API-N-0212,admin/login,web-admin-named-request,web-only,/api/admin/login,W,merged app+web baselines,normalized|web-only|P2|method=web,"sources=web-only; evidence_combo=W; raw_ids=API-WEB-0098; method=post; method_source=web-admin-named-request; auth=likely-public-or-pre-session; entities=-; services=accounting_api_service,agent_api_service,ai_api_service,analytics_api_service,api_service,app_tool_badge_api_service,article_api_service,auth_api_service"
API-N-0213,admin/marketing,web-admin-named-request,web-only,/api/admin/marketing/breeding/info,W,merged app+web baselines,normalized|web-only|P2|method=web,"sources=web-only; evidence_combo=W; raw_ids=API-WEB-0099; method=get; method_source=web-admin-named-request; auth=bearer-or-token-header; entities=audit_info,breeding_plan,breeding_plan_filter,breeding_plan_form,breeding_plan_reminder,breeding_transaction,cdn_traffic_info,door_info; services=accounting_api_service,agent_api_service,ai_api_service,analytics_api_service,api_service,app_tool_badge_api_service,article_api_service,auth_api_service"
API-N-0214,admin/marketing,web-admin-named-request,web-only,/api/admin/marketing/breeding/king/profile,W,merged app+web baselines,normalized|web-only|P2|method=web,"sources=web-only; evidence_combo=W; raw_ids=API-WEB-0100; method=post; method_source=web-admin-named-request; auth=bearer-or-token-header; entities=breeding_plan,breeding_plan_filter,breeding_plan_form,breeding_plan_reminder,breeding_transaction,paginated_breeding_plan_response; services=accounting_api_service,agent_api_service,ai_api_service,analytics_api_service,api_service,app_tool_badge_api_service,article_api_service,auth_api_service"
API-N-0215,admin/marketing,web-admin-named-request,web-only,/api/admin/marketing/breeding/leaderboard,W,merged app+web baselines,normalized|web-only|P2|method=web,"sources=web-only; evidence_combo=W; raw_ids=API-WEB-0101; method=get; method_source=web-admin-named-request; auth=bearer-or-token-header; entities=breeding_plan,breeding_plan_filter,breeding_plan_form,breeding_plan_reminder,breeding_transaction,paginated_breeding_plan_response; services=accounting_api_service,agent_api_service,ai_api_service,analytics_api_service,api_service,app_tool_badge_api_service,article_api_service,auth_api_service"
API-N-0216,admin/marketing,web-admin-named-request,web-only,/api/admin/marketing/breeding/public/info,W,merged app+web baselines,normalized|web-only|P2|method=web,"sources=web-only; evidence_combo=W; raw_ids=API-WEB-0102; method=get; method_source=web-admin-named-request; auth=bearer-or-token-header; entities=audit_info,breeding_plan,breeding_plan_filter,breeding_plan_form,breeding_plan_reminder,breeding_transaction,cdn_traffic_info,door_info; services=accounting_api_service,agent_api_service,ai_api_service,analytics_api_service,api_service,app_tool_badge_api_service,article_api_service,auth_api_service"
API-N-0217,admin/marketing,web-admin-named-request,web-only,/api/admin/marketing/breeding/public/leaderboard,W,merged app+web baselines,normalized|web-only|P2|method=web,"sources=web-only; evidence_combo=W; raw_ids=API-WEB-0103; method=get; method_source=web-admin-named-request; auth=bearer-or-token-header; entities=breeding_plan,breeding_plan_filter,breeding_plan_form,breeding_plan_reminder,breeding_transaction,paginated_breeding_plan_response; services=accounting_api_service,agent_api_service,ai_api_service,analytics_api_service,api_service,app_tool_badge_api_service,article_api_service,auth_api_service"
API-N-0218,admin/marketing,web-admin-named-request,web-only,/api/admin/marketing/breeding/share,W,merged app+web baselines,normalized|web-only|P2|method=web,"sources=web-only; evidence_combo=W; raw_ids=API-WEB-0104; method=post; method_source=web-admin-named-request; auth=bearer-or-token-header; entities=breeding_plan,breeding_plan_filter,breeding_plan_form,breeding_plan_reminder,breeding_transaction,paginated_breeding_plan_response; services=accounting_api_service,agent_api_service,ai_api_service,analytics_api_service,api_service,app_tool_badge_api_service,article_api_service,auth_api_service"
API-N-0219,admin/marketing,web-admin-named-request,web-only,/api/admin/marketing/breeding/start,W,merged app+web baselines,normalized|web-only|P2|method=web,"sources=web-only; evidence_combo=W; raw_ids=API-WEB-0105; method=post; method_source=web-admin-named-request; auth=bearer-or-token-header; entities=breeding_plan,breeding_plan_filter,breeding_plan_form,breeding_plan_reminder,breeding_transaction,paginated_breeding_plan_response; services=accounting_api_service,agent_api_service,ai_api_service,analytics_api_service,api_service,app_tool_badge_api_service,article_api_service,auth_api_service"
API-N-0220,admin/marketing,web-admin-named-request,web-only,/api/admin/marketing/breeding/submit,W,merged app+web baselines,normalized|web-only|P2|method=web,"sources=web-only; evidence_combo=W; raw_ids=API-WEB-0106; method=post; method_source=web-admin-named-request; auth=bearer-or-token-header; entities=breeding_plan,breeding_plan_filter,breeding_plan_form,breeding_plan_reminder,breeding_transaction,paginated_breeding_plan_response; services=accounting_api_service,agent_api_service,ai_api_service,analytics_api_service,api_service,app_tool_badge_api_service,article_api_service,auth_api_service"
API-N-0221,admin/marketing,app-only,app-only,/api/admin/marketing/campaign/,S,merged app+web baselines,normalized|app-only|P2|method=unknown,"sources=app-only; evidence_combo=S; raw_ids=API-APP-0147; method=∅; method_source=∅; auth=bearer-or-token-header; entities=campaign,campaign_material; services=accounting_api_service,agent_api_service,ai_api_service,analytics_api_service,api_service,app_tool_badge_api_service,article_api_service,auth_api_service"
API-N-0222,admin/marketing,path-heuristic-medium,app-only,/api/admin/marketing/campaign/create,I,merged app+web baselines,normalized|app-only|P2|method=inferred,"sources=app-only; evidence_combo=S+I; raw_ids=API-APP-0148; method=post; method_source=path-heuristic-medium; auth=bearer-or-token-header; entities=campaign,campaign_material; services=accounting_api_service,agent_api_service,ai_api_service,analytics_api_service,api_service,app_tool_badge_api_service,article_api_service,auth_api_service"
API-N-0223,admin/marketing,app-only,app-only,/api/admin/marketing/campaigns,S,merged app+web baselines,normalized|app-only|P2|method=unknown,"sources=app-only; evidence_combo=S; raw_ids=API-APP-0149,API-APP-0150; method=∅; method_source=∅; auth=bearer-or-token-header; entities=campaign; services=accounting_api_service,agent_api_service,ai_api_service,analytics_api_service,api_service,app_tool_badge_api_service,article_api_service,auth_api_service"
API-N-0224,admin/membership,web-admin-named-request,app-only,/api/admin/membership/,S,merged app+web baselines,normalized|app-only|P0|method=web,"sources=app-only; evidence_combo=S; raw_ids=API-APP-0151; method=get; method_source=web-admin-named-request; auth=bearer-or-token-header; entities=membership,membership_info; services=accounting_api_service,agent_api_service,ai_api_service,analytics_api_service,api_service,app_tool_badge_api_service,article_api_service,auth_api_service"
API-N-0225,admin/membership,web-admin-named-request,web-only,/api/admin/membership/:user_id,W,merged app+web baselines,normalized|web-only|P0|method=web,"sources=web-only; evidence_combo=W; raw_ids=API-WEB-0107; method=get; method_source=web-admin-named-request; auth=bearer-or-token-header; entities=membership,membership_info,user,user_info; services=accounting_api_service,agent_api_service,ai_api_service,analytics_api_service,api_service,app_tool_badge_api_service,article_api_service,auth_api_service"
API-N-0226,admin/membership,web-admin-named-request,web-only,/api/admin/membership/:user_id/level,W,merged app+web baselines,normalized|web-only|P0|method=web,"sources=web-only; evidence_combo=W; raw_ids=API-WEB-0108; method=put; method_source=web-admin-named-request; auth=bearer-or-token-header; entities=member_level,membership,membership_info,user,user_info; services=accounting_api_service,agent_api_service,ai_api_service,analytics_api_service,api_service,app_tool_badge_api_service,article_api_service,auth_api_service"
API-N-0227,admin/membership,web-admin-named-request,shared,/api/admin/membership/levels | /api/admin/membership/levels/,S,merged app+web baselines,normalized|shared|P0|method=web,"sources=shared; evidence_combo=S+W; raw_ids=API-APP-0152,API-APP-0153,API-WEB-0109; method=post; method_source=web-admin-named-request; auth=bearer-or-token-header; entities=membership,membership_info; services=accounting_api_service,agent_api_service,ai_api_service,analytics_api_service,api_service,app_tool_badge_api_service,article_api_service,auth_api_service"
API-N-0228,admin/membership,web-admin-named-request,web-only,/api/admin/membership/levels/:id,W,merged app+web baselines,normalized|web-only|P0|method=web,"sources=web-only; evidence_combo=W; raw_ids=API-WEB-0110; method=delete; method_source=web-admin-named-request; auth=bearer-or-token-header; entities=membership,membership_info; services=accounting_api_service,agent_api_service,ai_api_service,analytics_api_service,api_service,app_tool_badge_api_service,article_api_service,auth_api_service"
API-N-0229,admin/membership,web-admin-named-request,web-only,/api/admin/membership/stats,W,merged app+web baselines,normalized|web-only|P0|method=web,"sources=web-only; evidence_combo=W; raw_ids=API-WEB-0111; method=get; method_source=web-admin-named-request; auth=bearer-or-token-header; entities=membership,membership_info; services=accounting_api_service,agent_api_service,ai_api_service,analytics_api_service,api_service,app_tool_badge_api_service,article_api_service,auth_api_service"
API-N-0230,admin/merchant,web-admin-named-request,shared,/api/admin/merchant,S,merged app+web baselines,normalized|shared|P0|method=web,"sources=shared; evidence_combo=S+W; raw_ids=API-APP-0154,API-WEB-0112; method=get; method_source=web-admin-named-request; auth=bearer-or-token-header; entities=merchant_info; services=accounting_api_service,agent_api_service,ai_api_service,analytics_api_service,api_service,app_tool_badge_api_service,article_api_service,auth_api_service"
API-N-0231,admin/merchant,web-admin-named-request,shared,/api/admin/merchant/create,S,merged app+web baselines,normalized|shared|P0|method=web,"sources=shared; evidence_combo=S+W; raw_ids=API-APP-0155,API-WEB-0113; method=post; method_source=web-admin-named-request; auth=bearer-or-token-header; entities=merchant_info; services=accounting_api_service,agent_api_service,ai_api_service,analytics_api_service,api_service,app_tool_badge_api_service,article_api_service,auth_api_service"
API-N-0232,admin/merchant,path-heuristic-medium,app-only,/api/admin/merchant/set-type,I,merged app+web baselines,normalized|app-only|P0|method=inferred,"sources=app-only; evidence_combo=S+I; raw_ids=API-APP-0156; method=put; method_source=path-heuristic-medium; auth=bearer-or-token-header; entities=link_type,merchant_info; services=accounting_api_service,agent_api_service,ai_api_service,analytics_api_service,api_service,app_tool_badge_api_service,article_api_service,auth_api_service"
API-N-0233,admin/merchant,app-only,app-only,/api/admin/merchant/theme,S,merged app+web baselines,normalized|app-only|P0|method=unknown,"sources=app-only; evidence_combo=S; raw_ids=API-APP-0157; method=∅; method_source=∅; auth=bearer-or-token-header; entities=merchant_info,theme_info; services=accounting_api_service,agent_api_service,ai_api_service,analytics_api_service,api_service,app_tool_badge_api_service,article_api_service,auth_api_service"
API-N-0234,admin/merchant,app-only,app-only,/api/admin/merchant/theme/home,S,merged app+web baselines,normalized|app-only|P0|method=unknown,"sources=app-only; evidence_combo=S; raw_ids=API-APP-0158; method=∅; method_source=∅; auth=bearer-or-token-header; entities=merchant_info,theme_info; services=accounting_api_service,agent_api_service,ai_api_service,analytics_api_service,api_service,app_tool_badge_api_service,article_api_service,auth_api_service"
API-N-0235,admin/merchant,app-only,app-only,/api/admin/merchant/theme/intro-splash,S,merged app+web baselines,normalized|app-only|P0|method=unknown,"sources=app-only; evidence_combo=S; raw_ids=API-APP-0159; method=∅; method_source=∅; auth=bearer-or-token-header; entities=intro_splash_config,merchant_info,theme_info; services=accounting_api_service,agent_api_service,ai_api_service,analytics_api_service,api_service,app_tool_badge_api_service,article_api_service,auth_api_service"
API-N-0236,admin/merchant,web-admin-named-request,shared,/api/admin/merchant/update,S,merged app+web baselines,normalized|shared|P0|method=web,"sources=shared; evidence_combo=S+W; raw_ids=API-APP-0160,API-WEB-0114; method=put; method_source=web-admin-named-request; auth=bearer-or-token-header; entities=merchant_info; services=accounting_api_service,agent_api_service,ai_api_service,analytics_api_service,api_service,app_tool_badge_api_service,article_api_service,auth_api_service"
API-N-0237,admin/operation,app-only,app-only,/api/admin/operation/banners,S,merged app+web baselines,normalized|app-only|P2|method=unknown,"sources=app-only; evidence_combo=S; raw_ids=API-APP-0161; method=∅; method_source=∅; auth=bearer-or-token-header; entities=banner; services=accounting_api_service,agent_api_service,ai_api_service,analytics_api_service,api_service,app_tool_badge_api_service,article_api_service,auth_api_service"
API-N-0238,admin/orders,web-admin-named-request,web-only,/api/admin/orders,W,merged app+web baselines,normalized|web-only|P2|method=web,"sources=web-only; evidence_combo=W; raw_ids=API-WEB-0115; method=get; method_source=web-admin-named-request; auth=bearer-or-token-header; entities=-; services=accounting_api_service,agent_api_service,ai_api_service,analytics_api_service,api_service,app_tool_badge_api_service,article_api_service,auth_api_service"
API-N-0239,admin/orders,web-admin-named-request,web-only,/api/admin/orders/:id,W,merged app+web baselines,normalized|web-only|P2|method=web,"sources=web-only; evidence_combo=W; raw_ids=API-WEB-0116; method=get; method_source=web-admin-named-request; auth=bearer-or-token-header; entities=-; services=accounting_api_service,agent_api_service,ai_api_service,analytics_api_service,api_service,app_tool_badge_api_service,article_api_service,auth_api_service"
API-N-0240,admin/orders,web-admin-named-request,web-only,/api/admin/orders/:id/pay-balance,W,merged app+web baselines,normalized|web-only|P2|method=web,"sources=web-only; evidence_combo=W; raw_ids=API-WEB-0117; method=post; method_source=web-admin-named-request; auth=bearer-or-token-header; entities=-; services=accounting_api_service,agent_api_service,ai_api_service,analytics_api_service,api_service,app_tool_badge_api_service,article_api_service,auth_api_service"
API-N-0241,admin/orders,web-admin-named-request,web-only,/api/admin/orders/:id/qrcode,W,merged app+web baselines,normalized|web-only|P2|method=web,"sources=web-only; evidence_combo=W; raw_ids=API-WEB-0118; method=get; method_source=web-admin-named-request; auth=bearer-or-token-header; entities=-; services=accounting_api_service,agent_api_service,ai_api_service,analytics_api_service,api_service,app_tool_badge_api_service,article_api_service,auth_api_service"
API-N-0242,admin/orders,web-admin-named-request,web-only,/api/admin/orders/:id/status,W,merged app+web baselines,normalized|web-only|P2|method=web,"sources=web-only; evidence_combo=W; raw_ids=API-WEB-0119; method=put; method_source=web-admin-named-request; auth=bearer-or-token-header; entities=daily_health_status; services=accounting_api_service,agent_api_service,ai_api_service,analytics_api_service,api_service,app_tool_badge_api_service,article_api_service,auth_api_service"
API-N-0243,admin/orders,web-admin-named-request,web-only,/api/admin/orders/manual,W,merged app+web baselines,normalized|web-only|P2|method=web,"sources=web-only; evidence_combo=W; raw_ids=API-WEB-0120; method=post; method_source=web-admin-named-request; auth=bearer-or-token-header; entities=-; services=accounting_api_service,agent_api_service,ai_api_service,analytics_api_service,api_service,app_tool_badge_api_service,article_api_service,auth_api_service"
API-N-0244,admin/pet-bean,web-admin-named-request,web-only,/api/admin/pet-bean/consume,W,merged app+web baselines,normalized|web-only|P2|method=web,"sources=web-only; evidence_combo=W; raw_ids=API-WEB-0121; method=post; method_source=web-admin-named-request; auth=bearer-or-token-header; entities=-; services=accounting_api_service,agent_api_service,ai_api_service,analytics_api_service,api_service,app_tool_badge_api_service,article_api_service,auth_api_service"
API-N-0245,admin/pet-bean,web-admin-named-request,web-only,/api/admin/pet-bean/grant,W,merged app+web baselines,normalized|web-only|P2|method=web,"sources=web-only; evidence_combo=W; raw_ids=API-WEB-0122; method=post; method_source=web-admin-named-request; auth=bearer-or-token-header; entities=-; services=accounting_api_service,agent_api_service,ai_api_service,analytics_api_service,api_service,app_tool_badge_api_service,article_api_service,auth_api_service"
API-N-0246,admin/pet-bean,web-admin-named-request,web-only,/api/admin/pet-bean/logs,W,merged app+web baselines,normalized|web-only|P2|method=web,"sources=web-only; evidence_combo=W; raw_ids=API-WEB-0123; method=get; method_source=web-admin-named-request; auth=bearer-or-token-header; entities=-; services=accounting_api_service,agent_api_service,ai_api_service,analytics_api_service,api_service,app_tool_badge_api_service,article_api_service,auth_api_service"
API-N-0247,admin/pet-bean,web-admin-named-request,web-only,/api/admin/pet-bean/order/:order_id/status,W,merged app+web baselines,normalized|web-only|P2|method=web,"sources=web-only; evidence_combo=W; raw_ids=API-WEB-0124; method=get; method_source=web-admin-named-request; auth=bearer-or-token-header; entities=daily_health_status; services=accounting_api_service,agent_api_service,ai_api_service,analytics_api_service,api_service,app_tool_badge_api_service,article_api_service,auth_api_service"
API-N-0248,admin/pet-bean,web-admin-named-request,web-only,/api/admin/pet-bean/order/create,W,merged app+web baselines,normalized|web-only|P2|method=web,"sources=web-only; evidence_combo=W; raw_ids=API-WEB-0125; method=post; method_source=web-admin-named-request; auth=bearer-or-token-header; entities=-; services=accounting_api_service,agent_api_service,ai_api_service,analytics_api_service,api_service,app_tool_badge_api_service,article_api_service,auth_api_service"
API-N-0249,admin/pet-bean,web-admin-named-request,web-only,/api/admin/pet-bean/packages,W,merged app+web baselines,normalized|web-only|P2|method=web,"sources=web-only; evidence_combo=W; raw_ids=API-WEB-0126; method=get; method_source=web-admin-named-request; auth=bearer-or-token-header; entities=-; services=accounting_api_service,agent_api_service,ai_api_service,analytics_api_service,api_service,app_tool_badge_api_service,article_api_service,auth_api_service"
API-N-0250,admin/pet-bean,web-admin-named-request,web-only,/api/admin/pet-bean/verify-iap,W,merged app+web baselines,normalized|web-only|P2|method=web,"sources=web-only; evidence_combo=W; raw_ids=API-WEB-0127; method=post; method_source=web-admin-named-request; auth=bearer-or-token-header; entities=-; services=accounting_api_service,agent_api_service,ai_api_service,analytics_api_service,api_service,app_tool_badge_api_service,article_api_service,auth_api_service"
API-N-0251,admin/pet-bean,web-admin-named-request,web-only,/api/admin/pet-bean/wallet,W,merged app+web baselines,normalized|web-only|P2|method=web,"sources=web-only; evidence_combo=W; raw_ids=API-WEB-0128; method=get; method_source=web-admin-named-request; auth=bearer-or-token-header; entities=-; services=accounting_api_service,agent_api_service,ai_api_service,analytics_api_service,api_service,app_tool_badge_api_service,article_api_service,auth_api_service"
API-N-0252,admin/pet,app-only,app-only,/api/admin/pet/transfer/,S,merged app+web baselines,normalized|app-only|P2|method=unknown,"sources=app-only; evidence_combo=S; raw_ids=API-APP-0162; method=∅; method_source=∅; auth=bearer-or-token-header; entities=-; services=accounting_api_service,agent_api_service,ai_api_service,analytics_api_service,api_service,app_tool_badge_api_service,article_api_service,auth_api_service"
API-N-0253,admin/pet,web-admin-named-request,web-only,/api/admin/pet/transfer/:code/accept,W,merged app+web baselines,normalized|web-only|P2|method=web,"sources=web-only; evidence_combo=W; raw_ids=API-WEB-0129; method=post; method_source=web-admin-named-request; auth=bearer-or-token-header; entities=-; services=accounting_api_service,agent_api_service,ai_api_service,analytics_api_service,api_service,app_tool_badge_api_service,article_api_service,auth_api_service"
API-N-0254,admin/pet,web-admin-named-request,web-only,/api/admin/pet/transfer/:code/cancel,W,merged app+web baselines,normalized|web-only|P2|method=web,"sources=web-only; evidence_combo=W; raw_ids=API-WEB-0130; method=post; method_source=web-admin-named-request; auth=bearer-or-token-header; entities=-; services=accounting_api_service,agent_api_service,ai_api_service,analytics_api_service,api_service,app_tool_badge_api_service,article_api_service,auth_api_service"
API-N-0255,admin/pet,web-admin-named-request,shared,/api/admin/pet/transfer/create,S,merged app+web baselines,normalized|shared|P2|method=web,"sources=shared; evidence_combo=S+W; raw_ids=API-APP-0163,API-WEB-0131; method=post; method_source=web-admin-named-request; auth=bearer-or-token-header; entities=-; services=accounting_api_service,agent_api_service,ai_api_service,analytics_api_service,api_service,app_tool_badge_api_service,article_api_service,auth_api_service"
API-N-0256,admin/pet,web-admin-named-request,shared,/api/admin/pet/transfer/list,S,merged app+web baselines,normalized|shared|P2|method=web,"sources=shared; evidence_combo=S+W; raw_ids=API-APP-0164,API-WEB-0132; method=get; method_source=web-admin-named-request; auth=bearer-or-token-header; entities=-; services=accounting_api_service,agent_api_service,ai_api_service,analytics_api_service,api_service,app_tool_badge_api_service,article_api_service,auth_api_service"
API-N-0257,admin/pet,app-only,app-only,/api/admin/pet/transfer/receivedr,S,merged app+web baselines,normalized|app-only|P2|method=unknown,"sources=app-only; evidence_combo=S; raw_ids=API-APP-0165; method=∅; method_source=∅; auth=bearer-or-token-header; entities=-; services=accounting_api_service,agent_api_service,ai_api_service,analytics_api_service,api_service,app_tool_badge_api_service,article_api_service,auth_api_service"
API-N-0258,admin/point,web-admin-named-request,web-only,/api/admin/point/activities,W,merged app+web baselines,normalized|web-only|P1|method=web,"sources=web-only; evidence_combo=W; raw_ids=API-WEB-0133; method=post; method_source=web-admin-named-request; auth=bearer-or-token-header; entities=-; services=accounting_api_service,agent_api_service,ai_api_service,analytics_api_service,api_service,app_tool_badge_api_service,article_api_service,auth_api_service"
API-N-0259,admin/point,web-admin-named-request,web-only,/api/admin/point/activities/:id,W,merged app+web baselines,normalized|web-only|P1|method=web,"sources=web-only; evidence_combo=W; raw_ids=API-WEB-0134; method=delete; method_source=web-admin-named-request; auth=bearer-or-token-header; entities=-; services=accounting_api_service,agent_api_service,ai_api_service,analytics_api_service,api_service,app_tool_badge_api_service,article_api_service,auth_api_service"
API-N-0260,admin/point,web-admin-named-request,shared,/api/admin/point/adjust,S,merged app+web baselines,normalized|shared|P1|method=web,"sources=shared; evidence_combo=S+W; raw_ids=API-APP-0166,API-WEB-0135; method=post; method_source=web-admin-named-request; auth=bearer-or-token-header; entities=-; services=accounting_api_service,agent_api_service,ai_api_service,analytics_api_service,api_service,app_tool_badge_api_service,article_api_service,auth_api_service"
API-N-0261,admin/point,web-admin-named-request,shared,/api/admin/point/logs,S,merged app+web baselines,normalized|shared|P1|method=web,"sources=shared; evidence_combo=S+W; raw_ids=API-APP-0167,API-WEB-0136; method=get; method_source=web-admin-named-request; auth=bearer-or-token-header; entities=-; services=accounting_api_service,agent_api_service,ai_api_service,analytics_api_service,api_service,app_tool_badge_api_service,article_api_service,auth_api_service"
API-N-0262,admin/point,web-admin-named-request,web-only,/api/admin/point/products,W,merged app+web baselines,normalized|web-only|P1|method=web,"sources=web-only; evidence_combo=W; raw_ids=API-WEB-0137; method=post; method_source=web-admin-named-request; auth=bearer-or-token-header; entities=-; services=accounting_api_service,agent_api_service,ai_api_service,analytics_api_service,api_service,app_tool_badge_api_service,article_api_service,auth_api_service"
API-N-0263,admin/point,web-admin-named-request,web-only,/api/admin/point/products/:id,W,merged app+web baselines,normalized|web-only|P1|method=web,"sources=web-only; evidence_combo=W; raw_ids=API-WEB-0138; method=delete; method_source=web-admin-named-request; auth=bearer-or-token-header; entities=-; services=accounting_api_service,agent_api_service,ai_api_service,analytics_api_service,api_service,app_tool_badge_api_service,article_api_service,auth_api_service"
API-N-0264,admin/point,web-admin-named-request,web-only,/api/admin/point/rules,W,merged app+web baselines,normalized|web-only|P1|method=web,"sources=web-only; evidence_combo=W; raw_ids=API-WEB-0139; method=post; method_source=web-admin-named-request; auth=bearer-or-token-header; entities=-; services=accounting_api_service,agent_api_service,ai_api_service,analytics_api_service,api_service,app_tool_badge_api_service,article_api_service,auth_api_service"
API-N-0265,admin/point,web-admin-named-request,web-only,/api/admin/point/rules/:id,W,merged app+web baselines,normalized|web-only|P1|method=web,"sources=web-only; evidence_combo=W; raw_ids=API-WEB-0140; method=delete; method_source=web-admin-named-request; auth=bearer-or-token-header; entities=-; services=accounting_api_service,agent_api_service,ai_api_service,analytics_api_service,api_service,app_tool_badge_api_service,article_api_service,auth_api_service"
API-N-0266,admin/point,web-admin-named-request,web-only,/api/admin/point/settings,W,merged app+web baselines,normalized|web-only|P1|method=web,"sources=web-only; evidence_combo=W; raw_ids=API-WEB-0141; method=put; method_source=web-admin-named-request; auth=bearer-or-token-header; entities=-; services=accounting_api_service,agent_api_service,ai_api_service,analytics_api_service,api_service,app_tool_badge_api_service,article_api_service,auth_api_service"
API-N-0267,admin/point,web-admin-named-request,web-only,/api/admin/point/sign-config,W,merged app+web baselines,normalized|web-only|P1|method=web,"sources=web-only; evidence_combo=W; raw_ids=API-WEB-0142; method=put; method_source=web-admin-named-request; auth=bearer-or-token-header; entities=auto_backup_config,batch_config_response,intro_splash_config; services=accounting_api_service,agent_api_service,ai_api_service,analytics_api_service,api_service,app_tool_badge_api_service,article_api_service,auth_api_service"
API-N-0268,admin/point,web-admin-named-request,web-only,/api/admin/point/stats,W,merged app+web baselines,normalized|web-only|P1|method=web,"sources=web-only; evidence_combo=W; raw_ids=API-WEB-0143; method=get; method_source=web-admin-named-request; auth=bearer-or-token-header; entities=-; services=accounting_api_service,agent_api_service,ai_api_service,analytics_api_service,api_service,app_tool_badge_api_service,article_api_service,auth_api_service"
API-N-0269,admin/product,web-admin-named-request,shared,/api/admin/product,S,merged app+web baselines,normalized|shared|P1|method=web,"sources=shared; evidence_combo=S+W; raw_ids=API-APP-0168,API-WEB-0144; method=get; method_source=web-admin-named-request; auth=bearer-or-token-header; entities=confirm_production_request,product_info; services=accounting_api_service,agent_api_service,ai_api_service,analytics_api_service,api_service,app_tool_badge_api_service,article_api_service,auth_api_service"
API-N-0270,admin/public,app-only,app-only,/api/admin/public/growth/event,S,merged app+web baselines,normalized|app-only|P2|method=unknown,"sources=app-only; evidence_combo=S; raw_ids=API-APP-0169; method=∅; method_source=∅; auth=bearer-or-token-header; entities=event_record,event_reminder; services=accounting_api_service,agent_api_service,ai_api_service,analytics_api_service,api_service,app_tool_badge_api_service,article_api_service,auth_api_service"
API-N-0271,admin/public,app-only,app-only,/api/admin/public/pet/transfer/,S,merged app+web baselines,normalized|app-only|P2|method=unknown,"sources=app-only; evidence_combo=S; raw_ids=API-APP-0170; method=∅; method_source=∅; auth=bearer-or-token-header; entities=-; services=accounting_api_service,agent_api_service,ai_api_service,analytics_api_service,api_service,app_tool_badge_api_service,article_api_service,auth_api_service"
API-N-0272,admin/public,web-admin-named-request,web-only,/api/admin/public/pet/transfer/:code/info,W,merged app+web baselines,normalized|web-only|P2|method=web,"sources=web-only; evidence_combo=W; raw_ids=API-WEB-0145; method=get; method_source=web-admin-named-request; auth=bearer-or-token-header; entities=audit_info,cdn_traffic_info,door_info,knife_info,member_info,membership_info,merchant_info,mini_program_info; services=accounting_api_service,agent_api_service,ai_api_service,analytics_api_service,api_service,app_tool_badge_api_service,article_api_service,auth_api_service"
API-N-0273,admin/public,app-only,app-only,/api/admin/public/referral/,S,merged app+web baselines,normalized|app-only|P2|method=unknown,"sources=app-only; evidence_combo=S; raw_ids=API-APP-0171; method=∅; method_source=∅; auth=bearer-or-token-header; entities=-; services=accounting_api_service,agent_api_service,ai_api_service,analytics_api_service,api_service,app_tool_badge_api_service,article_api_service,auth_api_service"
API-N-0274,admin/queues,web-admin-named-request,shared,/api/admin/queues,S,merged app+web baselines,normalized|shared|P1|method=web,"sources=shared; evidence_combo=S+W; raw_ids=API-APP-0172,API-WEB-0146; method=get; method_source=web-admin-named-request; auth=bearer-or-token-header; entities=queue_info; services=accounting_api_service,agent_api_service,ai_api_service,analytics_api_service,api_service,app_tool_badge_api_service,article_api_service,auth_api_service"
API-N-0275,admin/queues,web-admin-named-request,shared,/api/admin/queues/add,S,merged app+web baselines,normalized|shared|P1|method=web,"sources=shared; evidence_combo=S+W; raw_ids=API-APP-0173,API-WEB-0147; method=post; method_source=web-admin-named-request; auth=bearer-or-token-header; entities=queue_info; services=accounting_api_service,agent_api_service,ai_api_service,analytics_api_service,api_service,app_tool_badge_api_service,article_api_service,auth_api_service"
API-N-0276,admin/queues,web-admin-named-request,web-only,/api/admin/queues/delete/:id,W,merged app+web baselines,normalized|web-only|P1|method=web,"sources=web-only; evidence_combo=W; raw_ids=API-WEB-0148; method=delete; method_source=web-admin-named-request; auth=bearer-or-token-header; entities=queue_info; services=accounting_api_service,agent_api_service,ai_api_service,analytics_api_service,api_service,app_tool_badge_api_service,article_api_service,auth_api_service"
API-N-0277,admin/queues,web-admin-named-request,web-only,/api/admin/queues/detail/:id,W,merged app+web baselines,normalized|web-only|P1|method=web,"sources=web-only; evidence_combo=W; raw_ids=API-WEB-0149; method=get; method_source=web-admin-named-request; auth=bearer-or-token-header; entities=queue_info; services=accounting_api_service,agent_api_service,ai_api_service,analytics_api_service,api_service,app_tool_badge_api_service,article_api_service,auth_api_service"
API-N-0278,admin/queues,app-only,app-only,/api/admin/queues/edit/,S,merged app+web baselines,normalized|app-only|P1|method=unknown,"sources=app-only; evidence_combo=S; raw_ids=API-APP-0174; method=∅; method_source=∅; auth=bearer-or-token-header; entities=queue_info; services=accounting_api_service,agent_api_service,ai_api_service,analytics_api_service,api_service,app_tool_badge_api_service,article_api_service,auth_api_service"
API-N-0279,admin/queues,web-admin-named-request,shared,/api/admin/queues/rule,S,merged app+web baselines,normalized|shared|P1|method=web,"sources=shared; evidence_combo=S+W; raw_ids=API-APP-0175,API-WEB-0150; method=get; method_source=web-admin-named-request; auth=bearer-or-token-header; entities=queue_info; services=accounting_api_service,agent_api_service,ai_api_service,analytics_api_service,api_service,app_tool_badge_api_service,article_api_service,auth_api_service"
API-N-0280,admin/queues,web-admin-named-request,shared,/api/admin/queues/rule/set,S,merged app+web baselines,normalized|shared|P1|method=web,"sources=shared; evidence_combo=S+W; raw_ids=API-APP-0176,API-WEB-0151; method=post; method_source=web-admin-named-request; auth=bearer-or-token-header; entities=queue_info; services=accounting_api_service,agent_api_service,ai_api_service,analytics_api_service,api_service,app_tool_badge_api_service,article_api_service,auth_api_service"
API-N-0281,admin/queues,web-admin-named-request,app-only,/api/admin/queues/update/,S,merged app+web baselines,normalized|app-only|P1|method=web,"sources=app-only; evidence_combo=S; raw_ids=API-APP-0177; method=put; method_source=web-admin-named-request; auth=bearer-or-token-header; entities=queue_info; services=accounting_api_service,agent_api_service,ai_api_service,analytics_api_service,api_service,app_tool_badge_api_service,article_api_service,auth_api_service"
API-N-0282,admin/queues,web-admin-named-request,web-only,/api/admin/queues/update/:id,W,merged app+web baselines,normalized|web-only|P1|method=web,"sources=web-only; evidence_combo=W; raw_ids=API-WEB-0152; method=put; method_source=web-admin-named-request; auth=bearer-or-token-header; entities=queue_info; services=accounting_api_service,agent_api_service,ai_api_service,analytics_api_service,api_service,app_tool_badge_api_service,article_api_service,auth_api_service"
API-N-0283,admin/queues,web-admin-named-request,web-only,/api/admin/queues/update/:id/user,W,merged app+web baselines,normalized|web-only|P1|method=web,"sources=web-only; evidence_combo=W; raw_ids=API-WEB-0153; method=put; method_source=web-admin-named-request; auth=bearer-or-token-header; entities=queue_info,user,user_info; services=accounting_api_service,agent_api_service,ai_api_service,analytics_api_service,api_service,app_tool_badge_api_service,article_api_service,auth_api_service"
API-N-0284,admin/rating-tags,app-only,app-only,/api/admin/rating-tags,S,merged app+web baselines,normalized|app-only|P2|method=unknown,"sources=app-only; evidence_combo=S; raw_ids=API-APP-0178,API-APP-0179; method=∅; method_source=∅; auth=bearer-or-token-header; entities=rating_tag,tag; services=accounting_api_service,agent_api_service,ai_api_service,analytics_api_service,api_service,app_tool_badge_api_service,article_api_service,auth_api_service"
API-N-0285,admin/rating-tags,app-only,app-only,/api/admin/rating-tags/batch-from-templates,S,merged app+web baselines,normalized|app-only|P2|method=unknown,"sources=app-only; evidence_combo=S; raw_ids=API-APP-0180; method=∅; method_source=∅; auth=bearer-or-token-header; entities=batch_config_response,rating_tag,tag; services=accounting_api_service,agent_api_service,ai_api_service,analytics_api_service,api_service,app_tool_badge_api_service,article_api_service,auth_api_service"
API-N-0286,admin/rating-tags,app-only,app-only,/api/admin/rating-tags/custom,S,merged app+web baselines,normalized|app-only|P2|method=unknown,"sources=app-only; evidence_combo=S; raw_ids=API-APP-0181; method=∅; method_source=∅; auth=bearer-or-token-header; entities=rating_tag,tag; services=accounting_api_service,agent_api_service,ai_api_service,analytics_api_service,api_service,app_tool_badge_api_service,article_api_service,auth_api_service"
API-N-0287,admin/rating-tags,app-only,app-only,/api/admin/rating-tags/reorder,S,merged app+web baselines,normalized|app-only|P2|method=unknown,"sources=app-only; evidence_combo=S; raw_ids=API-APP-0182; method=∅; method_source=∅; auth=bearer-or-token-header; entities=rating_tag,tag; services=accounting_api_service,agent_api_service,ai_api_service,analytics_api_service,api_service,app_tool_badge_api_service,article_api_service,auth_api_service"
API-N-0288,admin/receipt,path-heuristic-medium,app-only,/api/admin/receipt/add,I,merged app+web baselines,normalized|app-only|P1|method=inferred,"sources=app-only; evidence_combo=S+I; raw_ids=API-APP-0183; method=post; method_source=path-heuristic-medium; auth=bearer-or-token-header; entities=receipt_template; services=accounting_api_service,agent_api_service,ai_api_service,analytics_api_service,api_service,app_tool_badge_api_service,article_api_service,auth_api_service"
API-N-0289,admin/receipt,path-heuristic-medium,app-only,/api/admin/receipt/delete/,I,merged app+web baselines,normalized|app-only|P1|method=inferred,"sources=app-only; evidence_combo=S+I; raw_ids=API-APP-0184; method=delete; method_source=path-heuristic-medium; auth=bearer-or-token-header; entities=receipt_template; services=accounting_api_service,agent_api_service,ai_api_service,analytics_api_service,api_service,app_tool_badge_api_service,article_api_service,auth_api_service"
API-N-0290,admin/receipt,path-heuristic-medium,app-only,/api/admin/receipt/detail/,I,merged app+web baselines,normalized|app-only|P1|method=inferred,"sources=app-only; evidence_combo=S+I; raw_ids=API-APP-0185; method=get; method_source=path-heuristic-medium; auth=bearer-or-token-header; entities=receipt_template; services=accounting_api_service,agent_api_service,ai_api_service,analytics_api_service,api_service,app_tool_badge_api_service,article_api_service,auth_api_service"
API-N-0291,admin/receipt,app-only,app-only,/api/admin/receipt/edit/,S,merged app+web baselines,normalized|app-only|P1|method=unknown,"sources=app-only; evidence_combo=S; raw_ids=API-APP-0186; method=∅; method_source=∅; auth=bearer-or-token-header; entities=receipt_template; services=accounting_api_service,agent_api_service,ai_api_service,analytics_api_service,api_service,app_tool_badge_api_service,article_api_service,auth_api_service"
API-N-0292,admin/receipt,path-heuristic-medium,app-only,/api/admin/receipt/list,I,merged app+web baselines,normalized|app-only|P1|method=inferred,"sources=app-only; evidence_combo=S+I; raw_ids=API-APP-0187; method=get; method_source=path-heuristic-medium; auth=bearer-or-token-header; entities=receipt_template; services=accounting_api_service,agent_api_service,ai_api_service,analytics_api_service,api_service,app_tool_badge_api_service,article_api_service,auth_api_service"
API-N-0293,admin/recharge,web-admin-named-request,web-only,/api/admin/recharge/rules,W,merged app+web baselines,normalized|web-only|P2|method=web,"sources=web-only; evidence_combo=W; raw_ids=API-WEB-0154; method=post; method_source=web-admin-named-request; auth=bearer-or-token-header; entities=-; services=accounting_api_service,agent_api_service,ai_api_service,analytics_api_service,api_service,app_tool_badge_api_service,article_api_service,auth_api_service"
API-N-0294,admin/recharge,web-admin-named-request,web-only,/api/admin/recharge/rules/:id,W,merged app+web baselines,normalized|web-only|P2|method=web,"sources=web-only; evidence_combo=W; raw_ids=API-WEB-0155; method=delete; method_source=web-admin-named-request; auth=bearer-or-token-header; entities=-; services=accounting_api_service,agent_api_service,ai_api_service,analytics_api_service,api_service,app_tool_badge_api_service,article_api_service,auth_api_service"
API-N-0295,admin/referral,path-heuristic-medium,app-only,/api/admin/referral/bind,I,merged app+web baselines,normalized|app-only|P2|method=inferred,"sources=app-only; evidence_combo=S+I; raw_ids=API-APP-0188; method=put; method_source=path-heuristic-medium; auth=bearer-or-token-header; entities=-; services=accounting_api_service,agent_api_service,ai_api_service,analytics_api_service,api_service,app_tool_badge_api_service,article_api_service,auth_api_service"
API-N-0296,admin/referral,app-only,app-only,/api/admin/referral/code,S,merged app+web baselines,normalized|app-only|P2|method=unknown,"sources=app-only; evidence_combo=S; raw_ids=API-APP-0189; method=∅; method_source=∅; auth=bearer-or-token-header; entities=-; services=accounting_api_service,agent_api_service,ai_api_service,analytics_api_service,api_service,app_tool_badge_api_service,article_api_service,auth_api_service"
API-N-0297,admin/referral,app-only,app-only,/api/admin/referral/records,S,merged app+web baselines,normalized|app-only|P2|method=unknown,"sources=app-only; evidence_combo=S; raw_ids=API-APP-0190; method=∅; method_source=∅; auth=bearer-or-token-header; entities=health_records; services=accounting_api_service,agent_api_service,ai_api_service,analytics_api_service,api_service,app_tool_badge_api_service,article_api_service,auth_api_service"
API-N-0298,admin/register,web-admin-named-request,web-only,/api/admin/register,W,merged app+web baselines,normalized|web-only|P2|method=web,"sources=web-only; evidence_combo=W; raw_ids=API-WEB-0156; method=put; method_source=web-admin-named-request; auth=bearer-or-token-header; entities=-; services=accounting_api_service,agent_api_service,ai_api_service,analytics_api_service,api_service,app_tool_badge_api_service,article_api_service,auth_api_service"
API-N-0299,admin/seo,web-admin-named-request,web-only,/api/admin/seo/preview-token,W,merged app+web baselines,normalized|web-only|P1|method=web,"sources=web-only; evidence_combo=W; raw_ids=API-WEB-0157; method=get; method_source=web-admin-named-request; auth=bearer-or-token-header; entities=-; services=accounting_api_service,agent_api_service,ai_api_service,analytics_api_service,api_service,app_tool_badge_api_service,article_api_service,auth_api_service"
API-N-0300,admin/seo,web-admin-named-request,shared,/api/admin/seo/profile,S,merged app+web baselines,normalized|shared|P1|method=web,"sources=shared; evidence_combo=S+W; raw_ids=API-APP-0191,API-WEB-0158; method=post; method_source=web-admin-named-request; auth=bearer-or-token-header; entities=-; services=accounting_api_service,agent_api_service,ai_api_service,analytics_api_service,api_service,app_tool_badge_api_service,article_api_service,auth_api_service"
API-N-0301,admin/seo,web-admin-named-request,web-only,/api/admin/seo/publish,W,merged app+web baselines,normalized|web-only|P1|method=web,"sources=web-only; evidence_combo=W; raw_ids=API-WEB-0159; method=post; method_source=web-admin-named-request; auth=bearer-or-token-header; entities=-; services=accounting_api_service,agent_api_service,ai_api_service,analytics_api_service,api_service,app_tool_badge_api_service,article_api_service,auth_api_service"
API-N-0302,admin/seo,web-admin-named-request,web-only,/api/admin/seo/translate,W,merged app+web baselines,normalized|web-only|P1|method=web,"sources=web-only; evidence_combo=W; raw_ids=API-WEB-0160; method=post; method_source=web-admin-named-request; auth=bearer-or-token-header; entities=-; services=accounting_api_service,agent_api_service,ai_api_service,analytics_api_service,api_service,app_tool_badge_api_service,article_api_service,auth_api_service"
API-N-0303,admin/shipping,web-admin-named-request,web-only,/api/admin/shipping/templates,W,merged app+web baselines,normalized|web-only|P2|method=web,"sources=web-only; evidence_combo=W; raw_ids=API-WEB-0161; method=post; method_source=web-admin-named-request; auth=bearer-or-token-header; entities=-; services=accounting_api_service,agent_api_service,ai_api_service,analytics_api_service,api_service,app_tool_badge_api_service,article_api_service,auth_api_service"
API-N-0304,admin/shipping,web-admin-named-request,web-only,/api/admin/shipping/templates/:id,W,merged app+web baselines,normalized|web-only|P2|method=web,"sources=web-only; evidence_combo=W; raw_ids=API-WEB-0162; method=delete; method_source=web-admin-named-request; auth=bearer-or-token-header; entities=-; services=accounting_api_service,agent_api_service,ai_api_service,analytics_api_service,api_service,app_tool_badge_api_service,article_api_service,auth_api_service"
API-N-0305,admin/shop,web-admin-named-request,web-only,/api/admin/shop/templates,W,merged app+web baselines,normalized|web-only|P2|method=web,"sources=web-only; evidence_combo=W; raw_ids=API-WEB-0163; method=get; method_source=web-admin-named-request; auth=bearer-or-token-header; entities=shop_page; services=accounting_api_service,agent_api_service,ai_api_service,analytics_api_service,api_service,app_tool_badge_api_service,article_api_service,auth_api_service"
API-N-0306,admin/shops,web-admin-named-request,web-only,/api/admin/shops,W,merged app+web baselines,normalized|web-only|P1|method=web,"sources=web-only; evidence_combo=W; raw_ids=API-WEB-0164; method=get; method_source=web-admin-named-request; auth=bearer-or-token-header; entities=shop_page; services=accounting_api_service,agent_api_service,ai_api_service,analytics_api_service,api_service,app_tool_badge_api_service,article_api_service,auth_api_service"
API-N-0307,admin/shops,web-admin-named-request,shared,/api/admin/shops/add,S,merged app+web baselines,normalized|shared|P1|method=web,"sources=shared; evidence_combo=S+W; raw_ids=API-APP-0192,API-WEB-0165; method=post; method_source=web-admin-named-request; auth=bearer-or-token-header; entities=shop_page; services=accounting_api_service,agent_api_service,ai_api_service,analytics_api_service,api_service,app_tool_badge_api_service,article_api_service,auth_api_service"
API-N-0308,admin/shops,web-admin-named-request,app-only,/api/admin/shops/delete/,S,merged app+web baselines,normalized|app-only|P1|method=web,"sources=app-only; evidence_combo=S; raw_ids=API-APP-0193; method=delete; method_source=web-admin-named-request; auth=bearer-or-token-header; entities=shop_page; services=accounting_api_service,agent_api_service,ai_api_service,analytics_api_service,api_service,app_tool_badge_api_service,article_api_service,auth_api_service"
API-N-0309,admin/shops,web-admin-named-request,web-only,/api/admin/shops/delete/:id,W,merged app+web baselines,normalized|web-only|P1|method=web,"sources=web-only; evidence_combo=W; raw_ids=API-WEB-0166; method=delete; method_source=web-admin-named-request; auth=bearer-or-token-header; entities=shop_page; services=accounting_api_service,agent_api_service,ai_api_service,analytics_api_service,api_service,app_tool_badge_api_service,article_api_service,auth_api_service"
API-N-0310,admin/shops,web-admin-named-request,web-only,/api/admin/shops/detail/:id,W,merged app+web baselines,normalized|web-only|P1|method=web,"sources=web-only; evidence_combo=W; raw_ids=API-WEB-0167; method=get; method_source=web-admin-named-request; auth=bearer-or-token-header; entities=shop_page; services=accounting_api_service,agent_api_service,ai_api_service,analytics_api_service,api_service,app_tool_badge_api_service,article_api_service,auth_api_service"
API-N-0311,admin/shops,web-admin-named-request,web-only,/api/admin/shops/detail/config,W,merged app+web baselines,normalized|web-only|P1|method=web,"sources=web-only; evidence_combo=W; raw_ids=API-WEB-0168; method=put; method_source=web-admin-named-request; auth=bearer-or-token-header; entities=auto_backup_config,batch_config_response,intro_splash_config,shop_page; services=accounting_api_service,agent_api_service,ai_api_service,analytics_api_service,api_service,app_tool_badge_api_service,article_api_service,auth_api_service"
API-N-0312,admin/shops,web-admin-named-request,app-only,/api/admin/shops/update/,S,merged app+web baselines,normalized|app-only|P1|method=web,"sources=app-only; evidence_combo=S; raw_ids=API-APP-0194; method=put; method_source=web-admin-named-request; auth=bearer-or-token-header; entities=shop_page; services=accounting_api_service,agent_api_service,ai_api_service,analytics_api_service,api_service,app_tool_badge_api_service,article_api_service,auth_api_service"
API-N-0313,admin/shops,web-admin-named-request,web-only,/api/admin/shops/update/:id,W,merged app+web baselines,normalized|web-only|P1|method=web,"sources=web-only; evidence_combo=W; raw_ids=API-WEB-0169; method=put; method_source=web-admin-named-request; auth=bearer-or-token-header; entities=shop_page; services=accounting_api_service,agent_api_service,ai_api_service,analytics_api_service,api_service,app_tool_badge_api_service,article_api_service,auth_api_service"
API-N-0314,admin/shops,web-admin-named-request,web-only,/api/admin/shops/update/:id/default,W,merged app+web baselines,normalized|web-only|P1|method=web,"sources=web-only; evidence_combo=W; raw_ids=API-WEB-0170; method=put; method_source=web-admin-named-request; auth=bearer-or-token-header; entities=shop_page; services=accounting_api_service,agent_api_service,ai_api_service,analytics_api_service,api_service,app_tool_badge_api_service,article_api_service,auth_api_service"
API-N-0315,admin/shops,web-admin-named-request,web-only,/api/admin/shops/update/:id/dy-default,W,merged app+web baselines,normalized|web-only|P1|method=web,"sources=web-only; evidence_combo=W; raw_ids=API-WEB-0171; method=put; method_source=web-admin-named-request; auth=bearer-or-token-header; entities=shop_page; services=accounting_api_service,agent_api_service,ai_api_service,analytics_api_service,api_service,app_tool_badge_api_service,article_api_service,auth_api_service"
API-N-0316,admin/shops,web-admin-named-request,web-only,/api/admin/shops/update/:id/xhs-default,W,merged app+web baselines,normalized|web-only|P1|method=web,"sources=web-only; evidence_combo=W; raw_ids=API-WEB-0172; method=put; method_source=web-admin-named-request; auth=bearer-or-token-header; entities=shop_page; services=accounting_api_service,agent_api_service,ai_api_service,analytics_api_service,api_service,app_tool_badge_api_service,article_api_service,auth_api_service"
API-N-0317,admin/shopsr,app-only,app-only,/api/admin/shopsr,S,merged app+web baselines,normalized|app-only|P1|method=unknown,"sources=app-only; evidence_combo=S; raw_ids=API-APP-0195; method=∅; method_source=∅; auth=bearer-or-token-header; entities=-; services=accounting_api_service,agent_api_service,ai_api_service,analytics_api_service,api_service,app_tool_badge_api_service,article_api_service,auth_api_service"
API-N-0318,admin/sms,web-admin-named-request,shared,/api/admin/sms,S,merged app+web baselines,normalized|shared|P0|method=web,"sources=shared; evidence_combo=S+W; raw_ids=API-APP-0196,API-WEB-0173; method=post; method_source=web-admin-named-request; auth=likely-public-or-pre-session; entities=-; services=accounting_api_service,agent_api_service,ai_api_service,analytics_api_service,api_service,app_tool_badge_api_service,article_api_service,auth_api_service"
API-N-0319,admin/stats,app-only,app-only,/api/admin/stats/generate-history,S,merged app+web baselines,normalized|app-only|P2|method=unknown,"sources=app-only; evidence_combo=S; raw_ids=API-APP-0197; method=∅; method_source=∅; auth=bearer-or-token-header; entities=-; services=accounting_api_service,agent_api_service,ai_api_service,analytics_api_service,api_service,app_tool_badge_api_service,article_api_service,auth_api_service"
API-N-0320,admin/stats,app-only,app-only,/api/admin/stats/trend,S,merged app+web baselines,normalized|app-only|P2|method=unknown,"sources=app-only; evidence_combo=S; raw_ids=API-APP-0198; method=∅; method_source=∅; auth=bearer-or-token-header; entities=-; services=accounting_api_service,agent_api_service,ai_api_service,analytics_api_service,api_service,app_tool_badge_api_service,article_api_service,auth_api_service"
API-N-0321,admin/store,app-only,app-only,/api/admin/store/order/,S,merged app+web baselines,normalized|app-only|P2|method=unknown,"sources=app-only; evidence_combo=S; raw_ids=API-APP-0199; method=∅; method_source=∅; auth=bearer-or-token-header; entities=-; services=accounting_api_service,agent_api_service,ai_api_service,analytics_api_service,api_service,app_tool_badge_api_service,article_api_service,auth_api_service"
API-N-0322,admin/store,web-admin-named-request,web-only,/api/admin/store/order/:order_id/status,W,merged app+web baselines,normalized|web-only|P2|method=web,"sources=web-only; evidence_combo=W; raw_ids=API-WEB-0174; method=get; method_source=web-admin-named-request; auth=bearer-or-token-header; entities=daily_health_status; services=accounting_api_service,agent_api_service,ai_api_service,analytics_api_service,api_service,app_tool_badge_api_service,article_api_service,auth_api_service"
API-N-0323,admin/store,web-admin-named-request,web-only,/api/admin/store/order/create,W,merged app+web baselines,normalized|web-only|P2|method=web,"sources=web-only; evidence_combo=W; raw_ids=API-WEB-0175; method=post; method_source=web-admin-named-request; auth=bearer-or-token-header; entities=-; services=accounting_api_service,agent_api_service,ai_api_service,analytics_api_service,api_service,app_tool_badge_api_service,article_api_service,auth_api_service"
API-N-0324,admin/store,web-admin-named-request,web-only,/api/admin/store/packages,W,merged app+web baselines,normalized|web-only|P2|method=web,"sources=web-only; evidence_combo=W; raw_ids=API-WEB-0176; method=get; method_source=web-admin-named-request; auth=bearer-or-token-header; entities=-; services=accounting_api_service,agent_api_service,ai_api_service,analytics_api_service,api_service,app_tool_badge_api_service,article_api_service,auth_api_service"
API-N-0325,admin/store,web-admin-named-request,web-only,/api/admin/store/verify-iap,W,merged app+web baselines,normalized|web-only|P2|method=web,"sources=web-only; evidence_combo=W; raw_ids=API-WEB-0177; method=post; method_source=web-admin-named-request; auth=bearer-or-token-header; entities=-; services=accounting_api_service,agent_api_service,ai_api_service,analytics_api_service,api_service,app_tool_badge_api_service,article_api_service,auth_api_service"
API-N-0326,admin/structure,app-only,app-only,/api/admin/structure/invite-qrcode,S,merged app+web baselines,normalized|app-only|P2|method=unknown,"sources=app-only; evidence_combo=S; raw_ids=API-APP-0200; method=∅; method_source=∅; auth=bearer-or-token-header; entities=-; services=accounting_api_service,agent_api_service,ai_api_service,analytics_api_service,api_service,app_tool_badge_api_service,article_api_service,auth_api_service"
API-N-0327,admin/structure,path-heuristic-medium,app-only,/api/admin/structure/member/delete/,I,merged app+web baselines,normalized|app-only|P2|method=inferred,"sources=app-only; evidence_combo=S+I; raw_ids=API-APP-0201; method=delete; method_source=path-heuristic-medium; auth=bearer-or-token-header; entities=member_info,member_level,membership,membership_info; services=accounting_api_service,agent_api_service,ai_api_service,analytics_api_service,api_service,app_tool_badge_api_service,article_api_service,auth_api_service"
API-N-0328,admin/structure,path-heuristic-medium,app-only,/api/admin/structure/member/update/,I,merged app+web baselines,normalized|app-only|P2|method=inferred,"sources=app-only; evidence_combo=S+I; raw_ids=API-APP-0202; method=put; method_source=path-heuristic-medium; auth=bearer-or-token-header; entities=member_info,member_level,membership,membership_info; services=accounting_api_service,agent_api_service,ai_api_service,analytics_api_service,api_service,app_tool_badge_api_service,article_api_service,auth_api_service"
API-N-0329,admin/structure,app-only,app-only,/api/admin/structure/members,S,merged app+web baselines,normalized|app-only|P2|method=unknown,"sources=app-only; evidence_combo=S; raw_ids=API-APP-0203; method=∅; method_source=∅; auth=bearer-or-token-header; entities=membership,membership_info; services=accounting_api_service,agent_api_service,ai_api_service,analytics_api_service,api_service,app_tool_badge_api_service,article_api_service,auth_api_service"
API-N-0330,admin/structure,app-only,app-only,/api/admin/structure/merchant/switch,S,merged app+web baselines,normalized|app-only|P2|method=unknown,"sources=app-only; evidence_combo=S; raw_ids=API-APP-0204; method=∅; method_source=∅; auth=bearer-or-token-header; entities=merchant_info; services=accounting_api_service,agent_api_service,ai_api_service,analytics_api_service,api_service,app_tool_badge_api_service,article_api_service,auth_api_service"
API-N-0331,admin/structure,app-only,app-only,/api/admin/structure/merchants,S,merged app+web baselines,normalized|app-only|P2|method=unknown,"sources=app-only; evidence_combo=S; raw_ids=API-APP-0205; method=∅; method_source=∅; auth=bearer-or-token-header; entities=-; services=accounting_api_service,agent_api_service,ai_api_service,analytics_api_service,api_service,app_tool_badge_api_service,article_api_service,auth_api_service"
API-N-0332,admin/structure,app-only,app-only,/api/admin/structure/my-profile,S,merged app+web baselines,normalized|app-only|P2|method=unknown,"sources=app-only; evidence_combo=S; raw_ids=API-APP-0206; method=∅; method_source=∅; auth=bearer-or-token-header; entities=-; services=accounting_api_service,agent_api_service,ai_api_service,analytics_api_service,api_service,app_tool_badge_api_service,article_api_service,auth_api_service"
API-N-0333,admin/tabbar,web-admin-named-request,web-only,/api/admin/tabbar,W,merged app+web baselines,normalized|web-only|P1|method=web,"sources=web-only; evidence_combo=W; raw_ids=API-WEB-0178; method=get; method_source=web-admin-named-request; auth=bearer-or-token-header; entities=-; services=accounting_api_service,agent_api_service,ai_api_service,analytics_api_service,api_service,app_tool_badge_api_service,article_api_service,auth_api_service"
API-N-0334,admin/tabbar,web-admin-named-request,web-only,/api/admin/tabbar/add,W,merged app+web baselines,normalized|web-only|P1|method=web,"sources=web-only; evidence_combo=W; raw_ids=API-WEB-0179; method=post; method_source=web-admin-named-request; auth=bearer-or-token-header; entities=-; services=accounting_api_service,agent_api_service,ai_api_service,analytics_api_service,api_service,app_tool_badge_api_service,article_api_service,auth_api_service"
API-N-0335,admin/tabbar,web-admin-named-request,web-only,/api/admin/tabbar/delete/:id,W,merged app+web baselines,normalized|web-only|P1|method=web,"sources=web-only; evidence_combo=W; raw_ids=API-WEB-0180; method=delete; method_source=web-admin-named-request; auth=bearer-or-token-header; entities=-; services=accounting_api_service,agent_api_service,ai_api_service,analytics_api_service,api_service,app_tool_badge_api_service,article_api_service,auth_api_service"
API-N-0336,admin/tabbar,web-admin-named-request,web-only,/api/admin/tabbar/detail/:id,W,merged app+web baselines,normalized|web-only|P1|method=web,"sources=web-only; evidence_combo=W; raw_ids=API-WEB-0181; method=get; method_source=web-admin-named-request; auth=bearer-or-token-header; entities=-; services=accounting_api_service,agent_api_service,ai_api_service,analytics_api_service,api_service,app_tool_badge_api_service,article_api_service,auth_api_service"
API-N-0337,admin/tabbar,web-admin-named-request,web-only,/api/admin/tabbar/list,W,merged app+web baselines,normalized|web-only|P1|method=web,"sources=web-only; evidence_combo=W; raw_ids=API-WEB-0182; method=get; method_source=web-admin-named-request; auth=bearer-or-token-header; entities=-; services=accounting_api_service,agent_api_service,ai_api_service,analytics_api_service,api_service,app_tool_badge_api_service,article_api_service,auth_api_service"
API-N-0338,admin/tabbar,web-admin-named-request,web-only,/api/admin/tabbar/set-active/:id,W,merged app+web baselines,normalized|web-only|P1|method=web,"sources=web-only; evidence_combo=W; raw_ids=API-WEB-0183; method=put; method_source=web-admin-named-request; auth=bearer-or-token-header; entities=-; services=accounting_api_service,agent_api_service,ai_api_service,analytics_api_service,api_service,app_tool_badge_api_service,article_api_service,auth_api_service"
API-N-0339,admin/tabbar,web-admin-named-request,web-only,/api/admin/tabbar/set-hidden/:id,W,merged app+web baselines,normalized|web-only|P1|method=web,"sources=web-only; evidence_combo=W; raw_ids=API-WEB-0184; method=put; method_source=web-admin-named-request; auth=bearer-or-token-header; entities=-; services=accounting_api_service,agent_api_service,ai_api_service,analytics_api_service,api_service,app_tool_badge_api_service,article_api_service,auth_api_service"
API-N-0340,admin/tabbar,web-admin-named-request,web-only,/api/admin/tabbar/update,W,merged app+web baselines,normalized|web-only|P1|method=web,"sources=web-only; evidence_combo=W; raw_ids=API-WEB-0185; method=put; method_source=web-admin-named-request; auth=bearer-or-token-header; entities=-; services=accounting_api_service,agent_api_service,ai_api_service,analytics_api_service,api_service,app_tool_badge_api_service,article_api_service,auth_api_service"
API-N-0341,admin/tabbar,web-admin-named-request,web-only,/api/admin/tabbar/update/:id,W,merged app+web baselines,normalized|web-only|P1|method=web,"sources=web-only; evidence_combo=W; raw_ids=API-WEB-0186; method=put; method_source=web-admin-named-request; auth=bearer-or-token-header; entities=-; services=accounting_api_service,agent_api_service,ai_api_service,analytics_api_service,api_service,app_tool_badge_api_service,article_api_service,auth_api_service"
API-N-0342,admin/template-distributions,app-only,app-only,/api/admin/template-distributions/published,S,merged app+web baselines,normalized|app-only|P2|method=unknown,"sources=app-only; evidence_combo=S; raw_ids=API-APP-0207; method=∅; method_source=∅; auth=bearer-or-token-header; entities=contract_template,receipt_template,template_info; services=accounting_api_service,agent_api_service,ai_api_service,analytics_api_service,api_service,app_tool_badge_api_service,article_api_service,auth_api_service"
API-N-0343,admin/template,path-heuristic-medium,app-only,/api/admin/template/categories,I,merged app+web baselines,normalized|app-only|P2|method=inferred,"sources=app-only; evidence_combo=S+I; raw_ids=API-APP-0208; method=get; method_source=path-heuristic-medium; auth=bearer-or-token-header; entities=cat,contract_template,receipt_template,template_info; services=accounting_api_service,agent_api_service,ai_api_service,analytics_api_service,api_service,app_tool_badge_api_service,article_api_service,auth_api_service"
API-N-0344,admin/templates,app-only,app-only,/api/admin/templates/,S,merged app+web baselines,normalized|app-only|P2|method=unknown,"sources=app-only; evidence_combo=S; raw_ids=API-APP-0209; method=∅; method_source=∅; auth=bearer-or-token-header; entities=-; services=accounting_api_service,agent_api_service,ai_api_service,analytics_api_service,api_service,app_tool_badge_api_service,article_api_service,auth_api_service"
API-N-0345,admin/themes,app-only,app-only,/api/admin/themes,S,merged app+web baselines,normalized|app-only|P2|method=unknown,"sources=app-only; evidence_combo=S; raw_ids=API-APP-0210; method=∅; method_source=∅; auth=bearer-or-token-header; entities=-; services=accounting_api_service,agent_api_service,ai_api_service,analytics_api_service,api_service,app_tool_badge_api_service,article_api_service,auth_api_service"
API-N-0346,admin/tool,web-admin-named-request,shared,/api/admin/tool/prices | /api/admin/tool/prices/,S,merged app+web baselines,normalized|shared|P2|method=web,"sources=shared; evidence_combo=S+W; raw_ids=API-APP-0211,API-APP-0212,API-WEB-0187; method=get; method_source=web-admin-named-request; auth=bearer-or-token-header; entities=tool_item; services=accounting_api_service,agent_api_service,ai_api_service,analytics_api_service,api_service,app_tool_badge_api_service,article_api_service,auth_api_service"
API-N-0347,admin/tool,web-admin-named-request,web-only,/api/admin/tool/prices/:id/reply,W,merged app+web baselines,normalized|web-only|P2|method=web,"sources=web-only; evidence_combo=W; raw_ids=API-WEB-0188; method=put; method_source=web-admin-named-request; auth=bearer-or-token-header; entities=tool_item; services=accounting_api_service,agent_api_service,ai_api_service,analytics_api_service,api_service,app_tool_badge_api_service,article_api_service,auth_api_service"
API-N-0348,admin/tool,web-admin-named-request,shared,/api/admin/tool/watermark,S,merged app+web baselines,normalized|shared|P2|method=web,"sources=shared; evidence_combo=S+W; raw_ids=API-APP-0213,API-WEB-0189; method=put; method_source=web-admin-named-request; auth=bearer-or-token-header; entities=tool_item; services=accounting_api_service,agent_api_service,ai_api_service,analytics_api_service,api_service,app_tool_badge_api_service,article_api_service,auth_api_service"
API-N-0349,admin/tools,web-admin-named-request,shared,/api/admin/tools | /api/admin/tools/,S,merged app+web baselines,normalized|shared|P2|method=web,"sources=shared; evidence_combo=S+W; raw_ids=API-APP-0214,API-WEB-0190; method=get; method_source=web-admin-named-request; auth=bearer-or-token-header; entities=-; services=accounting_api_service,agent_api_service,ai_api_service,analytics_api_service,api_service,app_tool_badge_api_service,article_api_service,auth_api_service"
API-N-0350,admin/tools,web-admin-named-request,web-only,/api/admin/tools/:id/switch,W,merged app+web baselines,normalized|web-only|P2|method=web,"sources=web-only; evidence_combo=W; raw_ids=API-WEB-0191; method=put; method_source=web-admin-named-request; auth=bearer-or-token-header; entities=-; services=accounting_api_service,agent_api_service,ai_api_service,analytics_api_service,api_service,app_tool_badge_api_service,article_api_service,auth_api_service"
API-N-0351,admin/toolsr,app-only,app-only,/api/admin/toolsr,S,merged app+web baselines,normalized|app-only|P2|method=unknown,"sources=app-only; evidence_combo=S; raw_ids=API-APP-0215; method=∅; method_source=∅; auth=bearer-or-token-header; entities=-; services=accounting_api_service,agent_api_service,ai_api_service,analytics_api_service,api_service,app_tool_badge_api_service,article_api_service,auth_api_service"
API-N-0352,admin/trade,web-admin-named-request,web-only,/api/admin/trade/createorder,W,merged app+web baselines,normalized|web-only|P2|method=web,"sources=web-only; evidence_combo=W; raw_ids=API-WEB-0192; method=post; method_source=web-admin-named-request; auth=bearer-or-token-header; entities=-; services=accounting_api_service,agent_api_service,ai_api_service,analytics_api_service,api_service,app_tool_badge_api_service,article_api_service,auth_api_service"
API-N-0353,admin/trade,web-admin-named-request,web-only,/api/admin/trade/createorder-v2,W,merged app+web baselines,normalized|web-only|P2|method=web,"sources=web-only; evidence_combo=W; raw_ids=API-WEB-0193; method=post; method_source=web-admin-named-request; auth=bearer-or-token-header; entities=app_version,cat_variety,event_record,event_reminder,member_level,version_info; services=accounting_api_service,agent_api_service,ai_api_service,analytics_api_service,api_service,app_tool_badge_api_service,article_api_service,auth_api_service"
API-N-0354,admin/trade,web-admin-named-request,web-only,/api/admin/trade/exchange,W,merged app+web baselines,normalized|web-only|P2|method=web,"sources=web-only; evidence_combo=W; raw_ids=API-WEB-0194; method=post; method_source=web-admin-named-request; auth=bearer-or-token-header; entities=-; services=accounting_api_service,agent_api_service,ai_api_service,analytics_api_service,api_service,app_tool_badge_api_service,article_api_service,auth_api_service"
API-N-0355,admin/trade,app-only,app-only,/api/admin/trade/order/,S,merged app+web baselines,normalized|app-only|P2|method=unknown,"sources=app-only; evidence_combo=S; raw_ids=API-APP-0216; method=∅; method_source=∅; auth=bearer-or-token-header; entities=-; services=accounting_api_service,agent_api_service,ai_api_service,analytics_api_service,api_service,app_tool_badge_api_service,article_api_service,auth_api_service"
API-N-0356,admin/trade,web-admin-named-request,web-only,/api/admin/trade/order/{orderId}/status,W,merged app+web baselines,normalized|web-only|P2|method=web,"sources=web-only; evidence_combo=W; raw_ids=API-WEB-0195; method=get; method_source=web-admin-named-request; auth=bearer-or-token-header; entities=daily_health_status; services=accounting_api_service,agent_api_service,ai_api_service,analytics_api_service,api_service,app_tool_badge_api_service,article_api_service,auth_api_service"
API-N-0357,admin/trade,web-admin-named-request,web-only,/api/admin/trade/orders,W,merged app+web baselines,normalized|web-only|P2|method=web,"sources=web-only; evidence_combo=W; raw_ids=API-WEB-0196; method=get; method_source=web-admin-named-request; auth=bearer-or-token-header; entities=-; services=accounting_api_service,agent_api_service,ai_api_service,analytics_api_service,api_service,app_tool_badge_api_service,article_api_service,auth_api_service"
API-N-0358,admin/trade,web-admin-named-request,web-only,/api/admin/trade/orders/:order_no,W,merged app+web baselines,normalized|web-only|P2|method=web,"sources=web-only; evidence_combo=W; raw_ids=API-WEB-0197; method=get; method_source=web-admin-named-request; auth=bearer-or-token-header; entities=-; services=accounting_api_service,agent_api_service,ai_api_service,analytics_api_service,api_service,app_tool_badge_api_service,article_api_service,auth_api_service"
API-N-0359,admin/trade,web-admin-named-request,web-only,/api/admin/trade/orders/:order_no/invoice,W,merged app+web baselines,normalized|web-only|P2|method=web,"sources=web-only; evidence_combo=W; raw_ids=API-WEB-0198; method=post; method_source=web-admin-named-request; auth=bearer-or-token-header; entities=-; services=accounting_api_service,agent_api_service,ai_api_service,analytics_api_service,api_service,app_tool_badge_api_service,article_api_service,auth_api_service"
API-N-0360,admin/trade,web-admin-named-request,web-only,/api/admin/trade/products-inference,W,merged app+web baselines,normalized|web-only|P2|method=web,"sources=web-only; evidence_combo=W; raw_ids=API-WEB-0199; method=get; method_source=web-admin-named-request; auth=bearer-or-token-header; entities=-; services=accounting_api_service,agent_api_service,ai_api_service,analytics_api_service,api_service,app_tool_badge_api_service,article_api_service,auth_api_service"
API-N-0361,admin/trade,web-admin-named-request,web-only,/api/admin/trade/products-inference-v2,W,merged app+web baselines,normalized|web-only|P2|method=web,"sources=web-only; evidence_combo=W; raw_ids=API-WEB-0200; method=get; method_source=web-admin-named-request; auth=bearer-or-token-header; entities=app_version,cat_variety,event_record,event_reminder,member_level,version_info; services=accounting_api_service,agent_api_service,ai_api_service,analytics_api_service,api_service,app_tool_badge_api_service,article_api_service,auth_api_service"
API-N-0362,admin/trade,web-admin-named-request,web-only,/api/admin/trade/showcase_list,W,merged app+web baselines,normalized|web-only|P2|method=web,"sources=web-only; evidence_combo=W; raw_ids=API-WEB-0201; method=get; method_source=web-admin-named-request; auth=bearer-or-token-header; entities=-; services=accounting_api_service,agent_api_service,ai_api_service,analytics_api_service,api_service,app_tool_badge_api_service,article_api_service,auth_api_service"
API-N-0363,admin/trade,web-admin-named-request,web-only,/api/admin/trade/upgrade-quote,W,merged app+web baselines,normalized|web-only|P2|method=web,"sources=web-only; evidence_combo=W; raw_ids=API-WEB-0202; method=post; method_source=web-admin-named-request; auth=bearer-or-token-header; entities=-; services=accounting_api_service,agent_api_service,ai_api_service,analytics_api_service,api_service,app_tool_badge_api_service,article_api_service,auth_api_service"
API-N-0364,admin/update,path-heuristic-medium,app-only,/api/admin/update/password,I,merged app+web baselines,normalized|app-only|P2|method=inferred,"sources=app-only; evidence_combo=S+I; raw_ids=API-APP-0217; method=put; method_source=path-heuristic-medium; auth=bearer-or-token-header; entities=-; services=accounting_api_service,agent_api_service,ai_api_service,analytics_api_service,api_service,app_tool_badge_api_service,article_api_service,auth_api_service"
API-N-0365,admin/user,web-admin-named-request,shared,/api/admin/user,S,merged app+web baselines,normalized|shared|P2|method=web,"sources=shared; evidence_combo=S+W; raw_ids=API-APP-0218,API-WEB-0203; method=get; method_source=web-admin-named-request; auth=bearer-or-token-header; entities=user,user_info; services=accounting_api_service,agent_api_service,ai_api_service,analytics_api_service,api_service,app_tool_badge_api_service,article_api_service,auth_api_service"
API-N-0366,admin/user-tasks,app-only,app-only,/api/admin/user-tasks/,S,merged app+web baselines,normalized|app-only|P2|method=unknown,"sources=app-only; evidence_combo=S; raw_ids=API-APP-0219; method=∅; method_source=∅; auth=bearer-or-token-header; entities=user,user_info; services=accounting_api_service,agent_api_service,ai_api_service,analytics_api_service,api_service,app_tool_badge_api_service,article_api_service,auth_api_service"
API-N-0367,admin/user-tasks,app-only,app-only,/api/admin/user-tasks/my,S,merged app+web baselines,normalized|app-only|P2|method=unknown,"sources=app-only; evidence_combo=S; raw_ids=API-APP-0220; method=∅; method_source=∅; auth=bearer-or-token-header; entities=user,user_info; services=accounting_api_service,agent_api_service,ai_api_service,analytics_api_service,api_service,app_tool_badge_api_service,article_api_service,auth_api_service"
API-N-0368,admin/users,web-admin-named-request,shared,/api/admin/users | /api/admin/users/,S,merged app+web baselines,normalized|shared|P2|method=web,"sources=shared; evidence_combo=S+W; raw_ids=API-APP-0221,API-WEB-0204; method=get; method_source=web-admin-named-request; auth=bearer-or-token-header; entities=user; services=accounting_api_service,agent_api_service,ai_api_service,analytics_api_service,api_service,app_tool_badge_api_service,article_api_service,auth_api_service"
API-N-0369,admin/users,web-admin-named-request,web-only,/api/admin/users/:userId/phone,W,merged app+web baselines,normalized|web-only|P2|method=web,"sources=web-only; evidence_combo=W; raw_ids=API-WEB-0205; method=get; method_source=web-admin-named-request; auth=bearer-or-token-header; entities=user; services=accounting_api_service,agent_api_service,ai_api_service,analytics_api_service,api_service,app_tool_badge_api_service,article_api_service,auth_api_service"
API-N-0370,admin/users,web-admin-named-request,shared,/api/admin/users/bind/cat,S,merged app+web baselines,normalized|shared|P2|method=web,"sources=shared; evidence_combo=S+W; raw_ids=API-APP-0222,API-WEB-0206; method=post; method_source=web-admin-named-request; auth=bearer-or-token-header; entities=cat,cat_sort_item,cat_tag,cat_variety,cat_weight,cat_with_weight,user; services=accounting_api_service,agent_api_service,ai_api_service,analytics_api_service,api_service,app_tool_badge_api_service,article_api_service,auth_api_service"
API-N-0371,admin/users,web-admin-named-request,shared,/api/admin/users/unbind/cat,S,merged app+web baselines,normalized|shared|P2|method=web,"sources=shared; evidence_combo=S+W; raw_ids=API-APP-0223,API-WEB-0207; method=delete; method_source=web-admin-named-request; auth=bearer-or-token-header; entities=cat,cat_sort_item,cat_tag,cat_variety,cat_weight,cat_with_weight,user; services=accounting_api_service,agent_api_service,ai_api_service,analytics_api_service,api_service,app_tool_badge_api_service,article_api_service,auth_api_service"
API-N-0372,admin/usersr,app-only,app-only,/api/admin/usersr,S,merged app+web baselines,normalized|app-only|P2|method=unknown,"sources=app-only; evidence_combo=S; raw_ids=API-APP-0224; method=∅; method_source=∅; auth=bearer-or-token-header; entities=user; services=accounting_api_service,agent_api_service,ai_api_service,analytics_api_service,api_service,app_tool_badge_api_service,article_api_service,auth_api_service"
API-N-0373,admin/visual,web-admin-named-request,web-only,/api/admin/visual/cats,W,merged app+web baselines,normalized|web-only|P2|method=web,"sources=web-only; evidence_combo=W; raw_ids=API-WEB-0208; method=get; method_source=web-admin-named-request; auth=bearer-or-token-header; entities=cat,cat_sort_item,cat_tag,cat_variety,cat_weight,cat_with_weight; services=accounting_api_service,agent_api_service,ai_api_service,analytics_api_service,api_service,app_tool_badge_api_service,article_api_service,auth_api_service"
API-N-0374,admin/visual,web-admin-named-request,web-only,/api/admin/visual/cats/add,W,merged app+web baselines,normalized|web-only|P2|method=web,"sources=web-only; evidence_combo=W; raw_ids=API-WEB-0209; method=post; method_source=web-admin-named-request; auth=bearer-or-token-header; entities=cat,cat_sort_item,cat_tag,cat_variety,cat_weight,cat_with_weight; services=accounting_api_service,agent_api_service,ai_api_service,analytics_api_service,api_service,app_tool_badge_api_service,article_api_service,auth_api_service"
API-N-0375,admin/visual,web-admin-named-request,web-only,/api/admin/visual/cats/delete/:id,W,merged app+web baselines,normalized|web-only|P2|method=web,"sources=web-only; evidence_combo=W; raw_ids=API-WEB-0210; method=delete; method_source=web-admin-named-request; auth=bearer-or-token-header; entities=cat,cat_sort_item,cat_tag,cat_variety,cat_weight,cat_with_weight; services=accounting_api_service,agent_api_service,ai_api_service,analytics_api_service,api_service,app_tool_badge_api_service,article_api_service,auth_api_service"
API-N-0376,admin/visual,web-admin-named-request,web-only,/api/admin/visual/cats/detail/:id,W,merged app+web baselines,normalized|web-only|P2|method=web,"sources=web-only; evidence_combo=W; raw_ids=API-WEB-0211; method=get; method_source=web-admin-named-request; auth=bearer-or-token-header; entities=cat,cat_sort_item,cat_tag,cat_variety,cat_weight,cat_with_weight; services=accounting_api_service,agent_api_service,ai_api_service,analytics_api_service,api_service,app_tool_badge_api_service,article_api_service,auth_api_service"
API-N-0377,admin/visual,web-admin-named-request,web-only,/api/admin/visual/cats/update/:id,W,merged app+web baselines,normalized|web-only|P2|method=web,"sources=web-only; evidence_combo=W; raw_ids=API-WEB-0212; method=put; method_source=web-admin-named-request; auth=bearer-or-token-header; entities=cat,cat_sort_item,cat_tag,cat_variety,cat_weight,cat_with_weight; services=accounting_api_service,agent_api_service,ai_api_service,analytics_api_service,api_service,app_tool_badge_api_service,article_api_service,auth_api_service"
API-N-0378,admin/wallet,web-admin-named-request,shared,/api/admin/wallet/adjust | /api/admin/wallet/adjust/,S,merged app+web baselines,normalized|shared|P2|method=web,"sources=shared; evidence_combo=S+W; raw_ids=API-APP-0225,API-APP-0226,API-WEB-0213; method=put; method_source=web-admin-named-request; auth=bearer-or-token-header; entities=-; services=accounting_api_service,agent_api_service,ai_api_service,analytics_api_service,api_service,app_tool_badge_api_service,article_api_service,auth_api_service"
API-N-0379,admin/wallet,web-admin-named-request,web-only,/api/admin/wallet/user,W,merged app+web baselines,normalized|web-only|P2|method=web,"sources=web-only; evidence_combo=W; raw_ids=API-WEB-0214; method=get; method_source=web-admin-named-request; auth=bearer-or-token-header; entities=user,user_info; services=accounting_api_service,agent_api_service,ai_api_service,analytics_api_service,api_service,app_tool_badge_api_service,article_api_service,auth_api_service"
API-N-0380,admin/wallet,web-admin-named-request,web-only,/api/admin/wallet/user/:user_id,W,merged app+web baselines,normalized|web-only|P2|method=web,"sources=web-only; evidence_combo=W; raw_ids=API-WEB-0215; method=get; method_source=web-admin-named-request; auth=bearer-or-token-header; entities=user,user_info; services=accounting_api_service,agent_api_service,ai_api_service,analytics_api_service,api_service,app_tool_badge_api_service,article_api_service,auth_api_service"
API-N-0381,admin/weight-alert,app-only,app-only,/api/admin/weight-alert/settingsr,S,merged app+web baselines,normalized|app-only|P2|method=unknown,"sources=app-only; evidence_combo=S; raw_ids=API-APP-0227; method=∅; method_source=∅; auth=bearer-or-token-header; entities=cat_weight,cat_with_weight; services=accounting_api_service,agent_api_service,ai_api_service,analytics_api_service,api_service,app_tool_badge_api_service,article_api_service,auth_api_service"
API-N-0382,admin/weixin,web-admin-named-request,shared,/api/admin/weixin/mini,S,merged app+web baselines,normalized|shared|P0|method=web,"sources=shared; evidence_combo=S+W; raw_ids=API-APP-0228,API-WEB-0216; method=get; method_source=web-admin-named-request; auth=bearer-or-token-header; entities=mini_program_info; services=accounting_api_service,agent_api_service,ai_api_service,analytics_api_service,api_service,app_tool_badge_api_service,article_api_service,auth_api_service"
API-N-0383,admin/weixin,web-admin-named-request,shared,/api/admin/weixin/mini/audit,S,merged app+web baselines,normalized|shared|P0|method=web,"sources=shared; evidence_combo=S+W; raw_ids=API-APP-0229,API-WEB-0217; method=get; method_source=web-admin-named-request; auth=bearer-or-token-header; entities=audit_info,mini_program_info; services=accounting_api_service,agent_api_service,ai_api_service,analytics_api_service,api_service,app_tool_badge_api_service,article_api_service,auth_api_service"
API-N-0384,admin/weixin,web-admin-named-request,web-only,/api/admin/weixin/mini/auth,W,merged app+web baselines,normalized|web-only|P0|method=web,"sources=web-only; evidence_combo=W; raw_ids=API-WEB-0218; method=post; method_source=web-admin-named-request; auth=bearer-or-token-header; entities=mini_program_info; services=accounting_api_service,agent_api_service,ai_api_service,analytics_api_service,api_service,app_tool_badge_api_service,article_api_service,auth_api_service"
API-N-0385,admin/weixin,web-admin-named-request,shared,/api/admin/weixin/mini/categories,S,merged app+web baselines,normalized|shared|P0|method=web,"sources=shared; evidence_combo=S+W; raw_ids=API-APP-0230,API-WEB-0219; method=get; method_source=web-admin-named-request; auth=bearer-or-token-header; entities=cat,mini_program_info; services=accounting_api_service,agent_api_service,ai_api_service,analytics_api_service,api_service,app_tool_badge_api_service,article_api_service,auth_api_service"
API-N-0386,admin/weixin,web-admin-named-request,shared,/api/admin/weixin/mini/pages,S,merged app+web baselines,normalized|shared|P0|method=web,"sources=shared; evidence_combo=S+W; raw_ids=API-APP-0231,API-WEB-0220; method=get; method_source=web-admin-named-request; auth=bearer-or-token-header; entities=mini_program_info; services=accounting_api_service,agent_api_service,ai_api_service,analytics_api_service,api_service,app_tool_badge_api_service,article_api_service,auth_api_service"
API-N-0387,admin/weixin,web-admin-named-request,shared,/api/admin/weixin/mini/publish,S,merged app+web baselines,normalized|shared|P0|method=web,"sources=shared; evidence_combo=S+W; raw_ids=API-APP-0232,API-WEB-0221; method=post; method_source=web-admin-named-request; auth=bearer-or-token-header; entities=mini_program_info; services=accounting_api_service,agent_api_service,ai_api_service,analytics_api_service,api_service,app_tool_badge_api_service,article_api_service,auth_api_service"
API-N-0388,admin/weixin,app-only,app-only,/api/admin/weixin/mini/qrcode/generate,S,merged app+web baselines,normalized|app-only|P0|method=unknown,"sources=app-only; evidence_combo=S; raw_ids=API-APP-0233; method=∅; method_source=∅; auth=bearer-or-token-header; entities=mini_program_info; services=accounting_api_service,agent_api_service,ai_api_service,analytics_api_service,api_service,app_tool_badge_api_service,article_api_service,auth_api_service"
API-N-0389,admin/weixin,web-admin-named-request,web-only,/api/admin/weixin/mini/register,W,merged app+web baselines,normalized|web-only|P0|method=web,"sources=web-only; evidence_combo=W; raw_ids=API-WEB-0222; method=get; method_source=web-admin-named-request; auth=bearer-or-token-header; entities=mini_program_info; services=accounting_api_service,agent_api_service,ai_api_service,analytics_api_service,api_service,app_tool_badge_api_service,article_api_service,auth_api_service"
API-N-0390,admin/weixin,web-admin-named-request,shared,/api/admin/weixin/mini/template,S,merged app+web baselines,normalized|shared|P0|method=web,"sources=shared; evidence_combo=S+W; raw_ids=API-APP-0234,API-WEB-0223; method=get; method_source=web-admin-named-request; auth=bearer-or-token-header; entities=contract_template,mini_program_info,receipt_template,template_info; services=accounting_api_service,agent_api_service,ai_api_service,analytics_api_service,api_service,app_tool_badge_api_service,article_api_service,auth_api_service"
API-N-0391,admin/weixin,web-admin-named-request,web-only,/api/admin/weixin/mini/tester,W,merged app+web baselines,normalized|web-only|P0|method=web,"sources=web-only; evidence_combo=W; raw_ids=API-WEB-0224; method=get; method_source=web-admin-named-request; auth=bearer-or-token-header; entities=mini_program_info; services=accounting_api_service,agent_api_service,ai_api_service,analytics_api_service,api_service,app_tool_badge_api_service,article_api_service,auth_api_service"
API-N-0392,admin/weixin,web-admin-named-request,shared,/api/admin/weixin/mini/upload,S,merged app+web baselines,normalized|shared|P0|method=web,"sources=shared; evidence_combo=S+W; raw_ids=API-APP-0235,API-WEB-0225; method=post; method_source=web-admin-named-request; auth=bearer-or-token-header; entities=mini_program_info,uploaded_image; services=accounting_api_service,agent_api_service,ai_api_service,analytics_api_service,api_service,app_tool_badge_api_service,article_api_service,auth_api_service"
API-N-0393,admin/weixin,web-admin-named-request,shared,/api/admin/weixin/mini/version,S,merged app+web baselines,normalized|shared|P0|method=web,"sources=shared; evidence_combo=S+W; raw_ids=API-APP-0236,API-WEB-0226; method=get; method_source=web-admin-named-request; auth=bearer-or-token-header; entities=app_version,mini_program_info,version_info; services=accounting_api_service,agent_api_service,ai_api_service,analytics_api_service,api_service,app_tool_badge_api_service,article_api_service,auth_api_service"
API-N-0394,admin/weixin,web-admin-named-request,web-only,/api/admin/weixin/service/code,W,merged app+web baselines,normalized|web-only|P2|method=web,"sources=web-only; evidence_combo=W; raw_ids=API-WEB-0227; method=post; method_source=web-admin-named-request; auth=bearer-or-token-header; entities=-; services=accounting_api_service,agent_api_service,ai_api_service,analytics_api_service,api_service,app_tool_badge_api_service,article_api_service,auth_api_service"
API-N-0395,admin/wishes,app-only,app-only,/api/admin/wishes,S,merged app+web baselines,normalized|app-only|P2|method=unknown,"sources=app-only; evidence_combo=S; raw_ids=API-APP-0237,API-APP-0238; method=∅; method_source=∅; auth=bearer-or-token-header; entities=-; services=accounting_api_service,agent_api_service,ai_api_service,analytics_api_service,api_service,app_tool_badge_api_service,article_api_service,auth_api_service"
API-N-0396,admin/wishes,path-heuristic-medium,app-only,/api/admin/wishes/add,I,merged app+web baselines,normalized|app-only|P2|method=inferred,"sources=app-only; evidence_combo=S+I; raw_ids=API-APP-0239; method=post; method_source=path-heuristic-medium; auth=bearer-or-token-header; entities=-; services=accounting_api_service,agent_api_service,ai_api_service,analytics_api_service,api_service,app_tool_badge_api_service,article_api_service,auth_api_service"
API-N-0397,admin/wishes,path-heuristic-medium,app-only,/api/admin/wishes/delete/,I,merged app+web baselines,normalized|app-only|P2|method=inferred,"sources=app-only; evidence_combo=S+I; raw_ids=API-APP-0240; method=delete; method_source=path-heuristic-medium; auth=bearer-or-token-header; entities=-; services=accounting_api_service,agent_api_service,ai_api_service,analytics_api_service,api_service,app_tool_badge_api_service,article_api_service,auth_api_service"
API-N-0398,admin/wishes,app-only,app-only,/api/admin/wishes/edit/,S,merged app+web baselines,normalized|app-only|P2|method=unknown,"sources=app-only; evidence_combo=S; raw_ids=API-APP-0241; method=∅; method_source=∅; auth=bearer-or-token-header; entities=-; services=accounting_api_service,agent_api_service,ai_api_service,analytics_api_service,api_service,app_tool_badge_api_service,article_api_service,auth_api_service"
API-N-0399,admin/work,app-only,app-only,/api/admin/work/cat/statis,S,merged app+web baselines,normalized|app-only|P2|method=unknown,"sources=app-only; evidence_combo=S; raw_ids=API-APP-0242; method=∅; method_source=∅; auth=bearer-or-token-header; entities=cat,cat_sort_item,cat_tag,cat_variety,cat_weight,cat_with_weight; services=accounting_api_service,agent_api_service,ai_api_service,analytics_api_service,api_service,app_tool_badge_api_service,article_api_service,auth_api_service"
API-N-0400,admin/work,web-admin-named-request,shared,/api/admin/work/statis,S,merged app+web baselines,normalized|shared|P2|method=web,"sources=shared; evidence_combo=S+W; raw_ids=API-APP-0243,API-WEB-0228; method=get; method_source=web-admin-named-request; auth=bearer-or-token-header; entities=-; services=accounting_api_service,agent_api_service,ai_api_service,analytics_api_service,api_service,app_tool_badge_api_service,article_api_service,auth_api_service"
API-N-0401,agent/session,app-only,app-only,/api/agent/session/,S,merged app+web baselines,normalized|app-only|P2|method=unknown,"sources=app-only; evidence_combo=S; raw_ids=API-APP-0244; method=∅; method_source=∅; auth=bearer-or-token-header; entities=agent_message; services=accounting_api_service,agent_api_service,ai_api_service,analytics_api_service,api_service,app_tool_badge_api_service,article_api_service,auth_api_service"
API-N-0402,editor/fonts,web-editor-axios,web-only,/api/editor/fonts,W,merged app+web baselines,normalized|web-only|P0|method=web,"sources=web-only; evidence_combo=W; raw_ids=API-WEB-0229; method=get; method_source=web-editor-axios; auth=bearer-or-token-header; entities=-; services=accounting_api_service,agent_api_service,ai_api_service,analytics_api_service,api_service,app_tool_badge_api_service,article_api_service,auth_api_service"
API-N-0403,editor/fonts,web-editor-axios,web-only,/api/editor/fonts/categories/list,W,merged app+web baselines,normalized|web-only|P0|method=web,"sources=web-only; evidence_combo=W; raw_ids=API-WEB-0230; method=get; method_source=web-editor-axios; auth=bearer-or-token-header; entities=cat; services=accounting_api_service,agent_api_service,ai_api_service,analytics_api_service,api_service,app_tool_badge_api_service,article_api_service,auth_api_service"
API-N-0404,filems/before-after,app-only,app-only,/api/filems/before-after,S,merged app+web baselines,normalized|app-only|P2|method=unknown,"sources=app-only; evidence_combo=S; raw_ids=API-APP-0245,API-APP-0246; method=∅; method_source=∅; auth=bearer-or-token-header; entities=before_after_recipe; services=accounting_api_service,agent_api_service,ai_api_service,analytics_api_service,api_service,app_tool_badge_api_service,article_api_service,auth_api_service"
API-N-0405,filems/sts,web-admin-named-request,shared,/api/filems/sts,S,merged app+web baselines,normalized|shared|P2|method=web,"sources=shared; evidence_combo=S+W; raw_ids=API-APP-0247,API-WEB-0231; method=get; method_source=web-admin-named-request; auth=bearer-or-token-header; entities=-; services=accounting_api_service,agent_api_service,ai_api_service,analytics_api_service,api_service,app_tool_badge_api_service,article_api_service,auth_api_service"
API-N-0406,api/rating-tag-templates,app-only,app-only,/api/rating-tag-templates,S,merged app+web baselines,normalized|app-only|P2|method=unknown,"sources=app-only; evidence_combo=S; raw_ids=API-APP-0248; method=∅; method_source=∅; auth=bearer-or-token-header; entities=cat_tag,rating_tag,tag; services=accounting_api_service,agent_api_service,ai_api_service,analytics_api_service,api_service,app_tool_badge_api_service,article_api_service,auth_api_service"
API-N-0407,api/record,path-heuristic-medium,app-only,/api/record/,I,merged app+web baselines,normalized|app-only|P2|method=inferred,"sources=app-only; evidence_combo=S+I; raw_ids=API-APP-0249; method=post; method_source=path-heuristic-medium; auth=bearer-or-token-header; entities=event_record,health_records,record_comment; services=accounting_api_service,agent_api_service,ai_api_service,analytics_api_service,api_service,app_tool_badge_api_service,article_api_service,auth_api_service"
API-N-0408,record/comment,app-only,app-only,/api/record/comment/,S,merged app+web baselines,normalized|app-only|P2|method=unknown,"sources=app-only; evidence_combo=S; raw_ids=API-APP-0250; method=∅; method_source=∅; auth=bearer-or-token-header; entities=event_record,health_records,record_comment; services=accounting_api_service,agent_api_service,ai_api_service,analytics_api_service,api_service,app_tool_badge_api_service,article_api_service,auth_api_service"
